source,destination,distance,time_0,time_1,time_2,time_3,time_4,time_5,time_6,time_7,time_8,time_9,time_10,time_11,time_12,time_13,time_14,time_15,time_16,time_17,time_18,time_19,time_20,time_21,time_22,time_23
N_0_0,N_1_0,3.1518960638811393,3.21,3.21,3.21,3.21,3.21,3.21,4.92,4.92,5.67,5.67,3.78,3.78,3.78,3.78,3.78,3.78,5.3,6.05,6.05,5.3,3.4,3.4,3.4,3.4
N_0_0,N_1_1,2.4532153133763552,4.02,4.02,4.02,4.02,4.02,4.02,6.67,6.67,7.85,7.85,4.91,4.91,4.91,4.91,4.91,4.91,7.26,8.44,8.44,7.26,4.32,4.32,4.32,4.32
N_0_1,N_0_3,13.279666885146023,7.37,7.37,7.37,7.37,7.37,7.37,9.16,9.16,9.96,9.96,7.97,7.97,7.97,7.97,7.97,7.97,9.56,10.36,10.36,9.56,7.57,7.57,7.57,7.57
N_0_1,N_0_0,6.800911736059037,6.94,6.94,6.94,6.94,6.94,6.94,10.61,10.61,12.24,12.24,8.16,8.16,8.16,8.16,8.16,8.16,11.43,13.06,13.06,11.43,7.34,7.34,7.34,7.34
N_0_1,N_1_1,13.024149808605436,7.23,7.23,7.23,7.23,7.23,7.23,8.99,8.99,9.77,9.77,7.81,7.81,7.81,7.81,7.81,7.81,9.38,10.16,10.16,9.38,7.42,7.42,7.42,7.42
N_0_2,N_0_4,1.1546997189210562,1.89,1.89,1.89,1.89,1.89,1.89,3.14,3.14,3.7,3.7,2.31,2.31,2.31,2.31,2.31,2.31,3.42,3.97,3.97,3.42,2.03,2.03,2.03,2.03
N_0_2,N_0_3,9.244813348968933,5.13,5.13,5.13,5.13,5.13,5.13,6.38,6.38,6.93,6.93,5.55,5.55,5.55,5.55,5.55,5.55,6.66,7.21,7.21,6.66,5.27,5.27,5.27,5.27
N_0_2,N_0_0,6.85999220761947,7.0,7.0,7.0,7.0,7.0,7.0,10.7,10.7,12.35,12.35,8.23,8.23,8.23,8.23,8.23,8.23,11.52,13.17,13.17,11.52,7.41,7.41,7.41,7.41
N_0_2,N_1_3,0.9438704303711647,1.55,1.55,1.55,1.55,1.55,1.55,2.57,2.57,3.02,3.02,1.89,1.89,1.89,1.89,1.89,1.89,2.79,3.25,3.25,2.79,1.66,1.66,1.66,1.66
N_0_3,N_0_1,13.279666885146023,7.37,7.37,7.37,7.37,7.37,7.37,9.16,9.16,9.96,9.96,7.97,7.97,7.97,7.97,7.97,7.97,9.56,10.36,10.36,9.56,7.57,7.57,7.57,7.57
N_0_3,N_1_2,8.166205799733751,4.53,4.53,4.53,4.53,4.53,4.53,5.63,5.63,6.12,6.12,4.9,4.9,4.9,4.9,4.9,4.9,5.88,6.37,6.37,5.88,4.65,4.65,4.65,4.65
N_0_4,N_0_2,1.1546997189210562,1.89,1.89,1.89,1.89,1.89,1.89,3.14,3.14,3.7,3.7,2.31,2.31,2.31,2.31,2.31,2.31,3.42,3.97,3.97,3.42,2.03,2.03,2.03,2.03
N_0_4,N_0_5,3.618439204966945,3.69,3.69,3.69,3.69,3.69,3.69,5.64,5.64,6.51,6.51,4.34,4.34,4.34,4.34,4.34,4.34,6.08,6.95,6.95,6.08,3.91,3.91,3.91,3.91
N_0_4,N_1_5,3.498068438954375,3.57,3.57,3.57,3.57,3.57,3.57,5.46,5.46,6.3,6.3,4.2,4.2,4.2,4.2,4.2,4.2,5.88,6.72,6.72,5.88,3.78,3.78,3.78,3.78
N_0_5,N_0_4,3.618439204966945,3.69,3.69,3.69,3.69,3.69,3.69,5.64,5.64,6.51,6.51,4.34,4.34,4.34,4.34,4.34,4.34,6.08,6.95,6.95,6.08,3.91,3.91,3.91,3.91
N_0_5,N_1_4,10.188272780388367,5.65,5.65,5.65,5.65,5.65,5.65,7.03,7.03,7.64,7.64,6.11,6.11,6.11,6.11,6.11,6.11,7.34,7.95,7.95,7.34,5.81,5.81,5.81,5.81
N_0_5,N_2_5,3.605613967554798,3.68,3.68,3.68,3.68,3.68,3.68,5.62,5.62,6.49,6.49,4.33,4.33,4.33,4.33,4.33,4.33,6.06,6.92,6.92,6.06,3.89,3.89,3.89,3.89
N_0_6,N_1_5,2.088676990174587,3.43,3.43,3.43,3.43,3.43,3.43,5.68,5.68,6.68,6.68,4.18,4.18,4.18,4.18,4.18,4.18,6.18,7.19,7.19,6.18,3.68,3.68,3.68,3.68
N_0_6,N_0_5,4.27998823592927,4.37,4.37,4.37,4.37,4.37,4.37,6.68,6.68,7.7,7.7,5.14,5.14,5.14,5.14,5.14,5.14,7.19,8.22,8.22,7.19,4.62,4.62,4.62,4.62
N_0_6,N_0_8,14.792720015962555,8.21,8.21,8.21,8.21,8.21,8.21,10.21,10.21,11.09,11.09,8.88,8.88,8.88,8.88,8.88,8.88,10.65,11.54,11.54,10.65,8.43,8.43,8.43,8.43
N_0_6,N_1_6,4.777200588554951,4.87,4.87,4.87,4.87,4.87,4.87,7.45,7.45,8.6,8.6,5.73,5.73,5.73,5.73,5.73,5.73,8.03,9.17,9.17,8.03,5.16,5.16,5.16,5.16
N_0_7,N_2_7,5.072153324342771,5.17,5.17,5.17,5.17,5.17,5.17,7.91,7.91,9.13,9.13,6.09,6.09,6.09,6.09,6.09,6.09,8.52,9.74,9.74,8.52,5.48,5.48,5.48,5.48
N_0_7,N_1_7,14.515020958309321,8.06,8.06,8.06,8.06,8.06,8.06,10.02,10.02,10.89,10.89,8.71,8.71,8.71,8.71,8.71,8.71,10.45,11.32,11.32,10.45,8.27,8.27,8.27,8.27
N_0_7,N_0_5,1.7127385846611691,2.81,2.81,2.81,2.81,2.81,2.81,4.66,4.66,5.48,5.48,3.43,3.43,3.43,3.43,3.43,3.43,5.07,5.89,5.89,5.07,3.01,3.01,3.01,3.01
N_0_7,N_1_8,14.172543573861812,7.87,7.87,7.87,7.87,7.87,7.87,9.78,9.78,10.63,10.63,8.5,8.5,8.5,8.5,8.5,8.5,10.2,11.05,11.05,10.2,8.08,8.08,8.08,8.08
N_0_8,N_0_6,14.792720015962555,8.21,8.21,8.21,8.21,8.21,8.21,10.21,10.21,11.09,11.09,8.88,8.88,8.88,8.88,8.88,8.88,10.65,11.54,11.54,10.65,8.43,8.43,8.43,8.43
N_0_8,N_2_8,11.402186199920111,6.33,6.33,6.33,6.33,6.33,6.33,7.87,7.87,8.55,8.55,6.84,6.84,6.84,6.84,6.84,6.84,8.21,8.89,8.89,8.21,6.5,6.5,6.5,6.5
N_0_9,N_1_8,4.066919639667808,4.15,4.15,4.15,4.15,4.15,4.15,6.34,6.34,7.32,7.32,4.88,4.88,4.88,4.88,4.88,4.88,6.83,7.81,7.81,6.83,4.39,4.39,4.39,4.39
N_0_9,N_0_8,1.216340710711538,1.99,1.99,1.99,1.99,1.99,1.99,3.31,3.31,3.89,3.89,2.43,2.43,2.43,2.43,2.43,2.43,3.6,4.18,4.18,3.6,2.14,2.14,2.14,2.14
N_0_9,N_1_9,5.79300945969182,5.91,5.91,5.91,5.91,5.91,5.91,9.04,9.04,10.43,10.43,6.95,6.95,6.95,6.95,6.95,6.95,9.73,11.12,11.12,9.73,6.26,6.26,6.26,6.26
N_1_0,N_0_0,3.1518960638811393,3.21,3.21,3.21,3.21,3.21,3.21,4.92,4.92,5.67,5.67,3.78,3.78,3.78,3.78,3.78,3.78,5.3,6.05,6.05,5.3,3.4,3.4,3.4,3.4
N_1_0,N_2_0,4.738119519946283,4.83,4.83,4.83,4.83,4.83,4.83,7.39,7.39,8.53,8.53,5.69,5.69,5.69,5.69,5.69,5.69,7.96,9.1,9.1,7.96,5.12,5.12,5.12,5.12
N_1_0,N_1_1,12.462119507345914,6.92,6.92,6.92,6.92,6.92,6.92,8.6,8.6,9.35,9.35,7.48,7.48,7.48,7.48,7.48,7.48,8.97,9.72,9.72,8.97,7.1,7.1,7.1,7.1
N_1_0,N_1_2,3.5234033402415674,3.59,3.59,3.59,3.59,3.59,3.59,5.5,5.5,6.34,6.34,4.23,4.23,4.23,4.23,4.23,4.23,5.92,6.76,6.76,5.92,3.81,3.81,3.81,3.81
N_1_1,N_0_0,2.4532153133763552,4.02,4.02,4.02,4.02,4.02,4.02,6.67,6.67,7.85,7.85,4.91,4.91,4.91,4.91,4.91,4.91,7.26,8.44,8.44,7.26,4.32,4.32,4.32,4.32
N_1_1,N_1_2,1.530793240109597,2.51,2.51,2.51,2.51,2.51,2.51,4.16,4.16,4.9,4.9,3.06,3.06,3.06,3.06,3.06,3.06,4.53,5.27,5.27,4.53,2.69,2.69,2.69,2.69
N_1_1,N_3_1,1.1166825518172216,1.83,1.83,1.83,1.83,1.83,1.83,3.04,3.04,3.57,3.57,2.23,2.23,2.23,2.23,2.23,2.23,3.31,3.84,3.84,3.31,1.97,1.97,1.97,1.97
N_1_2,N_1_0,3.5234033402415674,3.59,3.59,3.59,3.59,3.59,3.59,5.5,5.5,6.34,6.34,4.23,4.23,4.23,4.23,4.23,4.23,5.92,6.76,6.76,5.92,3.81,3.81,3.81,3.81
N_1_2,N_1_1,1.530793240109597,2.51,2.51,2.51,2.51,2.51,2.51,4.16,4.16,4.9,4.9,3.06,3.06,3.06,3.06,3.06,3.06,4.53,5.27,5.27,4.53,2.69,2.69,2.69,2.69
N_1_2,N_0_1,5.170840670117311,5.27,5.27,5.27,5.27,5.27,5.27,8.07,8.07,9.31,9.31,6.21,6.21,6.21,6.21,6.21,6.21,8.69,9.93,9.93,8.69,5.58,5.58,5.58,5.58
N_1_2,N_1_3,3.3050539281142948,3.37,3.37,3.37,3.37,3.37,3.37,5.16,5.16,5.95,5.95,3.97,3.97,3.97,3.97,3.97,3.97,5.55,6.35,6.35,5.55,3.57,3.57,3.57,3.57
N_1_3,N_0_2,0.9438704303711647,1.55,1.55,1.55,1.55,1.55,1.55,2.57,2.57,3.02,3.02,1.89,1.89,1.89,1.89,1.89,1.89,2.79,3.25,3.25,2.79,1.66,1.66,1.66,1.66
N_1_3,N_1_2,3.3050539281142948,3.37,3.37,3.37,3.37,3.37,3.37,5.16,5.16,5.95,5.95,3.97,3.97,3.97,3.97,3.97,3.97,5.55,6.35,6.35,5.55,3.57,3.57,3.57,3.57
N_1_4,N_0_5,10.188272780388367,5.65,5.65,5.65,5.65,5.65,5.65,7.03,7.03,7.64,7.64,6.11,6.11,6.11,6.11,6.11,6.11,7.34,7.95,7.95,7.34,5.81,5.81,5.81,5.81
N_1_4,N_0_3,13.985328606216907,7.76,7.76,7.76,7.76,7.76,7.76,9.65,9.65,10.49,10.49,8.39,8.39,8.39,8.39,8.39,8.39,10.07,10.91,10.91,10.07,7.97,7.97,7.97,7.97
N_1_4,N_0_4,14.259965179345457,7.91,7.91,7.91,7.91,7.91,7.91,9.84,9.84,10.69,10.69,8.56,8.56,8.56,8.56,8.56,8.56,10.27,11.12,11.12,10.27,8.13,8.13,8.13,8.13
N_1_4,N_1_3,3.978358717042042,4.06,4.06,4.06,4.06,4.06,4.06,6.21,6.21,7.16,7.16,4.77,4.77,4.77,4.77,4.77,4.77,6.68,7.64,7.64,6.68,4.3,4.3,4.3,4.3
N_1_5,N_0_4,3.498068438954375,3.57,3.57,3.57,3.57,3.57,3.57,5.46,5.46,6.3,6.3,4.2,4.2,4.2,4.2,4.2,4.2,5.88,6.72,6.72,5.88,3.78,3.78,3.78,3.78
N_1_5,N_0_6,2.088676990174587,3.43,3.43,3.43,3.43,3.43,3.43,5.68,5.68,6.68,6.68,4.18,4.18,4.18,4.18,4.18,4.18,6.18,7.19,7.19,6.18,3.68,3.68,3.68,3.68
N_1_5,N_0_5,3.745141559579082,3.82,3.82,3.82,3.82,3.82,3.82,5.84,5.84,6.74,6.74,4.49,4.49,4.49,4.49,4.49,4.49,6.29,7.19,7.19,6.29,4.04,4.04,4.04,4.04
N_1_6,N_0_6,4.777200588554951,4.87,4.87,4.87,4.87,4.87,4.87,7.45,7.45,8.6,8.6,5.73,5.73,5.73,5.73,5.73,5.73,8.03,9.17,9.17,8.03,5.16,5.16,5.16,5.16
N_1_6,N_0_7,5.545135314250187,5.66,5.66,5.66,5.66,5.66,5.66,8.65,8.65,9.98,9.98,6.65,6.65,6.65,6.65,6.65,6.65,9.32,10.65,10.65,9.32,5.99,5.99,5.99,5.99
N_1_6,N_2_7,1.544936147547744,2.53,2.53,2.53,2.53,2.53,2.53,4.2,4.2,4.94,4.94,3.09,3.09,3.09,3.09,3.09,3.09,4.57,5.31,5.31,4.57,2.72,2.72,2.72,2.72
N_1_6,N_2_5,6.614136057453764,6.75,6.75,6.75,6.75,6.75,6.75,10.32,10.32,11.91,11.91,7.94,7.94,7.94,7.94,7.94,7.94,11.11,12.7,12.7,11.11,7.14,7.14,7.14,7.14
N_1_7,N_0_7,14.515020958309321,8.06,8.06,8.06,8.06,8.06,8.06,10.02,10.02,10.89,10.89,8.71,8.71,8.71,8.71,8.71,8.71,10.45,11.32,11.32,10.45,8.27,8.27,8.27,8.27
N_1_7,N_1_6,1.8106255904242172,2.97,2.97,2.97,2.97,2.97,2.97,4.92,4.92,5.79,5.79,3.62,3.62,3.62,3.62,3.62,3.62,5.36,6.23,6.23,5.36,3.19,3.19,3.19,3.19
N_1_7,N_3_7,4.985189162589642,5.08,5.08,5.08,5.08,5.08,5.08,7.78,7.78,8.97,8.97,5.98,5.98,5.98,5.98,5.98,5.98,8.38,9.57,9.57,8.38,5.38,5.38,5.38,5.38
N_1_8,N_0_7,14.172543573861812,7.87,7.87,7.87,7.87,7.87,7.87,9.78,9.78,10.63,10.63,8.5,8.5,8.5,8.5,8.5,8.5,10.2,11.05,11.05,10.2,8.08,8.08,8.08,8.08
N_1_8,N_0_9,4.066919639667808,4.15,4.15,4.15,4.15,4.15,4.15,6.34,6.34,7.32,7.32,4.88,4.88,4.88,4.88,4.88,4.88,6.83,7.81,7.81,6.83,4.39,4.39,4.39,4.39
N_1_8,N_2_8,6.477442039027203,6.61,6.61,6.61,6.61,6.61,6.61,10.1,10.1,11.66,11.66,7.77,7.77,7.77,7.77,7.77,7.77,10.88,12.44,12.44,10.88,7.0,7.0,7.0,7.0
N_1_8,N_1_6,11.887337799898148,6.6,6.6,6.6,6.6,6.6,6.6,8.2,8.2,8.92,8.92,7.13,7.13,7.13,7.13,7.13,7.13,8.56,9.27,9.27,8.56,6.78,6.78,6.78,6.78
N_1_9,N_0_9,5.79300945969182,5.91,5.91,5.91,5.91,5.91,5.91,9.04,9.04,10.43,10.43,6.95,6.95,6.95,6.95,6.95,6.95,9.73,11.12,11.12,9.73,6.26,6.26,6.26,6.26
N_1_9,N_2_8,5.172064841479547,5.28,5.28,5.28,5.28,5.28,5.28,8.07,8.07,9.31,9.31,6.21,6.21,6.21,6.21,6.21,6.21,8.69,9.93,9.93,8.69,5.59,5.59,5.59,5.59
N_1_9,N_2_9,8.139416389096336,4.52,4.52,4.52,4.52,4.52,4.52,5.62,5.62,6.1,6.1,4.88,4.88,4.88,4.88,4.88,4.88,5.86,6.35,6.35,5.86,4.64,4.64,4.64,4.64
N_1_9,N_3_9,1.5772435858616631,2.59,2.59,2.59,2.59,2.59,2.59,4.29,4.29,5.05,5.05,3.15,3.15,3.15,3.15,3.15,3.15,4.67,5.43,5.43,4.67,2.78,2.78,2.78,2.78
N_2_0,N_4_0,3.324644158871082,3.39,3.39,3.39,3.39,3.39,3.39,5.19,5.19,5.98,5.98,3.99,3.99,3.99,3.99,3.99,3.99,5.59,6.38,6.38,5.59,3.59,3.59,3.59,3.59
N_2_0,N_3_0,5.169290635700987,5.27,5.27,5.27,5.27,5.27,5.27,8.06,8.06,9.3,9.3,6.2,6.2,6.2,6.2,6.2,6.2,8.68,9.93,9.93,8.68,5.58,5.58,5.58,5.58
N_2_0,N_1_0,4.794262805058253,4.89,4.89,4.89,4.89,4.89,4.89,7.48,7.48,8.63,8.63,5.75,5.75,5.75,5.75,5.75,5.75,8.05,9.2,9.2,8.05,5.18,5.18,5.18,5.18
N_2_1,N_3_2,12.19530232287519,6.77,6.77,6.77,6.77,6.77,6.77,8.41,8.41,9.15,9.15,7.32,7.32,7.32,7.32,7.32,7.32,8.78,9.51,9.51,8.78,6.95,6.95,6.95,6.95
N_2_1,N_1_2,4.627978834570186,4.72,4.72,4.72,4.72,4.72,4.72,7.22,7.22,8.33,8.33,5.55,5.55,5.55,5.55,5.55,5.55,7.78,8.89,8.89,7.78,5.0,5.0,5.0,5.0
N_2_1,N_0_1,3.4332630573742113,3.5,3.5,3.5,3.5,3.5,3.5,5.36,5.36,6.18,6.18,4.12,4.12,4.12,4.12,4.12,4.12,5.77,6.59,6.59,5.77,3.71,3.71,3.71,3.71
N_2_2,N_0_2,3.0585519423772323,3.12,3.12,3.12,3.12,3.12,3.12,4.77,4.77,5.51,5.51,3.67,3.67,3.67,3.67,3.67,3.67,5.14,5.87,5.87,5.14,3.3,3.3,3.3,3.3
N_2_2,N_4_2,6.4347820765931285,6.56,6.56,6.56,6.56,6.56,6.56,10.04,10.04,11.58,11.58,7.72,7.72,7.72,7.72,7.72,7.72,10.81,12.35,12.35,10.81,6.95,6.95,6.95,6.95
N_2_3,N_2_4,4.213037717764802,4.3,4.3,4.3,4.3,4.3,4.3,6.57,6.57,7.58,7.58,5.06,5.06,5.06,5.06,5.06,5.06,7.08,8.09,8.09,7.08,4.55,4.55,4.55,4.55
N_2_3,N_0_3,14.904440846377337,8.27,8.27,8.27,8.27,8.27,8.27,10.28,10.28,11.18,11.18,8.94,8.94,8.94,8.94,8.94,8.94,10.73,11.63,11.63,10.73,8.5,8.5,8.5,8.5
N_2_4,N_2_3,4.213037717764802,4.3,4.3,4.3,4.3,4.3,4.3,6.57,6.57,7.58,7.58,5.06,5.06,5.06,5.06,5.06,5.06,7.08,8.09,8.09,7.08,4.55,4.55,4.55,4.55
N_2_4,N_1_4,13.59361168473983,7.54,7.54,7.54,7.54,7.54,7.54,9.38,9.38,10.2,10.2,8.16,8.16,8.16,8.16,8.16,8.16,9.79,10.6,10.6,9.79,7.75,7.75,7.75,7.75
N_2_5,N_0_5,3.605613967554798,3.68,3.68,3.68,3.68,3.68,3.68,5.62,5.62,6.49,6.49,4.33,4.33,4.33,4.33,4.33,4.33,6.06,6.92,6.92,6.06,3.89,3.89,3.89,3.89
N_2_5,N_1_6,6.614136057453764,6.75,6.75,6.75,6.75,6.75,6.75,10.32,10.32,11.91,11.91,7.94,7.94,7.94,7.94,7.94,7.94,11.11,12.7,12.7,11.11,7.14,7.14,7.14,7.14
N_2_6,N_0_6,6.027256790093736,6.15,6.15,6.15,6.15,6.15,6.15,9.4,9.4,10.85,10.85,7.23,7.23,7.23,7.23,7.23,7.23,10.13,11.57,11.57,10.13,6.51,6.51,6.51,6.51
N_2_6,N_2_8,4.140450130343865,4.22,4.22,4.22,4.22,4.22,4.22,6.46,6.46,7.45,7.45,4.97,4.97,4.97,4.97,4.97,4.97,6.96,7.95,7.95,6.96,4.47,4.47,4.47,4.47
N_2_6,N_1_7,5.504127561862034,5.61,5.61,5.61,5.61,5.61,5.61,8.59,8.59,9.91,9.91,6.6,6.6,6.6,6.6,6.6,6.6,9.25,10.57,10.57,9.25,5.94,5.94,5.94,5.94
N_2_7,N_0_7,5.072153324342771,5.17,5.17,5.17,5.17,5.17,5.17,7.91,7.91,9.13,9.13,6.09,6.09,6.09,6.09,6.09,6.09,8.52,9.74,9.74,8.52,5.48,5.48,5.48,5.48
N_2_7,N_4_7,2.2925198919773537,3.76,3.76,3.76,3.76,3.76,3.76,6.24,6.24,7.34,7.34,4.59,4.59,4.59,4.59,4.59,4.59,6.79,7.89,7.89,6.79,4.03,4.03,4.03,4.03
N_2_8,N_0_8,11.402186199920111,6.33,6.33,6.33,6.33,6.33,6.33,7.87,7.87,8.55,8.55,6.84,6.84,6.84,6.84,6.84,6.84,8.21,8.89,8.89,8.21,6.5,6.5,6.5,6.5
N_2_8,N_1_8,6.477442039027203,6.61,6.61,6.61,6.61,6.61,6.61,10.1,10.1,11.66,11.66,7.77,7.77,7.77,7.77,7.77,7.77,10.88,12.44,12.44,10.88,7.0,7.0,7.0,7.0
N_2_9,N_1_9,8.139416389096336,4.52,4.52,4.52,4.52,4.52,4.52,5.62,5.62,6.1,6.1,4.88,4.88,4.88,4.88,4.88,4.88,5.86,6.35,6.35,5.86,4.64,4.64,4.64,4.64
N_2_9,N_2_7,4.2767856189645785,4.36,4.36,4.36,4.36,4.36,4.36,6.67,6.67,7.7,7.7,5.13,5.13,5.13,5.13,5.13,5.13,7.18,8.21,8.21,7.18,4.62,4.62,4.62,4.62
N_3_0,N_2_0,5.169290635700987,5.27,5.27,5.27,5.27,5.27,5.27,8.06,8.06,9.3,9.3,6.2,6.2,6.2,6.2,6.2,6.2,8.68,9.93,9.93,8.68,5.58,5.58,5.58,5.58
N_3_0,N_3_1,8.284431682621097,4.6,4.6,4.6,4.6,4.6,4.6,5.72,5.72,6.21,6.21,4.97,4.97,4.97,4.97,4.97,4.97,5.96,6.46,6.46,5.96,4.72,4.72,4.72,4.72
N_3_0,N_4_0,4.131738364998654,4.21,4.21,4.21,4.21,4.21,4.21,6.45,6.45,7.44,7.44,4.96,4.96,4.96,4.96,4.96,4.96,6.94,7.93,7.93,6.94,4.46,4.46,4.46,4.46
N_3_0,N_3_2,1.9812901999258843,3.25,3.25,3.25,3.25,3.25,3.25,5.39,5.39,6.34,6.34,3.96,3.96,3.96,3.96,3.96,3.96,5.86,6.82,6.82,5.86,3.49,3.49,3.49,3.49
N_3_1,N_1_1,1.1166825518172216,1.83,1.83,1.83,1.83,1.83,1.83,3.04,3.04,3.57,3.57,2.23,2.23,2.23,2.23,2.23,2.23,3.31,3.84,3.84,3.31,1.97,1.97,1.97,1.97
N_3_1,N_3_0,8.284431682621097,4.6,4.6,4.6,4.6,4.6,4.6,5.72,5.72,6.21,6.21,4.97,4.97,4.97,4.97,4.97,4.97,5.96,6.46,6.46,5.96,4.72,4.72,4.72,4.72
N_3_1,N_2_1,0.6640177217678913,1.09,1.09,1.09,1.09,1.09,1.09,1.81,1.81,2.12,2.12,1.33,1.33,1.33,1.33,1.33,1.33,1.97,2.28,2.28,1.97,1.17,1.17,1.17,1.17
N_3_2,N_2_1,12.19530232287519,6.77,6.77,6.77,6.77,6.77,6.77,8.41,8.41,9.15,9.15,7.32,7.32,7.32,7.32,7.32,7.32,8.78,9.51,9.51,8.78,6.95,6.95,6.95,6.95
N_3_2,N_3_0,1.9812901999258843,3.25,3.25,3.25,3.25,3.25,3.25,5.39,5.39,6.34,6.34,3.96,3.96,3.96,3.96,3.96,3.96,5.86,6.82,6.82,5.86,3.49,3.49,3.49,3.49
N_3_3,N_1_3,6.522314610718642,6.65,6.65,6.65,6.65,6.65,6.65,10.17,10.17,11.74,11.74,7.83,7.83,7.83,7.83,7.83,7.83,10.96,12.52,12.52,10.96,7.04,7.04,7.04,7.04
N_3_3,N_3_5,6.5640899254947875,6.7,6.7,6.7,6.7,6.7,6.7,10.24,10.24,11.82,11.82,7.88,7.88,7.88,7.88,7.88,7.88,11.03,12.6,12.6,11.03,7.09,7.09,7.09,7.09
N_3_3,N_2_4,3.7879850992495974,3.86,3.86,3.86,3.86,3.86,3.86,5.91,5.91,6.82,6.82,4.55,4.55,4.55,4.55,4.55,4.55,6.36,7.27,7.27,6.36,4.09,4.09,4.09,4.09
N_3_4,N_3_5,4.618247429273835,4.71,4.71,4.71,4.71,4.71,4.71,7.2,7.2,8.31,8.31,5.54,5.54,5.54,5.54,5.54,5.54,7.76,8.87,8.87,7.76,4.99,4.99,4.99,4.99
N_3_4,N_3_2,4.872705952710378,4.97,4.97,4.97,4.97,4.97,4.97,7.6,7.6,8.77,8.77,5.85,5.85,5.85,5.85,5.85,5.85,8.19,9.36,9.36,8.19,5.26,5.26,5.26,5.26
N_3_4,N_1_4,5.578402991146163,5.69,5.69,5.69,5.69,5.69,5.69,8.7,8.7,10.04,10.04,6.69,6.69,6.69,6.69,6.69,6.69,9.37,10.71,10.71,9.37,6.02,6.02,6.02,6.02
N_3_4,N_3_3,12.969260965665889,7.2,7.2,7.2,7.2,7.2,7.2,8.95,8.95,9.73,9.73,7.78,7.78,7.78,7.78,7.78,7.78,9.34,10.12,10.12,9.34,7.39,7.39,7.39,7.39
N_3_5,N_3_3,6.5640899254947875,6.7,6.7,6.7,6.7,6.7,6.7,10.24,10.24,11.82,11.82,7.88,7.88,7.88,7.88,7.88,7.88,11.03,12.6,12.6,11.03,7.09,7.09,7.09,7.09
N_3_5,N_3_4,4.618247429273835,4.71,4.71,4.71,4.71,4.71,4.71,7.2,7.2,8.31,8.31,5.54,5.54,5.54,5.54,5.54,5.54,7.76,8.87,8.87,7.76,4.99,4.99,4.99,4.99
N_3_5,N_3_7,14.996934899764451,8.32,8.32,8.32,8.32,8.32,8.32,10.35,10.35,11.25,11.25,9.0,9.0,9.0,9.0,9.0,9.0,10.8,11.7,11.7,10.8,8.55,8.55,8.55,8.55
N_3_5,N_4_6,1.7789855618857828,2.92,2.92,2.92,2.92,2.92,2.92,4.84,4.84,5.69,5.69,3.56,3.56,3.56,3.56,3.56,3.56,5.27,6.12,6.12,5.27,3.13,3.13,3.13,3.13
N_3_6,N_4_7,6.6698117288936025,6.8,6.8,6.8,6.8,6.8,6.8,10.4,10.4,12.01,12.01,8.0,8.0,8.0,8.0,8.0,8.0,11.21,12.81,12.81,11.21,7.2,7.2,7.2,7.2
N_3_6,N_5_6,4.505655523739797,4.6,4.6,4.6,4.6,4.6,4.6,7.03,7.03,8.11,8.11,5.41,5.41,5.41,5.41,5.41,5.41,7.57,8.65,8.65,7.57,4.87,4.87,4.87,4.87
N_3_6,N_1_6,6.834667478459213,6.97,6.97,6.97,6.97,6.97,6.97,10.66,10.66,12.3,12.3,8.2,8.2,8.2,8.2,8.2,8.2,11.48,13.12,13.12,11.48,7.38,7.38,7.38,7.38
N_3_7,N_3_5,14.996934899764451,8.32,8.32,8.32,8.32,8.32,8.32,10.35,10.35,11.25,11.25,9.0,9.0,9.0,9.0,9.0,9.0,10.8,11.7,11.7,10.8,8.55,8.55,8.55,8.55
N_3_7,N_4_8,14.545998062331961,8.07,8.07,8.07,8.07,8.07,8.07,10.04,10.04,10.91,10.91,8.73,8.73,8.73,8.73,8.73,8.73,10.47,11.35,11.35,10.47,8.29,8.29,8.29,8.29
N_3_7,N_1_7,10.591932916868089,5.88,5.88,5.88,5.88,5.88,5.88,7.31,7.31,7.94,7.94,6.36,6.36,6.36,6.36,6.36,6.36,7.63,8.26,8.26,7.63,6.04,6.04,6.04,6.04
N_3_7,N_4_7,0.5024709673828978,0.82,0.82,0.82,0.82,0.82,0.82,1.37,1.37,1.61,1.61,1.0,1.0,1.0,1.0,1.0,1.0,1.49,1.73,1.73,1.49,0.88,0.88,0.88,0.88
N_3_8,N_3_7,9.514082985941386,5.28,5.28,5.28,5.28,5.28,5.28,6.56,6.56,7.14,7.14,5.71,5.71,5.71,5.71,5.71,5.71,6.85,7.42,7.42,6.85,5.42,5.42,5.42,5.42
N_3_8,N_3_6,4.822524344790063,4.92,4.92,4.92,4.92,4.92,4.92,7.52,7.52,8.68,8.68,5.79,5.79,5.79,5.79,5.79,5.79,8.1,9.26,9.26,8.1,5.21,5.21,5.21,5.21
N_3_9,N_1_9,1.5772435858616631,2.59,2.59,2.59,2.59,2.59,2.59,4.29,4.29,5.05,5.05,3.15,3.15,3.15,3.15,3.15,3.15,4.67,5.43,5.43,4.67,2.78,2.78,2.78,2.78
N_3_9,N_2_9,4.103488546508007,4.19,4.19,4.19,4.19,4.19,4.19,6.4,6.4,7.39,7.39,4.92,4.92,4.92,4.92,4.92,4.92,6.89,7.88,7.88,6.89,4.43,4.43,4.43,4.43
N_3_9,N_4_9,5.432517421705738,5.54,5.54,5.54,5.54,5.54,5.54,8.47,8.47,9.78,9.78,6.52,6.52,6.52,6.52,6.52,6.52,9.13,10.43,10.43,9.13,5.87,5.87,5.87,5.87
N_4_0,N_2_0,3.324644158871082,3.39,3.39,3.39,3.39,3.39,3.39,5.19,5.19,5.98,5.98,3.99,3.99,3.99,3.99,3.99,3.99,5.59,6.38,6.38,5.59,3.59,3.59,3.59,3.59
N_4_0,N_3_0,4.131738364998654,4.21,4.21,4.21,4.21,4.21,4.21,6.45,6.45,7.44,7.44,4.96,4.96,4.96,4.96,4.96,4.96,6.94,7.93,7.93,6.94,4.46,4.46,4.46,4.46
N_4_1,N_3_1,5.663876881255645,5.78,5.78,5.78,5.78,5.78,5.78,8.84,8.84,10.19,10.19,6.8,6.8,6.8,6.8,6.8,6.8,9.52,10.87,10.87,9.52,6.12,6.12,6.12,6.12
N_4_1,N_5_2,6.219583611706792,6.34,6.34,6.34,6.34,6.34,6.34,9.7,9.7,11.2,11.2,7.46,7.46,7.46,7.46,7.46,7.46,10.45,11.94,11.94,10.45,6.72,6.72,6.72,6.72
N_4_2,N_2_2,6.4347820765931285,6.56,6.56,6.56,6.56,6.56,6.56,10.04,10.04,11.58,11.58,7.72,7.72,7.72,7.72,7.72,7.72,10.81,12.35,12.35,10.81,6.95,6.95,6.95,6.95
N_4_2,N_4_3,0.7824994435359081,1.28,1.28,1.28,1.28,1.28,1.28,2.13,2.13,2.5,2.5,1.56,1.56,1.56,1.56,1.56,1.56,2.32,2.69,2.69,2.32,1.38,1.38,1.38,1.38
N_4_2,N_3_2,4.509737076181931,4.6,4.6,4.6,4.6,4.6,4.6,7.04,7.04,8.12,8.12,5.41,5.41,5.41,5.41,5.41,5.41,7.58,8.66,8.66,7.58,4.87,4.87,4.87,4.87
N_4_2,N_5_2,4.437504089680877,4.53,4.53,4.53,4.53,4.53,4.53,6.92,6.92,7.99,7.99,5.33,5.33,5.33,5.33,5.33,5.33,7.46,8.52,8.52,7.46,4.79,4.79,4.79,4.79
N_4_3,N_4_2,0.7824994435359081,1.28,1.28,1.28,1.28,1.28,1.28,2.13,2.13,2.5,2.5,1.56,1.56,1.56,1.56,1.56,1.56,2.32,2.69,2.69,2.32,1.38,1.38,1.38,1.38
N_4_3,N_6_3,10.3229492778009,5.73,5.73,5.73,5.73,5.73,5.73,7.12,7.12,7.74,7.74,6.19,6.19,6.19,6.19,6.19,6.19,7.43,8.05,8.05,7.43,5.88,5.88,5.88,5.88
N_4_4,N_5_4,5.869519069127206,5.99,5.99,5.99,5.99,5.99,5.99,9.16,9.16,10.57,10.57,7.04,7.04,7.04,7.04,7.04,7.04,9.86,11.27,11.27,9.86,6.34,6.34,6.34,6.34
N_4_4,N_5_5,2.3355876617115046,3.83,3.83,3.83,3.83,3.83,3.83,6.35,6.35,7.47,7.47,4.67,4.67,4.67,4.67,4.67,4.67,6.91,8.03,8.03,6.91,4.11,4.11,4.11,4.11
N_4_5,N_4_6,8.90538420112194,4.94,4.94,4.94,4.94,4.94,4.94,6.14,6.14,6.68,6.68,5.34,5.34,5.34,5.34,5.34,5.34,6.41,6.95,6.95,6.41,5.08,5.08,5.08,5.08
N_4_5,N_5_5,5.983307193273418,6.1,6.1,6.1,6.1,6.1,6.1,9.33,9.33,10.77,10.77,7.18,7.18,7.18,7.18,7.18,7.18,10.05,11.49,11.49,10.05,6.46,6.46,6.46,6.46
N_4_6,N_3_5,1.7789855618857828,2.92,2.92,2.92,2.92,2.92,2.92,4.84,4.84,5.69,5.69,3.56,3.56,3.56,3.56,3.56,3.56,5.27,6.12,6.12,5.27,3.13,3.13,3.13,3.13
N_4_6,N_4_5,8.90538420112194,4.94,4.94,4.94,4.94,4.94,4.94,6.14,6.14,6.68,6.68,5.34,5.34,5.34,5.34,5.34,5.34,6.41,6.95,6.95,6.41,5.08,5.08,5.08,5.08
N_4_7,N_2_7,2.2925198919773537,3.76,3.76,3.76,3.76,3.76,3.76,6.24,6.24,7.34,7.34,4.59,4.59,4.59,4.59,4.59,4.59,6.79,7.89,7.89,6.79,4.03,4.03,4.03,4.03
N_4_7,N_3_6,6.6698117288936025,6.8,6.8,6.8,6.8,6.8,6.8,10.4,10.4,12.01,12.01,8.0,8.0,8.0,8.0,8.0,8.0,11.21,12.81,12.81,11.21,7.2,7.2,7.2,7.2
N_4_7,N_3_7,0.5024709673828978,0.82,0.82,0.82,0.82,0.82,0.82,1.37,1.37,1.61,1.61,1.0,1.0,1.0,1.0,1.0,1.0,1.49,1.73,1.73,1.49,0.88,0.88,0.88,0.88
N_4_8,N_3_7,14.545998062331961,8.07,8.07,8.07,8.07,8.07,8.07,10.04,10.04,10.91,10.91,8.73,8.73,8.73,8.73,8.73,8.73,10.47,11.35,11.35,10.47,8.29,8.29,8.29,8.29
N_4_8,N_2_8,3.656180077266625,3.73,3.73,3.73,3.73,3.73,3.73,5.7,5.7,6.58,6.58,4.39,4.39,4.39,4.39,4.39,4.39,6.14,7.02,7.02,6.14,3.95,3.95,3.95,3.95
N_4_8,N_3_9,6.052308491559417,6.17,6.17,6.17,6.17,6.17,6.17,9.44,9.44,10.89,10.89,7.26,7.26,7.26,7.26,7.26,7.26,10.17,11.62,11.62,10.17,6.54,6.54,6.54,6.54
N_4_9,N_3_9,5.432517421705738,5.54,5.54,5.54,5.54,5.54,5.54,8.47,8.47,9.78,9.78,6.52,6.52,6.52,6.52,6.52,6.52,9.13,10.43,10.43,9.13,5.87,5.87,5.87,5.87
N_4_9,N_2_9,5.2660306252940465,5.37,5.37,5.37,5.37,5.37,5.37,8.22,8.22,9.48,9.48,6.32,6.32,6.32,6.32,6.32,6.32,8.85,10.11,10.11,8.85,5.69,5.69,5.69,5.69
N_5_0,N_5_1,5.782215270454619,5.9,5.9,5.9,5.9,5.9,5.9,9.02,9.02,10.41,10.41,6.94,6.94,6.94,6.94,6.94,6.94,9.71,11.1,11.1,9.71,6.24,6.24,6.24,6.24
N_5_0,N_5_2,1.5690162841464026,2.57,2.57,2.57,2.57,2.57,2.57,4.27,4.27,5.02,5.02,3.14,3.14,3.14,3.14,3.14,3.14,4.64,5.4,5.4,4.64,2.76,2.76,2.76,2.76
N_5_0,N_6_0,1.081773028561551,1.77,1.77,1.77,1.77,1.77,1.77,2.94,2.94,3.46,3.46,2.16,2.16,2.16,2.16,2.16,2.16,3.2,3.72,3.72,3.2,1.9,1.9,1.9,1.9
N_5_0,N_6_1,1.5260438333368878,2.5,2.5,2.5,2.5,2.5,2.5,4.15,4.15,4.88,4.88,3.05,3.05,3.05,3.05,3.05,3.05,4.52,5.25,5.25,4.52,2.69,2.69,2.69,2.69
N_5_1,N_6_0,4.834194030200229,4.93,4.93,4.93,4.93,4.93,4.93,7.54,7.54,8.7,8.7,5.8,5.8,5.8,5.8,5.8,5.8,8.12,9.28,9.28,8.12,5.22,5.22,5.22,5.22
N_5_1,N_5_2,13.527858538752398,7.51,7.51,7.51,7.51,7.51,7.51,9.33,9.33,10.15,10.15,8.12,8.12,8.12,8.12,8.12,8.12,9.74,10.55,10.55,9.74,7.71,7.71,7.71,7.71
N_5_1,N_4_1,11.3119112784082,6.28,6.28,6.28,6.28,6.28,6.28,7.81,7.81,8.48,8.48,6.79,6.79,6.79,6.79,6.79,6.79,8.14,8.82,8.82,8.14,6.45,6.45,6.45,6.45
N_5_1,N_3_1,4.212576404754373,4.3,4.3,4.3,4.3,4.3,4.3,6.57,6.57,7.58,7.58,5.06,5.06,5.06,5.06,5.06,5.06,7.08,8.09,8.09,7.08,4.55,4.55,4.55,4.55
N_5_2,N_4_1,6.219583611706792,6.34,6.34,6.34,6.34,6.34,6.34,9.7,9.7,11.2,11.2,7.46,7.46,7.46,7.46,7.46,7.46,10.45,11.94,11.94,10.45,6.72,6.72,6.72,6.72
N_5_2,N_4_2,4.437504089680877,4.53,4.53,4.53,4.53,4.53,4.53,6.92,6.92,7.99,7.99,5.33,5.33,5.33,5.33,5.33,5.33,7.46,8.52,8.52,7.46,4.79,4.79,4.79,4.79
N_5_3,N_5_2,8.896323753463882,4.94,4.94,4.94,4.94,4.94,4.94,6.14,6.14,6.67,6.67,5.34,5.34,5.34,5.34,5.34,5.34,6.41,6.94,6.94,6.41,5.07,5.07,5.07,5.07
N_5_3,N_4_4,11.196103707732302,6.21,6.21,6.21,6.21,6.21,6.21,7.73,7.73,8.4,8.4,6.72,6.72,6.72,6.72,6.72,6.72,8.06,8.73,8.73,8.06,6.38,6.38,6.38,6.38
N_5_3,N_4_2,1.4087161271074782,2.31,2.31,2.31,2.31,2.31,2.31,3.83,3.83,4.51,4.51,2.82,2.82,2.82,2.82,2.82,2.82,4.17,4.85,4.85,4.17,2.48,2.48,2.48,2.48
N_5_3,N_6_4,11.794354745347823,6.55,6.55,6.55,6.55,6.55,6.55,8.14,8.14,8.85,8.85,7.08,7.08,7.08,7.08,7.08,7.08,8.49,9.2,9.2,8.49,6.72,6.72,6.72,6.72
N_5_4,N_4_4,5.869519069127206,5.99,5.99,5.99,5.99,5.99,5.99,9.16,9.16,10.57,10.57,7.04,7.04,7.04,7.04,7.04,7.04,9.86,11.27,11.27,9.86,6.34,6.34,6.34,6.34
N_5_4,N_4_5,6.874569373827276,7.01,7.01,7.01,7.01,7.01,7.01,10.72,10.72,12.37,12.37,8.25,8.25,8.25,8.25,8.25,8.25,11.55,13.2,13.2,11.55,7.42,7.42,7.42,7.42
N_5_4,N_3_4,8.909127795359884,4.94,4.94,4.94,4.94,4.94,4.94,6.15,6.15,6.68,6.68,5.35,5.35,5.35,5.35,5.35,5.35,6.41,6.95,6.95,6.41,5.08,5.08,5.08,5.08
N_5_4,N_7_4,1.1709068789024994,1.92,1.92,1.92,1.92,1.92,1.92,3.18,3.18,3.75,3.75,2.34,2.34,2.34,2.34,2.34,2.34,3.47,4.03,4.03,3.47,2.06,2.06,2.06,2.06
N_5_5,N_4_4,2.3355876617115046,3.83,3.83,3.83,3.83,3.83,3.83,6.35,6.35,7.47,7.47,4.67,4.67,4.67,4.67,4.67,4.67,6.91,8.03,8.03,6.91,4.11,4.11,4.11,4.11
N_5_5,N_4_5,5.983307193273418,6.1,6.1,6.1,6.1,6.1,6.1,9.33,9.33,10.77,10.77,7.18,7.18,7.18,7.18,7.18,7.18,10.05,11.49,11.49,10.05,6.46,6.46,6.46,6.46
N_5_5,N_6_4,0.8835907879889453,1.45,1.45,1.45,1.45,1.45,1.45,2.4,2.4,2.83,2.83,1.77,1.77,1.77,1.77,1.77,1.77,2.62,3.04,3.04,2.62,1.56,1.56,1.56,1.56
N_5_5,N_5_4,1.0083628492989605,1.65,1.65,1.65,1.65,1.65,1.65,2.74,2.74,3.23,3.23,2.02,2.02,2.02,2.02,2.02,2.02,2.98,3.47,3.47,2.98,1.77,1.77,1.77,1.77
N_5_6,N_3_6,4.505655523739797,4.6,4.6,4.6,4.6,4.6,4.6,7.03,7.03,8.11,8.11,5.41,5.41,5.41,5.41,5.41,5.41,7.57,8.65,8.65,7.57,4.87,4.87,4.87,4.87
N_5_6,N_5_5,11.015979818102183,6.11,6.11,6.11,6.11,6.11,6.11,7.6,7.6,8.26,8.26,6.61,6.61,6.61,6.61,6.61,6.61,7.93,8.59,8.59,7.93,6.28,6.28,6.28,6.28
N_5_6,N_5_8,4.691902660302814,4.79,4.79,4.79,4.79,4.79,4.79,7.32,7.32,8.45,8.45,5.63,5.63,5.63,5.63,5.63,5.63,7.88,9.01,9.01,7.88,5.07,5.07,5.07,5.07
N_5_6,N_6_6,5.314997650700582,5.42,5.42,5.42,5.42,5.42,5.42,8.29,8.29,9.57,9.57,6.38,6.38,6.38,6.38,6.38,6.38,8.93,10.2,10.2,8.93,5.74,5.74,5.74,5.74
N_5_7,N_5_6,14.095729708167669,7.82,7.82,7.82,7.82,7.82,7.82,9.73,9.73,10.57,10.57,8.46,8.46,8.46,8.46,8.46,8.46,10.15,10.99,10.99,10.15,8.03,8.03,8.03,8.03
N_5_7,N_5_9,9.143363581534375,5.07,5.07,5.07,5.07,5.07,5.07,6.31,6.31,6.86,6.86,5.49,5.49,5.49,5.49,5.49,5.49,6.58,7.13,7.13,6.58,5.21,5.21,5.21,5.21
N_5_8,N_5_6,4.691902660302814,4.79,4.79,4.79,4.79,4.79,4.79,7.32,7.32,8.45,8.45,5.63,5.63,5.63,5.63,5.63,5.63,7.88,9.01,9.01,7.88,5.07,5.07,5.07,5.07
N_5_8,N_6_9,5.790955736969156,5.91,5.91,5.91,5.91,5.91,5.91,9.03,9.03,10.42,10.42,6.95,6.95,6.95,6.95,6.95,6.95,9.73,11.12,11.12,9.73,6.25,6.25,6.25,6.25
N_5_9,N_5_7,9.143363581534375,5.07,5.07,5.07,5.07,5.07,5.07,6.31,6.31,6.86,6.86,5.49,5.49,5.49,5.49,5.49,5.49,6.58,7.13,7.13,6.58,5.21,5.21,5.21,5.21
N_5_9,N_6_8,5.641365498952989,5.75,5.75,5.75,5.75,5.75,5.75,8.8,8.8,10.15,10.15,6.77,6.77,6.77,6.77,6.77,6.77,9.48,10.83,10.83,9.48,6.09,6.09,6.09,6.09
N_5_9,N_4_9,3.5386149986544226,3.61,3.61,3.61,3.61,3.61,3.61,5.52,5.52,6.37,6.37,4.25,4.25,4.25,4.25,4.25,4.25,5.94,6.79,6.79,5.94,3.82,3.82,3.82,3.82
N_5_9,N_3_9,9.50953207966831,5.28,5.28,5.28,5.28,5.28,5.28,6.56,6.56,7.13,7.13,5.71,5.71,5.71,5.71,5.71,5.71,6.85,7.42,7.42,6.85,5.42,5.42,5.42,5.42
N_6_0,N_5_0,1.081773028561551,1.77,1.77,1.77,1.77,1.77,1.77,2.94,2.94,3.46,3.46,2.16,2.16,2.16,2.16,2.16,2.16,3.2,3.72,3.72,3.2,1.9,1.9,1.9,1.9
N_6_0,N_5_1,4.834194030200229,4.93,4.93,4.93,4.93,4.93,4.93,7.54,7.54,8.7,8.7,5.8,5.8,5.8,5.8,5.8,5.8,8.12,9.28,9.28,8.12,5.22,5.22,5.22,5.22
N_6_0,N_6_2,3.3080471235877384,3.37,3.37,3.37,3.37,3.37,3.37,5.16,5.16,5.95,5.95,3.97,3.97,3.97,3.97,3.97,3.97,5.56,6.35,6.35,5.56,3.57,3.57,3.57,3.57
N_6_1,N_5_0,1.5260438333368878,2.5,2.5,2.5,2.5,2.5,2.5,4.15,4.15,4.88,4.88,3.05,3.05,3.05,3.05,3.05,3.05,4.52,5.25,5.25,4.52,2.69,2.69,2.69,2.69
N_6_1,N_4_1,3.3919412159203226,3.46,3.46,3.46,3.46,3.46,3.46,5.29,5.29,6.11,6.11,4.07,4.07,4.07,4.07,4.07,4.07,5.7,6.51,6.51,5.7,3.66,3.66,3.66,3.66
N_6_1,N_7_2,1.0106137803984376,1.66,1.66,1.66,1.66,1.66,1.66,2.75,2.75,3.23,3.23,2.02,2.02,2.02,2.02,2.02,2.02,2.99,3.48,3.48,2.99,1.78,1.78,1.78,1.78
N_6_1,N_5_1,9.490302117428648,5.27,5.27,5.27,5.27,5.27,5.27,6.55,6.55,7.12,7.12,5.69,5.69,5.69,5.69,5.69,5.69,6.83,7.4,7.4,6.83,5.41,5.41,5.41,5.41
N_6_2,N_6_0,3.3080471235877384,3.37,3.37,3.37,3.37,3.37,3.37,5.16,5.16,5.95,5.95,3.97,3.97,3.97,3.97,3.97,3.97,5.56,6.35,6.35,5.56,3.57,3.57,3.57,3.57
N_6_2,N_7_3,1.0734279007861895,1.76,1.76,1.76,1.76,1.76,1.76,2.92,2.92,3.43,3.43,2.15,2.15,2.15,2.15,2.15,2.15,3.18,3.69,3.69,3.18,1.89,1.89,1.89,1.89
N_6_2,N_5_3,0.676196858246787,1.11,1.11,1.11,1.11,1.11,1.11,1.84,1.84,2.16,2.16,1.35,1.35,1.35,1.35,1.35,1.35,2.0,2.33,2.33,2.0,1.19,1.19,1.19,1.19
N_6_2,N_8_2,14.725801231343146,8.17,8.17,8.17,8.17,8.17,8.17,10.16,10.16,11.04,11.04,8.84,8.84,8.84,8.84,8.84,8.84,10.6,11.49,11.49,10.6,8.39,8.39,8.39,8.39
N_6_3,N_4_3,10.3229492778009,5.73,5.73,5.73,5.73,5.73,5.73,7.12,7.12,7.74,7.74,6.19,6.19,6.19,6.19,6.19,6.19,7.43,8.05,8.05,7.43,5.88,5.88,5.88,5.88
N_6_3,N_8_3,6.398120652518633,6.53,6.53,6.53,6.53,6.53,6.53,9.98,9.98,11.52,11.52,7.68,7.68,7.68,7.68,7.68,7.68,10.75,12.28,12.28,10.75,6.91,6.91,6.91,6.91
N_6_3,N_7_2,12.757284147238153,7.08,7.08,7.08,7.08,7.08,7.08,8.8,8.8,9.57,9.57,7.65,7.65,7.65,7.65,7.65,7.65,9.19,9.95,9.95,9.19,7.27,7.27,7.27,7.27
N_6_4,N_5_3,11.794354745347823,6.55,6.55,6.55,6.55,6.55,6.55,8.14,8.14,8.85,8.85,7.08,7.08,7.08,7.08,7.08,7.08,8.49,9.2,9.2,8.49,6.72,6.72,6.72,6.72
N_6_4,N_5_5,0.8835907879889453,1.45,1.45,1.45,1.45,1.45,1.45,2.4,2.4,2.83,2.83,1.77,1.77,1.77,1.77,1.77,1.77,2.62,3.04,3.04,2.62,1.56,1.56,1.56,1.56
N_6_4,N_8_4,14.235925124149299,7.9,7.9,7.9,7.9,7.9,7.9,9.82,9.82,10.68,10.68,8.54,8.54,8.54,8.54,8.54,8.54,10.25,11.1,11.1,10.25,8.11,8.11,8.11,8.11
N_6_5,N_7_6,2.054740508657204,3.37,3.37,3.37,3.37,3.37,3.37,5.59,5.59,6.58,6.58,4.11,4.11,4.11,4.11,4.11,4.11,6.08,7.07,7.07,6.08,3.62,3.62,3.62,3.62
N_6_5,N_5_6,6.722563015187321,6.86,6.86,6.86,6.86,6.86,6.86,10.49,10.49,12.1,12.1,8.07,8.07,8.07,8.07,8.07,8.07,11.29,12.91,12.91,11.29,7.26,7.26,7.26,7.26
N_6_5,N_7_5,3.6772393977284987,3.75,3.75,3.75,3.75,3.75,3.75,5.74,5.74,6.62,6.62,4.41,4.41,4.41,4.41,4.41,4.41,6.18,7.06,7.06,6.18,3.97,3.97,3.97,3.97
N_6_5,N_6_4,6.564080146613685,6.7,6.7,6.7,6.7,6.7,6.7,10.24,10.24,11.82,11.82,7.88,7.88,7.88,7.88,7.88,7.88,11.03,12.6,12.6,11.03,7.09,7.09,7.09,7.09
N_6_6,N_5_6,5.314997650700582,5.42,5.42,5.42,5.42,5.42,5.42,8.29,8.29,9.57,9.57,6.38,6.38,6.38,6.38,6.38,6.38,8.93,10.2,10.2,8.93,5.74,5.74,5.74,5.74
N_6_6,N_4_6,4.273891624349401,4.36,4.36,4.36,4.36,4.36,4.36,6.67,6.67,7.69,7.69,5.13,5.13,5.13,5.13,5.13,5.13,7.18,8.21,8.21,7.18,4.62,4.62,4.62,4.62
N_6_6,N_6_8,1.9486729002952672,3.2,3.2,3.2,3.2,3.2,3.2,5.3,5.3,6.24,6.24,3.9,3.9,3.9,3.9,3.9,3.9,5.77,6.7,6.7,5.77,3.43,3.43,3.43,3.43
N_6_6,N_7_7,2.212329796846961,3.63,3.63,3.63,3.63,3.63,3.63,6.02,6.02,7.08,7.08,4.42,4.42,4.42,4.42,4.42,4.42,6.55,7.61,7.61,6.55,3.89,3.89,3.89,3.89
N_6_7,N_8_7,9.71734072254236,5.39,5.39,5.39,5.39,5.39,5.39,6.7,6.7,7.29,7.29,5.83,5.83,5.83,5.83,5.83,5.83,7.0,7.58,7.58,7.0,5.54,5.54,5.54,5.54
N_6_7,N_7_6,1.3992785869302335,2.29,2.29,2.29,2.29,2.29,2.29,3.81,3.81,4.48,4.48,2.8,2.8,2.8,2.8,2.8,2.8,4.14,4.81,4.81,4.14,2.46,2.46,2.46,2.46
N_6_7,N_5_7,6.008737454042339,6.13,6.13,6.13,6.13,6.13,6.13,9.37,9.37,10.82,10.82,7.21,7.21,7.21,7.21,7.21,7.21,10.09,11.54,11.54,10.09,6.49,6.49,6.49,6.49
N_6_7,N_5_8,6.103698891089249,6.23,6.23,6.23,6.23,6.23,6.23,9.52,9.52,10.99,10.99,7.32,7.32,7.32,7.32,7.32,7.32,10.25,11.72,11.72,10.25,6.59,6.59,6.59,6.59
N_6_8,N_5_9,5.641365498952989,5.75,5.75,5.75,5.75,5.75,5.75,8.8,8.8,10.15,10.15,6.77,6.77,6.77,6.77,6.77,6.77,9.48,10.83,10.83,9.48,6.09,6.09,6.09,6.09
N_6_8,N_6_6,1.9486729002952672,3.2,3.2,3.2,3.2,3.2,3.2,5.3,5.3,6.24,6.24,3.9,3.9,3.9,3.9,3.9,3.9,5.77,6.7,6.7,5.77,3.43,3.43,3.43,3.43
N_6_8,N_6_7,2.187003990078448,3.59,3.59,3.59,3.59,3.59,3.59,5.95,5.95,7.0,7.0,4.37,4.37,4.37,4.37,4.37,4.37,6.47,7.52,7.52,6.47,3.85,3.85,3.85,3.85
N_6_9,N_7_8,6.015756623240314,6.14,6.14,6.14,6.14,6.14,6.14,9.38,9.38,10.83,10.83,7.22,7.22,7.22,7.22,7.22,7.22,10.11,11.55,11.55,10.11,6.5,6.5,6.5,6.5
N_6_9,N_5_8,3.3391411198776644,3.41,3.41,3.41,3.41,3.41,3.41,5.21,5.21,6.01,6.01,4.01,4.01,4.01,4.01,4.01,4.01,5.61,6.41,6.41,5.61,3.61,3.61,3.61,3.61
N_7_0,N_5_0,3.3365527293423427,3.4,3.4,3.4,3.4,3.4,3.4,5.21,5.21,6.01,6.01,4.0,4.0,4.0,4.0,4.0,4.0,5.61,6.41,6.41,5.61,3.6,3.6,3.6,3.6
N_7_0,N_9_0,3.8210653644740864,3.9,3.9,3.9,3.9,3.9,3.9,5.96,5.96,6.88,6.88,4.59,4.59,4.59,4.59,4.59,4.59,6.42,7.34,7.34,6.42,4.13,4.13,4.13,4.13
N_7_1,N_6_2,10.20407167418158,5.66,5.66,5.66,5.66,5.66,5.66,7.04,7.04,7.65,7.65,6.12,6.12,6.12,6.12,6.12,6.12,7.35,7.96,7.96,7.35,5.82,5.82,5.82,5.82
N_7_1,N_5_1,6.897760947485526,7.04,7.04,7.04,7.04,7.04,7.04,10.76,10.76,12.42,12.42,8.28,8.28,8.28,8.28,8.28,8.28,11.59,13.24,13.24,11.59,7.45,7.45,7.45,7.45
N_7_2,N_6_1,1.0106137803984376,1.66,1.66,1.66,1.66,1.66,1.66,2.75,2.75,3.23,3.23,2.02,2.02,2.02,2.02,2.02,2.02,2.99,3.48,3.48,2.99,1.78,1.78,1.78,1.78
N_7_2,N_6_3,12.757284147238153,7.08,7.08,7.08,7.08,7.08,7.08,8.8,8.8,9.57,9.57,7.65,7.65,7.65,7.65,7.65,7.65,9.19,9.95,9.95,9.19,7.27,7.27,7.27,7.27
N_7_2,N_7_3,12.482371781984076,6.93,6.93,6.93,6.93,6.93,6.93,8.61,8.61,9.36,9.36,7.49,7.49,7.49,7.49,7.49,7.49,8.99,9.74,9.74,8.99,7.11,7.11,7.11,7.11
N_7_3,N_6_2,1.0734279007861895,1.76,1.76,1.76,1.76,1.76,1.76,2.92,2.92,3.43,3.43,2.15,2.15,2.15,2.15,2.15,2.15,3.18,3.69,3.69,3.18,1.89,1.89,1.89,1.89
N_7_3,N_8_3,12.828412395820335,7.12,7.12,7.12,7.12,7.12,7.12,8.85,8.85,9.62,9.62,7.7,7.7,7.7,7.7,7.7,7.7,9.24,10.01,10.01,9.24,7.31,7.31,7.31,7.31
N_7_4,N_8_4,6.002341279837019,6.12,6.12,6.12,6.12,6.12,6.12,9.36,9.36,10.8,10.8,7.2,7.2,7.2,7.2,7.2,7.2,10.08,11.52,11.52,10.08,6.48,6.48,6.48,6.48
N_7_4,N_6_4,6.164272759747387,6.29,6.29,6.29,6.29,6.29,6.29,9.62,9.62,11.1,11.1,7.4,7.4,7.4,7.4,7.4,7.4,10.36,11.84,11.84,10.36,6.66,6.66,6.66,6.66
N_7_4,N_8_3,8.329052801162732,4.62,4.62,4.62,4.62,4.62,4.62,5.75,5.75,6.25,6.25,5.0,5.0,5.0,5.0,5.0,5.0,6.0,6.5,6.5,6.0,4.75,4.75,4.75,4.75
N_7_4,N_8_5,5.30070948896576,5.41,5.41,5.41,5.41,5.41,5.41,8.27,8.27,9.54,9.54,6.36,6.36,6.36,6.36,6.36,6.36,8.91,10.18,10.18,8.91,5.72,5.72,5.72,5.72
N_7_5,N_6_5,3.6772393977284987,3.75,3.75,3.75,3.75,3.75,3.75,5.74,5.74,6.62,6.62,4.41,4.41,4.41,4.41,4.41,4.41,6.18,7.06,7.06,6.18,3.97,3.97,3.97,3.97
N_7_5,N_8_4,14.46284220872259,8.03,8.03,8.03,8.03,8.03,8.03,9.98,9.98,10.85,10.85,8.68,8.68,8.68,8.68,8.68,8.68,10.41,11.28,11.28,10.41,8.24,8.24,8.24,8.24
N_7_5,N_6_6,13.272726014367937,7.37,7.37,7.37,7.37,7.37,7.37,9.16,9.16,9.95,9.95,7.96,7.96,7.96,7.96,7.96,7.96,9.56,10.35,10.35,9.56,7.57,7.57,7.57,7.57
N_7_6,N_6_7,1.3992785869302335,2.29,2.29,2.29,2.29,2.29,2.29,3.81,3.81,4.48,4.48,2.8,2.8,2.8,2.8,2.8,2.8,4.14,4.81,4.81,4.14,2.46,2.46,2.46,2.46
N_7_6,N_6_6,4.7609805878861735,4.86,4.86,4.86,4.86,4.86,4.86,7.43,7.43,8.57,8.57,5.71,5.71,5.71,5.71,5.71,5.71,8.0,9.14,9.14,8.0,5.14,5.14,5.14,5.14
N_7_6,N_7_7,4.475564474932391,4.57,4.57,4.57,4.57,4.57,4.57,6.98,6.98,8.06,8.06,5.37,5.37,5.37,5.37,5.37,5.37,7.52,8.59,8.59,7.52,4.83,4.83,4.83,4.83
N_7_7,N_6_6,2.212329796846961,3.63,3.63,3.63,3.63,3.63,3.63,6.02,6.02,7.08,7.08,4.42,4.42,4.42,4.42,4.42,4.42,6.55,7.61,7.61,6.55,3.89,3.89,3.89,3.89
N_7_7,N_7_6,5.146406134867741,5.25,5.25,5.25,5.25,5.25,5.25,8.03,8.03,9.26,9.26,6.18,6.18,6.18,6.18,6.18,6.18,8.65,9.88,9.88,8.65,5.56,5.56,5.56,5.56
N_7_7,N_5_7,5.361394331672344,5.47,5.47,5.47,5.47,5.47,5.47,8.36,8.36,9.65,9.65,6.43,6.43,6.43,6.43,6.43,6.43,9.01,10.29,10.29,9.01,5.79,5.79,5.79,5.79
N_7_7,N_7_5,6.4116332312140205,6.54,6.54,6.54,6.54,6.54,6.54,10.0,10.0,11.54,11.54,7.69,7.69,7.69,7.69,7.69,7.69,10.77,12.31,12.31,10.77,6.92,6.92,6.92,6.92
N_7_8,N_6_9,6.015756623240314,6.14,6.14,6.14,6.14,6.14,6.14,9.38,9.38,10.83,10.83,7.22,7.22,7.22,7.22,7.22,7.22,10.11,11.55,11.55,10.11,6.5,6.5,6.5,6.5
N_7_8,N_6_8,4.634627351735578,4.73,4.73,4.73,4.73,4.73,4.73,7.23,7.23,8.34,8.34,5.56,5.56,5.56,5.56,5.56,5.56,7.79,8.9,8.9,7.79,5.01,5.01,5.01,5.01
N_7_9,N_9_9,2.2012852964641247,3.61,3.61,3.61,3.61,3.61,3.61,5.99,5.99,7.04,7.04,4.4,4.4,4.4,4.4,4.4,4.4,6.52,7.57,7.57,6.52,3.87,3.87,3.87,3.87
N_7_9,N_8_9,2.4889140509587495,4.08,4.08,4.08,4.08,4.08,4.08,6.77,6.77,7.96,7.96,4.98,4.98,4.98,4.98,4.98,4.98,7.37,8.56,8.56,7.37,4.38,4.38,4.38,4.38
N_7_9,N_6_9,1.0067029710593236,1.65,1.65,1.65,1.65,1.65,1.65,2.74,2.74,3.22,3.22,2.01,2.01,2.01,2.01,2.01,2.01,2.98,3.46,3.46,2.98,1.77,1.77,1.77,1.77
N_7_9,N_6_8,14.889251486120873,8.26,8.26,8.26,8.26,8.26,8.26,10.27,10.27,11.17,11.17,8.93,8.93,8.93,8.93,8.93,8.93,10.72,11.61,11.61,10.72,8.49,8.49,8.49,8.49
N_8_0,N_9_0,3.2648299517555652,3.33,3.33,3.33,3.33,3.33,3.33,5.09,5.09,5.88,5.88,3.92,3.92,3.92,3.92,3.92,3.92,5.48,6.27,6.27,5.48,3.53,3.53,3.53,3.53
N_8_0,N_7_1,12.5283967139348,6.95,6.95,6.95,6.95,6.95,6.95,8.64,8.64,9.4,9.4,7.52,7.52,7.52,7.52,7.52,7.52,9.02,9.77,9.77,9.02,7.14,7.14,7.14,7.14
N_8_0,N_6_0,4.5436297232970375,4.63,4.63,4.63,4.63,4.63,4.63,7.09,7.09,8.18,8.18,5.45,5.45,5.45,5.45,5.45,5.45,7.63,8.72,8.72,7.63,4.91,4.91,4.91,4.91
N_8_0,N_8_2,2.47471106550491,4.06,4.06,4.06,4.06,4.06,4.06,6.73,6.73,7.92,7.92,4.95,4.95,4.95,4.95,4.95,4.95,7.33,8.51,8.51,7.33,4.36,4.36,4.36,4.36
N_8_1,N_9_1,4.200524576404538,4.28,4.28,4.28,4.28,4.28,4.28,6.55,6.55,7.56,7.56,5.04,5.04,5.04,5.04,5.04,5.04,7.06,8.07,8.07,7.06,4.54,4.54,4.54,4.54
N_8_1,N_9_0,3.535132199418357,3.61,3.61,3.61,3.61,3.61,3.61,5.51,5.51,6.36,6.36,4.24,4.24,4.24,4.24,4.24,4.24,5.94,6.79,6.79,5.94,3.82,3.82,3.82,3.82
N_8_2,N_9_3,5.210485955593188,5.31,5.31,5.31,5.31,5.31,5.31,8.13,8.13,9.38,9.38,6.25,6.25,6.25,6.25,6.25,6.25,8.75,10.0,10.0,8.75,5.63,5.63,5.63,5.63
N_8_2,N_8_1,1.4580909432628606,2.39,2.39,2.39,2.39,2.39,2.39,3.97,3.97,4.67,4.67,2.92,2.92,2.92,2.92,2.92,2.92,4.32,5.02,5.02,4.32,2.57,2.57,2.57,2.57
N_8_2,N_9_2,2.1624513321198067,3.55,3.55,3.55,3.55,3.55,3.55,5.88,5.88,6.92,6.92,4.32,4.32,4.32,4.32,4.32,4.32,6.4,7.44,7.44,6.4,3.81,3.81,3.81,3.81
N_8_2,N_8_3,5.196058049269597,5.3,5.3,5.3,5.3,5.3,5.3,8.11,8.11,9.35,9.35,6.24,6.24,6.24,6.24,6.24,6.24,8.73,9.98,9.98,8.73,5.61,5.61,5.61,5.61
N_8_3,N_6_3,6.398120652518633,6.53,6.53,6.53,6.53,6.53,6.53,9.98,9.98,11.52,11.52,7.68,7.68,7.68,7.68,7.68,7.68,10.75,12.28,12.28,10.75,6.91,6.91,6.91,6.91
N_8_3,N_7_3,12.828412395820335,7.12,7.12,7.12,7.12,7.12,7.12,8.85,8.85,9.62,9.62,7.7,7.7,7.7,7.7,7.7,7.7,9.24,10.01,10.01,9.24,7.31,7.31,7.31,7.31
N_8_3,N_8_2,5.196058049269597,5.3,5.3,5.3,5.3,5.3,5.3,8.11,8.11,9.35,9.35,6.24,6.24,6.24,6.24,6.24,6.24,8.73,9.98,9.98,8.73,5.61,5.61,5.61,5.61
N_8_3,N_8_1,5.196561230284524,5.3,5.3,5.3,5.3,5.3,5.3,8.11,8.11,9.35,9.35,6.24,6.24,6.24,6.24,6.24,6.24,8.73,9.98,9.98,8.73,5.61,5.61,5.61,5.61
N_8_4,N_6_4,14.235925124149299,7.9,7.9,7.9,7.9,7.9,7.9,9.82,9.82,10.68,10.68,8.54,8.54,8.54,8.54,8.54,8.54,10.25,11.1,11.1,10.25,8.11,8.11,8.11,8.11
N_8_4,N_7_4,6.002341279837019,6.12,6.12,6.12,6.12,6.12,6.12,9.36,9.36,10.8,10.8,7.2,7.2,7.2,7.2,7.2,7.2,10.08,11.52,11.52,10.08,6.48,6.48,6.48,6.48
N_8_5,N_7_4,5.30070948896576,5.41,5.41,5.41,5.41,5.41,5.41,8.27,8.27,9.54,9.54,6.36,6.36,6.36,6.36,6.36,6.36,8.91,10.18,10.18,8.91,5.72,5.72,5.72,5.72
N_8_5,N_7_6,3.8661798868355257,3.94,3.94,3.94,3.94,3.94,3.94,6.03,6.03,6.96,6.96,4.64,4.64,4.64,4.64,4.64,4.64,6.5,7.42,7.42,6.5,4.18,4.18,4.18,4.18
N_8_5,N_9_4,13.683402023792427,7.59,7.59,7.59,7.59,7.59,7.59,9.44,9.44,10.26,10.26,8.21,8.21,8.21,8.21,8.21,8.21,9.85,10.67,10.67,9.85,7.8,7.8,7.8,7.8
N_8_6,N_9_5,6.0954616993189195,6.22,6.22,6.22,6.22,6.22,6.22,9.51,9.51,10.97,10.97,7.31,7.31,7.31,7.31,7.31,7.31,10.24,11.7,11.7,10.24,6.58,6.58,6.58,6.58
N_8_6,N_9_7,4.583009457355589,4.67,4.67,4.67,4.67,4.67,4.67,7.15,7.15,8.25,8.25,5.5,5.5,5.5,5.5,5.5,5.5,7.7,8.8,8.8,7.7,4.95,4.95,4.95,4.95
N_8_6,N_9_6,3.281142120955506,3.35,3.35,3.35,3.35,3.35,3.35,5.12,5.12,5.91,5.91,3.94,3.94,3.94,3.94,3.94,3.94,5.51,6.3,6.3,5.51,3.54,3.54,3.54,3.54
N_8_7,N_6_7,9.71734072254236,5.39,5.39,5.39,5.39,5.39,5.39,6.7,6.7,7.29,7.29,5.83,5.83,5.83,5.83,5.83,5.83,7.0,7.58,7.58,7.0,5.54,5.54,5.54,5.54
N_8_7,N_8_6,2.423333060640506,3.97,3.97,3.97,3.97,3.97,3.97,6.59,6.59,7.75,7.75,4.85,4.85,4.85,4.85,4.85,4.85,7.17,8.34,8.34,7.17,4.27,4.27,4.27,4.27
N_8_7,N_8_9,0.5363068130897273,0.88,0.88,0.88,0.88,0.88,0.88,1.46,1.46,1.72,1.72,1.07,1.07,1.07,1.07,1.07,1.07,1.59,1.84,1.84,1.59,0.94,0.94,0.94,0.94
N_8_7,N_7_8,5.17795717692489,5.28,5.28,5.28,5.28,5.28,5.28,8.08,8.08,9.32,9.32,6.21,6.21,6.21,6.21,6.21,6.21,8.7,9.94,9.94,8.7,5.59,5.59,5.59,5.59
N_8_8,N_7_8,1.6832738657259334,2.76,2.76,2.76,2.76,2.76,2.76,4.58,4.58,5.39,5.39,3.37,3.37,3.37,3.37,3.37,3.37,4.98,5.79,5.79,4.98,2.96,2.96,2.96,2.96
N_8_8,N_7_7,11.242346299064202,6.24,6.24,6.24,6.24,6.24,6.24,7.76,7.76,8.43,8.43,6.75,6.75,6.75,6.75,6.75,6.75,8.09,8.77,8.77,8.09,6.41,6.41,6.41,6.41
N_8_8,N_9_9,5.130956309190086,5.23,5.23,5.23,5.23,5.23,5.23,8.0,8.0,9.24,9.24,6.16,6.16,6.16,6.16,6.16,6.16,8.62,9.85,9.85,8.62,5.54,5.54,5.54,5.54
N_8_9,N_8_7,0.5363068130897273,0.88,0.88,0.88,0.88,0.88,0.88,1.46,1.46,1.72,1.72,1.07,1.07,1.07,1.07,1.07,1.07,1.59,1.84,1.84,1.59,0.94,0.94,0.94,0.94
N_8_9,N_6_9,1.5690971073621456,2.57,2.57,2.57,2.57,2.57,2.57,4.27,4.27,5.02,5.02,3.14,3.14,3.14,3.14,3.14,3.14,4.64,5.4,5.4,4.64,2.76,2.76,2.76,2.76
N_8_9,N_9_9,5.113418071008636,5.22,5.22,5.22,5.22,5.22,5.22,7.98,7.98,9.2,9.2,6.14,6.14,6.14,6.14,6.14,6.14,8.59,9.82,9.82,8.59,5.52,5.52,5.52,5.52
N_8_9,N_7_8,10.700020057418094,5.94,5.94,5.94,5.94,5.94,5.94,7.38,7.38,8.03,8.03,6.42,6.42,6.42,6.42,6.42,6.42,7.7,8.35,8.35,7.7,6.1,6.1,6.1,6.1
N_9_0,N_8_1,3.535132199418357,3.61,3.61,3.61,3.61,3.61,3.61,5.51,5.51,6.36,6.36,4.24,4.24,4.24,4.24,4.24,4.24,5.94,6.79,6.79,5.94,3.82,3.82,3.82,3.82
N_9_0,N_7_0,14.41914146779685,8.0,8.0,8.0,8.0,8.0,8.0,9.95,9.95,10.81,10.81,8.65,8.65,8.65,8.65,8.65,8.65,10.38,11.25,11.25,10.38,8.22,8.22,8.22,8.22
N_9_0,N_9_1,10.306938490293785,5.72,5.72,5.72,5.72,5.72,5.72,7.11,7.11,7.73,7.73,6.18,6.18,6.18,6.18,6.18,6.18,7.42,8.04,8.04,7.42,5.87,5.87,5.87,5.87
N_9_1,N_8_1,4.200524576404538,4.28,4.28,4.28,4.28,4.28,4.28,6.55,6.55,7.56,7.56,5.04,5.04,5.04,5.04,5.04,5.04,7.06,8.07,8.07,7.06,4.54,4.54,4.54,4.54
N_9_1,N_9_3,6.087300182456967,6.21,6.21,6.21,6.21,6.21,6.21,9.5,9.5,10.96,10.96,7.3,7.3,7.3,7.3,7.3,7.3,10.23,11.69,11.69,10.23,6.57,6.57,6.57,6.57
N_9_2,N_8_2,2.1624513321198067,3.55,3.55,3.55,3.55,3.55,3.55,5.88,5.88,6.92,6.92,4.32,4.32,4.32,4.32,4.32,4.32,6.4,7.44,7.44,6.4,3.81,3.81,3.81,3.81
N_9_2,N_9_1,6.871511831999507,7.01,7.01,7.01,7.01,7.01,7.01,10.72,10.72,12.37,12.37,8.25,8.25,8.25,8.25,8.25,8.25,11.54,13.19,13.19,11.54,7.42,7.42,7.42,7.42
N_9_2,N_7_2,6.486669900384635,6.62,6.62,6.62,6.62,6.62,6.62,10.12,10.12,11.68,11.68,7.78,7.78,7.78,7.78,7.78,7.78,10.9,12.45,12.45,10.9,7.01,7.01,7.01,7.01
N_9_3,N_8_2,5.210485955593188,5.31,5.31,5.31,5.31,5.31,5.31,8.13,8.13,9.38,9.38,6.25,6.25,6.25,6.25,6.25,6.25,8.75,10.0,10.0,8.75,5.63,5.63,5.63,5.63
N_9_3,N_9_5,6.613524851689887,6.75,6.75,6.75,6.75,6.75,6.75,10.32,10.32,11.9,11.9,7.94,7.94,7.94,7.94,7.94,7.94,11.11,12.7,12.7,11.11,7.14,7.14,7.14,7.14
N_9_3,N_8_3,4.072857807656003,4.15,4.15,4.15,4.15,4.15,4.15,6.35,6.35,7.33,7.33,4.89,4.89,4.89,4.89,4.89,4.89,6.84,7.82,7.82,6.84,4.4,4.4,4.4,4.4
N_9_4,N_8_5,13.683402023792427,7.59,7.59,7.59,7.59,7.59,7.59,9.44,9.44,10.26,10.26,8.21,8.21,8.21,8.21,8.21,8.21,9.85,10.67,10.67,9.85,7.8,7.8,7.8,7.8
N_9_4,N_9_5,9.404198805322121,5.22,5.22,5.22,5.22,5.22,5.22,6.49,6.49,7.05,7.05,5.64,5.64,5.64,5.64,5.64,5.64,6.77,7.34,7.34,6.77,5.36,5.36,5.36,5.36
N_9_4,N_7_4,8.000718411575711,4.44,4.44,4.44,4.44,4.44,4.44,5.52,5.52,6.0,6.0,4.8,4.8,4.8,4.8,4.8,4.8,5.76,6.24,6.24,5.76,4.56,4.56,4.56,4.56
N_9_4,N_9_3,5.604462320806947,5.72,5.72,5.72,5.72,5.72,5.72,8.74,8.74,10.09,10.09,6.73,6.73,6.73,6.73,6.73,6.73,9.42,10.76,10.76,9.42,6.05,6.05,6.05,6.05
N_9_5,N_8_6,6.0954616993189195,6.22,6.22,6.22,6.22,6.22,6.22,9.51,9.51,10.97,10.97,7.31,7.31,7.31,7.31,7.31,7.31,10.24,11.7,11.7,10.24,6.58,6.58,6.58,6.58
N_9_5,N_9_3,6.613524851689887,6.75,6.75,6.75,6.75,6.75,6.75,10.32,10.32,11.9,11.9,7.94,7.94,7.94,7.94,7.94,7.94,11.11,12.7,12.7,11.11,7.14,7.14,7.14,7.14
N_9_6,N_7_6,9.163573130196559,5.09,5.09,5.09,5.09,5.09,5.09,6.32,6.32,6.87,6.87,5.5,5.5,5.5,5.5,5.5,5.5,6.6,7.15,7.15,6.6,5.22,5.22,5.22,5.22
N_9_6,N_8_6,1.3543532823246094,2.22,2.22,2.22,2.22,2.22,2.22,3.68,3.68,4.33,4.33,2.71,2.71,2.71,2.71,2.71,2.71,4.01,4.66,4.66,4.01,2.38,2.38,2.38,2.38
N_9_6,N_9_8,8.698392161342783,4.83,4.83,4.83,4.83,4.83,4.83,6.0,6.0,6.52,6.52,5.22,5.22,5.22,5.22,5.22,5.22,6.26,6.78,6.78,6.26,4.96,4.96,4.96,4.96
N_9_7,N_9_9,6.251826060044799,6.38,6.38,6.38,6.38,6.38,6.38,9.75,9.75,11.25,11.25,7.5,7.5,7.5,7.5,7.5,7.5,10.5,12.0,12.0,10.5,6.75,6.75,6.75,6.75
N_9_7,N_8_6,0.9418276712534717,1.54,1.54,1.54,1.54,1.54,1.54,2.56,2.56,3.01,3.01,1.88,1.88,1.88,1.88,1.88,1.88,2.79,3.24,3.24,2.79,1.66,1.66,1.66,1.66
N_9_8,N_9_6,8.698392161342783,4.83,4.83,4.83,4.83,4.83,4.83,6.0,6.0,6.52,6.52,5.22,5.22,5.22,5.22,5.22,5.22,6.26,6.78,6.78,6.26,4.96,4.96,4.96,4.96
N_9_8,N_7_8,3.112240783184804,3.17,3.17,3.17,3.17,3.17,3.17,4.86,4.86,5.6,5.6,3.73,3.73,3.73,3.73,3.73,3.73,5.23,5.98,5.98,5.23,3.36,3.36,3.36,3.36
N_9_8,N_8_7,5.609134581627227,5.72,5.72,5.72,5.72,5.72,5.72,8.75,8.75,10.1,10.1,6.73,6.73,6.73,6.73,6.73,6.73,9.42,10.77,10.77,9.42,6.06,6.06,6.06,6.06
N_9_8,N_8_9,9.713557429526771,5.39,5.39,5.39,5.39,5.39,5.39,6.7,6.7,7.29,7.29,5.83,5.83,5.83,5.83,5.83,5.83,6.99,7.58,7.58,6.99,5.54,5.54,5.54,5.54
N_9_9,N_7_9,2.2012852964641247,3.61,3.61,3.61,3.61,3.61,3.61,5.99,5.99,7.04,7.04,4.4,4.4,4.4,4.4,4.4,4.4,6.52,7.57,7.57,6.52,3.87,3.87,3.87,3.87
N_9_9,N_8_9,5.113418071008636,5.22,5.22,5.22,5.22,5.22,5.22,7.98,7.98,9.2,9.2,6.14,6.14,6.14,6.14,6.14,6.14,8.59,9.82,9.82,8.59,5.52,5.52,5.52,5.52
