node_id,x,y
N_0_0,0.0,0.0
N_0_1,0.0,1.0
N_0_10,0.0,10.0
N_0_11,0.0,11.0
N_0_12,0.0,12.0
N_0_13,0.0,13.0
N_0_14,0.0,14.0
N_0_15,0.0,15.0
N_0_16,0.0,16.0
N_0_17,0.0,17.0
N_0_18,0.0,18.0
N_0_19,0.0,19.0
N_0_2,0.0,2.0
N_0_20,0.0,20.0
N_0_21,0.0,21.0
N_0_22,0.0,22.0
N_0_23,0.0,23.0
N_0_24,0.0,24.0
N_0_25,0.0,25.0
N_0_26,0.0,26.0
N_0_27,0.0,27.0
N_0_28,0.0,28.0
N_0_29,0.0,29.0
N_0_3,0.0,3.0
N_0_30,0.0,30.0
N_0_31,0.0,31.0
N_0_32,0.0,32.0
N_0_33,0.0,33.0
N_0_34,0.0,34.0
N_0_35,0.0,35.0
N_0_36,0.0,36.0
N_0_37,0.0,37.0
N_0_38,0.0,38.0
N_0_39,0.0,39.0
N_0_4,0.0,4.0
N_0_40,0.0,40.0
N_0_41,0.0,41.0
N_0_42,0.0,42.0
N_0_43,0.0,43.0
N_0_44,0.0,44.0
N_0_45,0.0,45.0
N_0_46,0.0,46.0
N_0_47,0.0,47.0
N_0_48,0.0,48.0
N_0_49,0.0,49.0
N_0_5,0.0,5.0
N_0_50,0.0,50.0
N_0_51,0.0,51.0
N_0_52,0.0,52.0
N_0_53,0.0,53.0
N_0_54,0.0,54.0
N_0_55,0.0,55.0
N_0_56,0.0,56.0
N_0_57,0.0,57.0
N_0_58,0.0,58.0
N_0_59,0.0,59.0
N_0_6,0.0,6.0
N_0_60,0.0,60.0
N_0_61,0.0,61.0
N_0_62,0.0,62.0
N_0_63,0.0,63.0
N_0_64,0.0,64.0
N_0_65,0.0,65.0
N_0_66,0.0,66.0
N_0_67,0.0,67.0
N_0_68,0.0,68.0
N_0_69,0.0,69.0
N_0_7,0.0,7.0
N_0_70,0.0,70.0
N_0_71,0.0,71.0
N_0_72,0.0,72.0
N_0_73,0.0,73.0
N_0_74,0.0,74.0
N_0_75,0.0,75.0
N_0_76,0.0,76.0
N_0_77,0.0,77.0
N_0_78,0.0,78.0
N_0_79,0.0,79.0
N_0_8,0.0,8.0
N_0_80,0.0,80.0
N_0_81,0.0,81.0
N_0_82,0.0,82.0
N_0_83,0.0,83.0
N_0_84,0.0,84.0
N_0_85,0.0,85.0
N_0_86,0.0,86.0
N_0_87,0.0,87.0
N_0_88,0.0,88.0
N_0_89,0.0,89.0
N_0_9,0.0,9.0
N_0_90,0.0,90.0
N_0_91,0.0,91.0
N_0_92,0.0,92.0
N_0_93,0.0,93.0
N_0_94,0.0,94.0
N_0_95,0.0,95.0
N_0_96,0.0,96.0
N_0_97,0.0,97.0
N_0_98,0.0,98.0
N_0_99,0.0,99.0
N_10_0,10.0,0.0
N_10_1,10.0,1.0
N_10_10,10.0,10.0
N_10_11,10.0,11.0
N_10_12,10.0,12.0
N_10_13,10.0,13.0
N_10_14,10.0,14.0
N_10_15,10.0,15.0
N_10_16,10.0,16.0
N_10_17,10.0,17.0
N_10_18,10.0,18.0
N_10_19,10.0,19.0
N_10_2,10.0,2.0
N_10_20,10.0,20.0
N_10_21,10.0,21.0
N_10_22,10.0,22.0
N_10_23,10.0,23.0
N_10_24,10.0,24.0
N_10_25,10.0,25.0
N_10_26,10.0,26.0
N_10_27,10.0,27.0
N_10_28,10.0,28.0
N_10_29,10.0,29.0
N_10_3,10.0,3.0
N_10_30,10.0,30.0
N_10_31,10.0,31.0
N_10_32,10.0,32.0
N_10_33,10.0,33.0
N_10_34,10.0,34.0
N_10_35,10.0,35.0
N_10_36,10.0,36.0
N_10_37,10.0,37.0
N_10_38,10.0,38.0
N_10_39,10.0,39.0
N_10_4,10.0,4.0
N_10_40,10.0,40.0
N_10_41,10.0,41.0
N_10_42,10.0,42.0
N_10_43,10.0,43.0
N_10_44,10.0,44.0
N_10_45,10.0,45.0
N_10_46,10.0,46.0
N_10_47,10.0,47.0
N_10_48,10.0,48.0
N_10_49,10.0,49.0
N_10_5,10.0,5.0
N_10_50,10.0,50.0
N_10_51,10.0,51.0
N_10_52,10.0,52.0
N_10_53,10.0,53.0
N_10_54,10.0,54.0
N_10_55,10.0,55.0
N_10_56,10.0,56.0
N_10_57,10.0,57.0
N_10_58,10.0,58.0
N_10_59,10.0,59.0
N_10_6,10.0,6.0
N_10_60,10.0,60.0
N_10_61,10.0,61.0
N_10_62,10.0,62.0
N_10_63,10.0,63.0
N_10_64,10.0,64.0
N_10_65,10.0,65.0
N_10_66,10.0,66.0
N_10_67,10.0,67.0
N_10_68,10.0,68.0
N_10_69,10.0,69.0
N_10_7,10.0,7.0
N_10_70,10.0,70.0
N_10_71,10.0,71.0
N_10_72,10.0,72.0
N_10_73,10.0,73.0
N_10_74,10.0,74.0
N_10_75,10.0,75.0
N_10_76,10.0,76.0
N_10_77,10.0,77.0
N_10_78,10.0,78.0
N_10_79,10.0,79.0
N_10_8,10.0,8.0
N_10_80,10.0,80.0
N_10_81,10.0,81.0
N_10_82,10.0,82.0
N_10_83,10.0,83.0
N_10_84,10.0,84.0
N_10_85,10.0,85.0
N_10_86,10.0,86.0
N_10_87,10.0,87.0
N_10_88,10.0,88.0
N_10_89,10.0,89.0
N_10_9,10.0,9.0
N_10_90,10.0,90.0
N_10_91,10.0,91.0
N_10_92,10.0,92.0
N_10_93,10.0,93.0
N_10_94,10.0,94.0
N_10_95,10.0,95.0
N_10_96,10.0,96.0
N_10_97,10.0,97.0
N_10_98,10.0,98.0
N_10_99,10.0,99.0
N_11_0,11.0,0.0
N_11_1,11.0,1.0
N_11_10,11.0,10.0
N_11_11,11.0,11.0
N_11_12,11.0,12.0
N_11_13,11.0,13.0
N_11_14,11.0,14.0
N_11_15,11.0,15.0
N_11_16,11.0,16.0
N_11_17,11.0,17.0
N_11_18,11.0,18.0
N_11_19,11.0,19.0
N_11_2,11.0,2.0
N_11_20,11.0,20.0
N_11_21,11.0,21.0
N_11_22,11.0,22.0
N_11_23,11.0,23.0
N_11_24,11.0,24.0
N_11_25,11.0,25.0
N_11_26,11.0,26.0
N_11_27,11.0,27.0
N_11_28,11.0,28.0
N_11_29,11.0,29.0
N_11_3,11.0,3.0
N_11_30,11.0,30.0
N_11_31,11.0,31.0
N_11_32,11.0,32.0
N_11_33,11.0,33.0
N_11_34,11.0,34.0
N_11_35,11.0,35.0
N_11_36,11.0,36.0
N_11_37,11.0,37.0
N_11_38,11.0,38.0
N_11_39,11.0,39.0
N_11_4,11.0,4.0
N_11_40,11.0,40.0
N_11_41,11.0,41.0
N_11_42,11.0,42.0
N_11_43,11.0,43.0
N_11_44,11.0,44.0
N_11_45,11.0,45.0
N_11_46,11.0,46.0
N_11_47,11.0,47.0
N_11_48,11.0,48.0
N_11_49,11.0,49.0
N_11_5,11.0,5.0
N_11_50,11.0,50.0
N_11_51,11.0,51.0
N_11_52,11.0,52.0
N_11_53,11.0,53.0
N_11_54,11.0,54.0
N_11_55,11.0,55.0
N_11_56,11.0,56.0
N_11_57,11.0,57.0
N_11_58,11.0,58.0
N_11_59,11.0,59.0
N_11_6,11.0,6.0
N_11_60,11.0,60.0
N_11_61,11.0,61.0
N_11_62,11.0,62.0
N_11_63,11.0,63.0
N_11_64,11.0,64.0
N_11_65,11.0,65.0
N_11_66,11.0,66.0
N_11_67,11.0,67.0
N_11_68,11.0,68.0
N_11_69,11.0,69.0
N_11_7,11.0,7.0
N_11_70,11.0,70.0
N_11_71,11.0,71.0
N_11_72,11.0,72.0
N_11_73,11.0,73.0
N_11_74,11.0,74.0
N_11_75,11.0,75.0
N_11_76,11.0,76.0
N_11_77,11.0,77.0
N_11_78,11.0,78.0
N_11_79,11.0,79.0
N_11_8,11.0,8.0
N_11_80,11.0,80.0
N_11_81,11.0,81.0
N_11_82,11.0,82.0
N_11_83,11.0,83.0
N_11_84,11.0,84.0
N_11_85,11.0,85.0
N_11_86,11.0,86.0
N_11_87,11.0,87.0
N_11_88,11.0,88.0
N_11_89,11.0,89.0
N_11_9,11.0,9.0
N_11_90,11.0,90.0
N_11_91,11.0,91.0
N_11_92,11.0,92.0
N_11_93,11.0,93.0
N_11_94,11.0,94.0
N_11_95,11.0,95.0
N_11_96,11.0,96.0
N_11_97,11.0,97.0
N_11_98,11.0,98.0
N_11_99,11.0,99.0
N_12_0,12.0,0.0
N_12_1,12.0,1.0
N_12_10,12.0,10.0
N_12_11,12.0,11.0
N_12_12,12.0,12.0
N_12_13,12.0,13.0
N_12_14,12.0,14.0
N_12_15,12.0,15.0
N_12_16,12.0,16.0
N_12_17,12.0,17.0
N_12_18,12.0,18.0
N_12_19,12.0,19.0
N_12_2,12.0,2.0
N_12_20,12.0,20.0
N_12_21,12.0,21.0
N_12_22,12.0,22.0
N_12_23,12.0,23.0
N_12_24,12.0,24.0
N_12_25,12.0,25.0
N_12_26,12.0,26.0
N_12_27,12.0,27.0
N_12_28,12.0,28.0
N_12_29,12.0,29.0
N_12_3,12.0,3.0
N_12_30,12.0,30.0
N_12_31,12.0,31.0
N_12_32,12.0,32.0
N_12_33,12.0,33.0
N_12_34,12.0,34.0
N_12_35,12.0,35.0
N_12_36,12.0,36.0
N_12_37,12.0,37.0
N_12_38,12.0,38.0
N_12_39,12.0,39.0
N_12_4,12.0,4.0
N_12_40,12.0,40.0
N_12_41,12.0,41.0
N_12_42,12.0,42.0
N_12_43,12.0,43.0
N_12_44,12.0,44.0
N_12_45,12.0,45.0
N_12_46,12.0,46.0
N_12_47,12.0,47.0
N_12_48,12.0,48.0
N_12_49,12.0,49.0
N_12_5,12.0,5.0
N_12_50,12.0,50.0
N_12_51,12.0,51.0
N_12_52,12.0,52.0
N_12_53,12.0,53.0
N_12_54,12.0,54.0
N_12_55,12.0,55.0
N_12_56,12.0,56.0
N_12_57,12.0,57.0
N_12_58,12.0,58.0
N_12_59,12.0,59.0
N_12_6,12.0,6.0
N_12_60,12.0,60.0
N_12_61,12.0,61.0
N_12_62,12.0,62.0
N_12_63,12.0,63.0
N_12_64,12.0,64.0
N_12_65,12.0,65.0
N_12_66,12.0,66.0
N_12_67,12.0,67.0
N_12_68,12.0,68.0
N_12_69,12.0,69.0
N_12_7,12.0,7.0
N_12_70,12.0,70.0
N_12_71,12.0,71.0
N_12_72,12.0,72.0
N_12_73,12.0,73.0
N_12_74,12.0,74.0
N_12_75,12.0,75.0
N_12_76,12.0,76.0
N_12_77,12.0,77.0
N_12_78,12.0,78.0
N_12_79,12.0,79.0
N_12_8,12.0,8.0
N_12_80,12.0,80.0
N_12_81,12.0,81.0
N_12_82,12.0,82.0
N_12_83,12.0,83.0
N_12_84,12.0,84.0
N_12_85,12.0,85.0
N_12_86,12.0,86.0
N_12_87,12.0,87.0
N_12_88,12.0,88.0
N_12_89,12.0,89.0
N_12_9,12.0,9.0
N_12_90,12.0,90.0
N_12_91,12.0,91.0
N_12_92,12.0,92.0
N_12_93,12.0,93.0
N_12_94,12.0,94.0
N_12_95,12.0,95.0
N_12_96,12.0,96.0
N_12_97,12.0,97.0
N_12_98,12.0,98.0
N_12_99,12.0,99.0
N_13_0,13.0,0.0
N_13_1,13.0,1.0
N_13_10,13.0,10.0
N_13_11,13.0,11.0
N_13_12,13.0,12.0
N_13_13,13.0,13.0
N_13_14,13.0,14.0
N_13_15,13.0,15.0
N_13_16,13.0,16.0
N_13_17,13.0,17.0
N_13_18,13.0,18.0
N_13_19,13.0,19.0
N_13_2,13.0,2.0
N_13_20,13.0,20.0
N_13_21,13.0,21.0
N_13_22,13.0,22.0
N_13_23,13.0,23.0
N_13_24,13.0,24.0
N_13_25,13.0,25.0
N_13_26,13.0,26.0
N_13_27,13.0,27.0
N_13_28,13.0,28.0
N_13_29,13.0,29.0
N_13_3,13.0,3.0
N_13_30,13.0,30.0
N_13_31,13.0,31.0
N_13_32,13.0,32.0
N_13_33,13.0,33.0
N_13_34,13.0,34.0
N_13_35,13.0,35.0
N_13_36,13.0,36.0
N_13_37,13.0,37.0
N_13_38,13.0,38.0
N_13_39,13.0,39.0
N_13_4,13.0,4.0
N_13_40,13.0,40.0
N_13_41,13.0,41.0
N_13_42,13.0,42.0
N_13_43,13.0,43.0
N_13_44,13.0,44.0
N_13_45,13.0,45.0
N_13_46,13.0,46.0
N_13_47,13.0,47.0
N_13_48,13.0,48.0
N_13_49,13.0,49.0
N_13_5,13.0,5.0
N_13_50,13.0,50.0
N_13_51,13.0,51.0
N_13_52,13.0,52.0
N_13_53,13.0,53.0
N_13_54,13.0,54.0
N_13_55,13.0,55.0
N_13_56,13.0,56.0
N_13_57,13.0,57.0
N_13_58,13.0,58.0
N_13_59,13.0,59.0
N_13_6,13.0,6.0
N_13_60,13.0,60.0
N_13_61,13.0,61.0
N_13_62,13.0,62.0
N_13_63,13.0,63.0
N_13_64,13.0,64.0
N_13_65,13.0,65.0
N_13_66,13.0,66.0
N_13_67,13.0,67.0
N_13_68,13.0,68.0
N_13_69,13.0,69.0
N_13_7,13.0,7.0
N_13_70,13.0,70.0
N_13_71,13.0,71.0
N_13_72,13.0,72.0
N_13_73,13.0,73.0
N_13_74,13.0,74.0
N_13_75,13.0,75.0
N_13_76,13.0,76.0
N_13_77,13.0,77.0
N_13_78,13.0,78.0
N_13_79,13.0,79.0
N_13_8,13.0,8.0
N_13_80,13.0,80.0
N_13_81,13.0,81.0
N_13_82,13.0,82.0
N_13_83,13.0,83.0
N_13_84,13.0,84.0
N_13_85,13.0,85.0
N_13_86,13.0,86.0
N_13_87,13.0,87.0
N_13_88,13.0,88.0
N_13_89,13.0,89.0
N_13_9,13.0,9.0
N_13_90,13.0,90.0
N_13_91,13.0,91.0
N_13_92,13.0,92.0
N_13_93,13.0,93.0
N_13_94,13.0,94.0
N_13_95,13.0,95.0
N_13_96,13.0,96.0
N_13_97,13.0,97.0
N_13_98,13.0,98.0
N_13_99,13.0,99.0
N_14_0,14.0,0.0
N_14_1,14.0,1.0
N_14_10,14.0,10.0
N_14_11,14.0,11.0
N_14_12,14.0,12.0
N_14_13,14.0,13.0
N_14_14,14.0,14.0
N_14_15,14.0,15.0
N_14_16,14.0,16.0
N_14_17,14.0,17.0
N_14_18,14.0,18.0
N_14_19,14.0,19.0
N_14_2,14.0,2.0
N_14_20,14.0,20.0
N_14_21,14.0,21.0
N_14_22,14.0,22.0
N_14_23,14.0,23.0
N_14_24,14.0,24.0
N_14_25,14.0,25.0
N_14_26,14.0,26.0
N_14_27,14.0,27.0
N_14_28,14.0,28.0
N_14_29,14.0,29.0
N_14_3,14.0,3.0
N_14_30,14.0,30.0
N_14_31,14.0,31.0
N_14_32,14.0,32.0
N_14_33,14.0,33.0
N_14_34,14.0,34.0
N_14_35,14.0,35.0
N_14_36,14.0,36.0
N_14_37,14.0,37.0
N_14_38,14.0,38.0
N_14_39,14.0,39.0
N_14_4,14.0,4.0
N_14_40,14.0,40.0
N_14_41,14.0,41.0
N_14_42,14.0,42.0
N_14_43,14.0,43.0
N_14_44,14.0,44.0
N_14_45,14.0,45.0
N_14_46,14.0,46.0
N_14_47,14.0,47.0
N_14_48,14.0,48.0
N_14_49,14.0,49.0
N_14_5,14.0,5.0
N_14_50,14.0,50.0
N_14_51,14.0,51.0
N_14_52,14.0,52.0
N_14_53,14.0,53.0
N_14_54,14.0,54.0
N_14_55,14.0,55.0
N_14_56,14.0,56.0
N_14_57,14.0,57.0
N_14_58,14.0,58.0
N_14_59,14.0,59.0
N_14_6,14.0,6.0
N_14_60,14.0,60.0
N_14_61,14.0,61.0
N_14_62,14.0,62.0
N_14_63,14.0,63.0
N_14_64,14.0,64.0
N_14_65,14.0,65.0
N_14_66,14.0,66.0
N_14_67,14.0,67.0
N_14_68,14.0,68.0
N_14_69,14.0,69.0
N_14_7,14.0,7.0
N_14_70,14.0,70.0
N_14_71,14.0,71.0
N_14_72,14.0,72.0
N_14_73,14.0,73.0
N_14_74,14.0,74.0
N_14_75,14.0,75.0
N_14_76,14.0,76.0
N_14_77,14.0,77.0
N_14_78,14.0,78.0
N_14_79,14.0,79.0
N_14_8,14.0,8.0
N_14_80,14.0,80.0
N_14_81,14.0,81.0
N_14_82,14.0,82.0
N_14_83,14.0,83.0
N_14_84,14.0,84.0
N_14_85,14.0,85.0
N_14_86,14.0,86.0
N_14_87,14.0,87.0
N_14_88,14.0,88.0
N_14_89,14.0,89.0
N_14_9,14.0,9.0
N_14_90,14.0,90.0
N_14_91,14.0,91.0
N_14_92,14.0,92.0
N_14_93,14.0,93.0
N_14_94,14.0,94.0
N_14_95,14.0,95.0
N_14_96,14.0,96.0
N_14_97,14.0,97.0
N_14_98,14.0,98.0
N_14_99,14.0,99.0
N_15_0,15.0,0.0
N_15_1,15.0,1.0
N_15_10,15.0,10.0
N_15_11,15.0,11.0
N_15_12,15.0,12.0
N_15_13,15.0,13.0
N_15_14,15.0,14.0
N_15_15,15.0,15.0
N_15_16,15.0,16.0
N_15_17,15.0,17.0
N_15_18,15.0,18.0
N_15_19,15.0,19.0
N_15_2,15.0,2.0
N_15_20,15.0,20.0
N_15_21,15.0,21.0
N_15_22,15.0,22.0
N_15_23,15.0,23.0
N_15_24,15.0,24.0
N_15_25,15.0,25.0
N_15_26,15.0,26.0
N_15_27,15.0,27.0
N_15_28,15.0,28.0
N_15_29,15.0,29.0
N_15_3,15.0,3.0
N_15_30,15.0,30.0
N_15_31,15.0,31.0
N_15_32,15.0,32.0
N_15_33,15.0,33.0
N_15_34,15.0,34.0
N_15_35,15.0,35.0
N_15_36,15.0,36.0
N_15_37,15.0,37.0
N_15_38,15.0,38.0
N_15_39,15.0,39.0
N_15_4,15.0,4.0
N_15_40,15.0,40.0
N_15_41,15.0,41.0
N_15_42,15.0,42.0
N_15_43,15.0,43.0
N_15_44,15.0,44.0
N_15_45,15.0,45.0
N_15_46,15.0,46.0
N_15_47,15.0,47.0
N_15_48,15.0,48.0
N_15_49,15.0,49.0
N_15_5,15.0,5.0
N_15_50,15.0,50.0
N_15_51,15.0,51.0
N_15_52,15.0,52.0
N_15_53,15.0,53.0
N_15_54,15.0,54.0
N_15_55,15.0,55.0
N_15_56,15.0,56.0
N_15_57,15.0,57.0
N_15_58,15.0,58.0
N_15_59,15.0,59.0
N_15_6,15.0,6.0
N_15_60,15.0,60.0
N_15_61,15.0,61.0
N_15_62,15.0,62.0
N_15_63,15.0,63.0
N_15_64,15.0,64.0
N_15_65,15.0,65.0
N_15_66,15.0,66.0
N_15_67,15.0,67.0
N_15_68,15.0,68.0
N_15_69,15.0,69.0
N_15_7,15.0,7.0
N_15_70,15.0,70.0
N_15_71,15.0,71.0
N_15_72,15.0,72.0
N_15_73,15.0,73.0
N_15_74,15.0,74.0
N_15_75,15.0,75.0
N_15_76,15.0,76.0
N_15_77,15.0,77.0
N_15_78,15.0,78.0
N_15_79,15.0,79.0
N_15_8,15.0,8.0
N_15_80,15.0,80.0
N_15_81,15.0,81.0
N_15_82,15.0,82.0
N_15_83,15.0,83.0
N_15_84,15.0,84.0
N_15_85,15.0,85.0
N_15_86,15.0,86.0
N_15_87,15.0,87.0
N_15_88,15.0,88.0
N_15_89,15.0,89.0
N_15_9,15.0,9.0
N_15_90,15.0,90.0
N_15_91,15.0,91.0
N_15_92,15.0,92.0
N_15_93,15.0,93.0
N_15_94,15.0,94.0
N_15_95,15.0,95.0
N_15_96,15.0,96.0
N_15_97,15.0,97.0
N_15_98,15.0,98.0
N_15_99,15.0,99.0
N_16_0,16.0,0.0
N_16_1,16.0,1.0
N_16_10,16.0,10.0
N_16_11,16.0,11.0
N_16_12,16.0,12.0
N_16_13,16.0,13.0
N_16_14,16.0,14.0
N_16_15,16.0,15.0
N_16_16,16.0,16.0
N_16_17,16.0,17.0
N_16_18,16.0,18.0
N_16_19,16.0,19.0
N_16_2,16.0,2.0
N_16_20,16.0,20.0
N_16_21,16.0,21.0
N_16_22,16.0,22.0
N_16_23,16.0,23.0
N_16_24,16.0,24.0
N_16_25,16.0,25.0
N_16_26,16.0,26.0
N_16_27,16.0,27.0
N_16_28,16.0,28.0
N_16_29,16.0,29.0
N_16_3,16.0,3.0
N_16_30,16.0,30.0
N_16_31,16.0,31.0
N_16_32,16.0,32.0
N_16_33,16.0,33.0
N_16_34,16.0,34.0
N_16_35,16.0,35.0
N_16_36,16.0,36.0
N_16_37,16.0,37.0
N_16_38,16.0,38.0
N_16_39,16.0,39.0
N_16_4,16.0,4.0
N_16_40,16.0,40.0
N_16_41,16.0,41.0
N_16_42,16.0,42.0
N_16_43,16.0,43.0
N_16_44,16.0,44.0
N_16_45,16.0,45.0
N_16_46,16.0,46.0
N_16_47,16.0,47.0
N_16_48,16.0,48.0
N_16_49,16.0,49.0
N_16_5,16.0,5.0
N_16_50,16.0,50.0
N_16_51,16.0,51.0
N_16_52,16.0,52.0
N_16_53,16.0,53.0
N_16_54,16.0,54.0
N_16_55,16.0,55.0
N_16_56,16.0,56.0
N_16_57,16.0,57.0
N_16_58,16.0,58.0
N_16_59,16.0,59.0
N_16_6,16.0,6.0
N_16_60,16.0,60.0
N_16_61,16.0,61.0
N_16_62,16.0,62.0
N_16_63,16.0,63.0
N_16_64,16.0,64.0
N_16_65,16.0,65.0
N_16_66,16.0,66.0
N_16_67,16.0,67.0
N_16_68,16.0,68.0
N_16_69,16.0,69.0
N_16_7,16.0,7.0
N_16_70,16.0,70.0
N_16_71,16.0,71.0
N_16_72,16.0,72.0
N_16_73,16.0,73.0
N_16_74,16.0,74.0
N_16_75,16.0,75.0
N_16_76,16.0,76.0
N_16_77,16.0,77.0
N_16_78,16.0,78.0
N_16_79,16.0,79.0
N_16_8,16.0,8.0
N_16_80,16.0,80.0
N_16_81,16.0,81.0
N_16_82,16.0,82.0
N_16_83,16.0,83.0
N_16_84,16.0,84.0
N_16_85,16.0,85.0
N_16_86,16.0,86.0
N_16_87,16.0,87.0
N_16_88,16.0,88.0
N_16_89,16.0,89.0
N_16_9,16.0,9.0
N_16_90,16.0,90.0
N_16_91,16.0,91.0
N_16_92,16.0,92.0
N_16_93,16.0,93.0
N_16_94,16.0,94.0
N_16_95,16.0,95.0
N_16_96,16.0,96.0
N_16_97,16.0,97.0
N_16_98,16.0,98.0
N_16_99,16.0,99.0
N_17_0,17.0,0.0
N_17_1,17.0,1.0
N_17_10,17.0,10.0
N_17_11,17.0,11.0
N_17_12,17.0,12.0
N_17_13,17.0,13.0
N_17_14,17.0,14.0
N_17_15,17.0,15.0
N_17_16,17.0,16.0
N_17_17,17.0,17.0
N_17_18,17.0,18.0
N_17_19,17.0,19.0
N_17_2,17.0,2.0
N_17_20,17.0,20.0
N_17_21,17.0,21.0
N_17_22,17.0,22.0
N_17_23,17.0,23.0
N_17_24,17.0,24.0
N_17_25,17.0,25.0
N_17_26,17.0,26.0
N_17_27,17.0,27.0
N_17_28,17.0,28.0
N_17_29,17.0,29.0
N_17_3,17.0,3.0
N_17_30,17.0,30.0
N_17_31,17.0,31.0
N_17_32,17.0,32.0
N_17_33,17.0,33.0
N_17_34,17.0,34.0
N_17_35,17.0,35.0
N_17_36,17.0,36.0
N_17_37,17.0,37.0
N_17_38,17.0,38.0
N_17_39,17.0,39.0
N_17_4,17.0,4.0
N_17_40,17.0,40.0
N_17_41,17.0,41.0
N_17_42,17.0,42.0
N_17_43,17.0,43.0
N_17_44,17.0,44.0
N_17_45,17.0,45.0
N_17_46,17.0,46.0
N_17_47,17.0,47.0
N_17_48,17.0,48.0
N_17_49,17.0,49.0
N_17_5,17.0,5.0
N_17_50,17.0,50.0
N_17_51,17.0,51.0
N_17_52,17.0,52.0
N_17_53,17.0,53.0
N_17_54,17.0,54.0
N_17_55,17.0,55.0
N_17_56,17.0,56.0
N_17_57,17.0,57.0
N_17_58,17.0,58.0
N_17_59,17.0,59.0
N_17_6,17.0,6.0
N_17_60,17.0,60.0
N_17_61,17.0,61.0
N_17_62,17.0,62.0
N_17_63,17.0,63.0
N_17_64,17.0,64.0
N_17_65,17.0,65.0
N_17_66,17.0,66.0
N_17_67,17.0,67.0
N_17_68,17.0,68.0
N_17_69,17.0,69.0
N_17_7,17.0,7.0
N_17_70,17.0,70.0
N_17_71,17.0,71.0
N_17_72,17.0,72.0
N_17_73,17.0,73.0
N_17_74,17.0,74.0
N_17_75,17.0,75.0
N_17_76,17.0,76.0
N_17_77,17.0,77.0
N_17_78,17.0,78.0
N_17_79,17.0,79.0
N_17_8,17.0,8.0
N_17_80,17.0,80.0
N_17_81,17.0,81.0
N_17_82,17.0,82.0
N_17_83,17.0,83.0
N_17_84,17.0,84.0
N_17_85,17.0,85.0
N_17_86,17.0,86.0
N_17_87,17.0,87.0
N_17_88,17.0,88.0
N_17_89,17.0,89.0
N_17_9,17.0,9.0
N_17_90,17.0,90.0
N_17_91,17.0,91.0
N_17_92,17.0,92.0
N_17_93,17.0,93.0
N_17_94,17.0,94.0
N_17_95,17.0,95.0
N_17_96,17.0,96.0
N_17_97,17.0,97.0
N_17_98,17.0,98.0
N_17_99,17.0,99.0
N_18_0,18.0,0.0
N_18_1,18.0,1.0
N_18_10,18.0,10.0
N_18_11,18.0,11.0
N_18_12,18.0,12.0
N_18_13,18.0,13.0
N_18_14,18.0,14.0
N_18_15,18.0,15.0
N_18_16,18.0,16.0
N_18_17,18.0,17.0
N_18_18,18.0,18.0
N_18_19,18.0,19.0
N_18_2,18.0,2.0
N_18_20,18.0,20.0
N_18_21,18.0,21.0
N_18_22,18.0,22.0
N_18_23,18.0,23.0
N_18_24,18.0,24.0
N_18_25,18.0,25.0
N_18_26,18.0,26.0
N_18_27,18.0,27.0
N_18_28,18.0,28.0
N_18_29,18.0,29.0
N_18_3,18.0,3.0
N_18_30,18.0,30.0
N_18_31,18.0,31.0
N_18_32,18.0,32.0
N_18_33,18.0,33.0
N_18_34,18.0,34.0
N_18_35,18.0,35.0
N_18_36,18.0,36.0
N_18_37,18.0,37.0
N_18_38,18.0,38.0
N_18_39,18.0,39.0
N_18_4,18.0,4.0
N_18_40,18.0,40.0
N_18_41,18.0,41.0
N_18_42,18.0,42.0
N_18_43,18.0,43.0
N_18_44,18.0,44.0
N_18_45,18.0,45.0
N_18_46,18.0,46.0
N_18_47,18.0,47.0
N_18_48,18.0,48.0
N_18_49,18.0,49.0
N_18_5,18.0,5.0
N_18_50,18.0,50.0
N_18_51,18.0,51.0
N_18_52,18.0,52.0
N_18_53,18.0,53.0
N_18_54,18.0,54.0
N_18_55,18.0,55.0
N_18_56,18.0,56.0
N_18_57,18.0,57.0
N_18_58,18.0,58.0
N_18_59,18.0,59.0
N_18_6,18.0,6.0
N_18_60,18.0,60.0
N_18_61,18.0,61.0
N_18_62,18.0,62.0
N_18_63,18.0,63.0
N_18_64,18.0,64.0
N_18_65,18.0,65.0
N_18_66,18.0,66.0
N_18_67,18.0,67.0
N_18_68,18.0,68.0
N_18_69,18.0,69.0
N_18_7,18.0,7.0
N_18_70,18.0,70.0
N_18_71,18.0,71.0
N_18_72,18.0,72.0
N_18_73,18.0,73.0
N_18_74,18.0,74.0
N_18_75,18.0,75.0
N_18_76,18.0,76.0
N_18_77,18.0,77.0
N_18_78,18.0,78.0
N_18_79,18.0,79.0
N_18_8,18.0,8.0
N_18_80,18.0,80.0
N_18_81,18.0,81.0
N_18_82,18.0,82.0
N_18_83,18.0,83.0
N_18_84,18.0,84.0
N_18_85,18.0,85.0
N_18_86,18.0,86.0
N_18_87,18.0,87.0
N_18_88,18.0,88.0
N_18_89,18.0,89.0
N_18_9,18.0,9.0
N_18_90,18.0,90.0
N_18_91,18.0,91.0
N_18_92,18.0,92.0
N_18_93,18.0,93.0
N_18_94,18.0,94.0
N_18_95,18.0,95.0
N_18_96,18.0,96.0
N_18_97,18.0,97.0
N_18_98,18.0,98.0
N_18_99,18.0,99.0
N_19_0,19.0,0.0
N_19_1,19.0,1.0
N_19_10,19.0,10.0
N_19_11,19.0,11.0
N_19_12,19.0,12.0
N_19_13,19.0,13.0
N_19_14,19.0,14.0
N_19_15,19.0,15.0
N_19_16,19.0,16.0
N_19_17,19.0,17.0
N_19_18,19.0,18.0
N_19_19,19.0,19.0
N_19_2,19.0,2.0
N_19_20,19.0,20.0
N_19_21,19.0,21.0
N_19_22,19.0,22.0
N_19_23,19.0,23.0
N_19_24,19.0,24.0
N_19_25,19.0,25.0
N_19_26,19.0,26.0
N_19_27,19.0,27.0
N_19_28,19.0,28.0
N_19_29,19.0,29.0
N_19_3,19.0,3.0
N_19_30,19.0,30.0
N_19_31,19.0,31.0
N_19_32,19.0,32.0
N_19_33,19.0,33.0
N_19_34,19.0,34.0
N_19_35,19.0,35.0
N_19_36,19.0,36.0
N_19_37,19.0,37.0
N_19_38,19.0,38.0
N_19_39,19.0,39.0
N_19_4,19.0,4.0
N_19_40,19.0,40.0
N_19_41,19.0,41.0
N_19_42,19.0,42.0
N_19_43,19.0,43.0
N_19_44,19.0,44.0
N_19_45,19.0,45.0
N_19_46,19.0,46.0
N_19_47,19.0,47.0
N_19_48,19.0,48.0
N_19_49,19.0,49.0
N_19_5,19.0,5.0
N_19_50,19.0,50.0
N_19_51,19.0,51.0
N_19_52,19.0,52.0
N_19_53,19.0,53.0
N_19_54,19.0,54.0
N_19_55,19.0,55.0
N_19_56,19.0,56.0
N_19_57,19.0,57.0
N_19_58,19.0,58.0
N_19_59,19.0,59.0
N_19_6,19.0,6.0
N_19_60,19.0,60.0
N_19_61,19.0,61.0
N_19_62,19.0,62.0
N_19_63,19.0,63.0
N_19_64,19.0,64.0
N_19_65,19.0,65.0
N_19_66,19.0,66.0
N_19_67,19.0,67.0
N_19_68,19.0,68.0
N_19_69,19.0,69.0
N_19_7,19.0,7.0
N_19_70,19.0,70.0
N_19_71,19.0,71.0
N_19_72,19.0,72.0
N_19_73,19.0,73.0
N_19_74,19.0,74.0
N_19_75,19.0,75.0
N_19_76,19.0,76.0
N_19_77,19.0,77.0
N_19_78,19.0,78.0
N_19_79,19.0,79.0
N_19_8,19.0,8.0
N_19_80,19.0,80.0
N_19_81,19.0,81.0
N_19_82,19.0,82.0
N_19_83,19.0,83.0
N_19_84,19.0,84.0
N_19_85,19.0,85.0
N_19_86,19.0,86.0
N_19_87,19.0,87.0
N_19_88,19.0,88.0
N_19_89,19.0,89.0
N_19_9,19.0,9.0
N_19_90,19.0,90.0
N_19_91,19.0,91.0
N_19_92,19.0,92.0
N_19_93,19.0,93.0
N_19_94,19.0,94.0
N_19_95,19.0,95.0
N_19_96,19.0,96.0
N_19_97,19.0,97.0
N_19_98,19.0,98.0
N_19_99,19.0,99.0
N_1_0,1.0,0.0
N_1_1,1.0,1.0
N_1_10,1.0,10.0
N_1_11,1.0,11.0
N_1_12,1.0,12.0
N_1_13,1.0,13.0
N_1_14,1.0,14.0
N_1_15,1.0,15.0
N_1_16,1.0,16.0
N_1_17,1.0,17.0
N_1_18,1.0,18.0
N_1_19,1.0,19.0
N_1_2,1.0,2.0
N_1_20,1.0,20.0
N_1_21,1.0,21.0
N_1_22,1.0,22.0
N_1_23,1.0,23.0
N_1_24,1.0,24.0
N_1_25,1.0,25.0
N_1_26,1.0,26.0
N_1_27,1.0,27.0
N_1_28,1.0,28.0
N_1_29,1.0,29.0
N_1_3,1.0,3.0
N_1_30,1.0,30.0
N_1_31,1.0,31.0
N_1_32,1.0,32.0
N_1_33,1.0,33.0
N_1_34,1.0,34.0
N_1_35,1.0,35.0
N_1_36,1.0,36.0
N_1_37,1.0,37.0
N_1_38,1.0,38.0
N_1_39,1.0,39.0
N_1_4,1.0,4.0
N_1_40,1.0,40.0
N_1_41,1.0,41.0
N_1_42,1.0,42.0
N_1_43,1.0,43.0
N_1_44,1.0,44.0
N_1_45,1.0,45.0
N_1_46,1.0,46.0
N_1_47,1.0,47.0
N_1_48,1.0,48.0
N_1_49,1.0,49.0
N_1_5,1.0,5.0
N_1_50,1.0,50.0
N_1_51,1.0,51.0
N_1_52,1.0,52.0
N_1_53,1.0,53.0
N_1_54,1.0,54.0
N_1_55,1.0,55.0
N_1_56,1.0,56.0
N_1_57,1.0,57.0
N_1_58,1.0,58.0
N_1_59,1.0,59.0
N_1_6,1.0,6.0
N_1_60,1.0,60.0
N_1_61,1.0,61.0
N_1_62,1.0,62.0
N_1_63,1.0,63.0
N_1_64,1.0,64.0
N_1_65,1.0,65.0
N_1_66,1.0,66.0
N_1_67,1.0,67.0
N_1_68,1.0,68.0
N_1_69,1.0,69.0
N_1_7,1.0,7.0
N_1_70,1.0,70.0
N_1_71,1.0,71.0
N_1_72,1.0,72.0
N_1_73,1.0,73.0
N_1_74,1.0,74.0
N_1_75,1.0,75.0
N_1_76,1.0,76.0
N_1_77,1.0,77.0
N_1_78,1.0,78.0
N_1_79,1.0,79.0
N_1_8,1.0,8.0
N_1_80,1.0,80.0
N_1_81,1.0,81.0
N_1_82,1.0,82.0
N_1_83,1.0,83.0
N_1_84,1.0,84.0
N_1_85,1.0,85.0
N_1_86,1.0,86.0
N_1_87,1.0,87.0
N_1_88,1.0,88.0
N_1_89,1.0,89.0
N_1_9,1.0,9.0
N_1_90,1.0,90.0
N_1_91,1.0,91.0
N_1_92,1.0,92.0
N_1_93,1.0,93.0
N_1_94,1.0,94.0
N_1_95,1.0,95.0
N_1_96,1.0,96.0
N_1_97,1.0,97.0
N_1_98,1.0,98.0
N_1_99,1.0,99.0
N_20_0,20.0,0.0
N_20_1,20.0,1.0
N_20_10,20.0,10.0
N_20_11,20.0,11.0
N_20_12,20.0,12.0
N_20_13,20.0,13.0
N_20_14,20.0,14.0
N_20_15,20.0,15.0
N_20_16,20.0,16.0
N_20_17,20.0,17.0
N_20_18,20.0,18.0
N_20_19,20.0,19.0
N_20_2,20.0,2.0
N_20_20,20.0,20.0
N_20_21,20.0,21.0
N_20_22,20.0,22.0
N_20_23,20.0,23.0
N_20_24,20.0,24.0
N_20_25,20.0,25.0
N_20_26,20.0,26.0
N_20_27,20.0,27.0
N_20_28,20.0,28.0
N_20_29,20.0,29.0
N_20_3,20.0,3.0
N_20_30,20.0,30.0
N_20_31,20.0,31.0
N_20_32,20.0,32.0
N_20_33,20.0,33.0
N_20_34,20.0,34.0
N_20_35,20.0,35.0
N_20_36,20.0,36.0
N_20_37,20.0,37.0
N_20_38,20.0,38.0
N_20_39,20.0,39.0
N_20_4,20.0,4.0
N_20_40,20.0,40.0
N_20_41,20.0,41.0
N_20_42,20.0,42.0
N_20_43,20.0,43.0
N_20_44,20.0,44.0
N_20_45,20.0,45.0
N_20_46,20.0,46.0
N_20_47,20.0,47.0
N_20_48,20.0,48.0
N_20_49,20.0,49.0
N_20_5,20.0,5.0
N_20_50,20.0,50.0
N_20_51,20.0,51.0
N_20_52,20.0,52.0
N_20_53,20.0,53.0
N_20_54,20.0,54.0
N_20_55,20.0,55.0
N_20_56,20.0,56.0
N_20_57,20.0,57.0
N_20_58,20.0,58.0
N_20_59,20.0,59.0
N_20_6,20.0,6.0
N_20_60,20.0,60.0
N_20_61,20.0,61.0
N_20_62,20.0,62.0
N_20_63,20.0,63.0
N_20_64,20.0,64.0
N_20_65,20.0,65.0
N_20_66,20.0,66.0
N_20_67,20.0,67.0
N_20_68,20.0,68.0
N_20_69,20.0,69.0
N_20_7,20.0,7.0
N_20_70,20.0,70.0
N_20_71,20.0,71.0
N_20_72,20.0,72.0
N_20_73,20.0,73.0
N_20_74,20.0,74.0
N_20_75,20.0,75.0
N_20_76,20.0,76.0
N_20_77,20.0,77.0
N_20_78,20.0,78.0
N_20_79,20.0,79.0
N_20_8,20.0,8.0
N_20_80,20.0,80.0
N_20_81,20.0,81.0
N_20_82,20.0,82.0
N_20_83,20.0,83.0
N_20_84,20.0,84.0
N_20_85,20.0,85.0
N_20_86,20.0,86.0
N_20_87,20.0,87.0
N_20_88,20.0,88.0
N_20_89,20.0,89.0
N_20_9,20.0,9.0
N_20_90,20.0,90.0
N_20_91,20.0,91.0
N_20_92,20.0,92.0
N_20_93,20.0,93.0
N_20_94,20.0,94.0
N_20_95,20.0,95.0
N_20_96,20.0,96.0
N_20_97,20.0,97.0
N_20_98,20.0,98.0
N_20_99,20.0,99.0
N_21_0,21.0,0.0
N_21_1,21.0,1.0
N_21_10,21.0,10.0
N_21_11,21.0,11.0
N_21_12,21.0,12.0
N_21_13,21.0,13.0
N_21_14,21.0,14.0
N_21_15,21.0,15.0
N_21_16,21.0,16.0
N_21_17,21.0,17.0
N_21_18,21.0,18.0
N_21_19,21.0,19.0
N_21_2,21.0,2.0
N_21_20,21.0,20.0
N_21_21,21.0,21.0
N_21_22,21.0,22.0
N_21_23,21.0,23.0
N_21_24,21.0,24.0
N_21_25,21.0,25.0
N_21_26,21.0,26.0
N_21_27,21.0,27.0
N_21_28,21.0,28.0
N_21_29,21.0,29.0
N_21_3,21.0,3.0
N_21_30,21.0,30.0
N_21_31,21.0,31.0
N_21_32,21.0,32.0
N_21_33,21.0,33.0
N_21_34,21.0,34.0
N_21_35,21.0,35.0
N_21_36,21.0,36.0
N_21_37,21.0,37.0
N_21_38,21.0,38.0
N_21_39,21.0,39.0
N_21_4,21.0,4.0
N_21_40,21.0,40.0
N_21_41,21.0,41.0
N_21_42,21.0,42.0
N_21_43,21.0,43.0
N_21_44,21.0,44.0
N_21_45,21.0,45.0
N_21_46,21.0,46.0
N_21_47,21.0,47.0
N_21_48,21.0,48.0
N_21_49,21.0,49.0
N_21_5,21.0,5.0
N_21_50,21.0,50.0
N_21_51,21.0,51.0
N_21_52,21.0,52.0
N_21_53,21.0,53.0
N_21_54,21.0,54.0
N_21_55,21.0,55.0
N_21_56,21.0,56.0
N_21_57,21.0,57.0
N_21_58,21.0,58.0
N_21_59,21.0,59.0
N_21_6,21.0,6.0
N_21_60,21.0,60.0
N_21_61,21.0,61.0
N_21_62,21.0,62.0
N_21_63,21.0,63.0
N_21_64,21.0,64.0
N_21_65,21.0,65.0
N_21_66,21.0,66.0
N_21_67,21.0,67.0
N_21_68,21.0,68.0
N_21_69,21.0,69.0
N_21_7,21.0,7.0
N_21_70,21.0,70.0
N_21_71,21.0,71.0
N_21_72,21.0,72.0
N_21_73,21.0,73.0
N_21_74,21.0,74.0
N_21_75,21.0,75.0
N_21_76,21.0,76.0
N_21_77,21.0,77.0
N_21_78,21.0,78.0
N_21_79,21.0,79.0
N_21_8,21.0,8.0
N_21_80,21.0,80.0
N_21_81,21.0,81.0
N_21_82,21.0,82.0
N_21_83,21.0,83.0
N_21_84,21.0,84.0
N_21_85,21.0,85.0
N_21_86,21.0,86.0
N_21_87,21.0,87.0
N_21_88,21.0,88.0
N_21_89,21.0,89.0
N_21_9,21.0,9.0
N_21_90,21.0,90.0
N_21_91,21.0,91.0
N_21_92,21.0,92.0
N_21_93,21.0,93.0
N_21_94,21.0,94.0
N_21_95,21.0,95.0
N_21_96,21.0,96.0
N_21_97,21.0,97.0
N_21_98,21.0,98.0
N_21_99,21.0,99.0
N_22_0,22.0,0.0
N_22_1,22.0,1.0
N_22_10,22.0,10.0
N_22_11,22.0,11.0
N_22_12,22.0,12.0
N_22_13,22.0,13.0
N_22_14,22.0,14.0
N_22_15,22.0,15.0
N_22_16,22.0,16.0
N_22_17,22.0,17.0
N_22_18,22.0,18.0
N_22_19,22.0,19.0
N_22_2,22.0,2.0
N_22_20,22.0,20.0
N_22_21,22.0,21.0
N_22_22,22.0,22.0
N_22_23,22.0,23.0
N_22_24,22.0,24.0
N_22_25,22.0,25.0
N_22_26,22.0,26.0
N_22_27,22.0,27.0
N_22_28,22.0,28.0
N_22_29,22.0,29.0
N_22_3,22.0,3.0
N_22_30,22.0,30.0
N_22_31,22.0,31.0
N_22_32,22.0,32.0
N_22_33,22.0,33.0
N_22_34,22.0,34.0
N_22_35,22.0,35.0
N_22_36,22.0,36.0
N_22_37,22.0,37.0
N_22_38,22.0,38.0
N_22_39,22.0,39.0
N_22_4,22.0,4.0
N_22_40,22.0,40.0
N_22_41,22.0,41.0
N_22_42,22.0,42.0
N_22_43,22.0,43.0
N_22_44,22.0,44.0
N_22_45,22.0,45.0
N_22_46,22.0,46.0
N_22_47,22.0,47.0
N_22_48,22.0,48.0
N_22_49,22.0,49.0
N_22_5,22.0,5.0
N_22_50,22.0,50.0
N_22_51,22.0,51.0
N_22_52,22.0,52.0
N_22_53,22.0,53.0
N_22_54,22.0,54.0
N_22_55,22.0,55.0
N_22_56,22.0,56.0
N_22_57,22.0,57.0
N_22_58,22.0,58.0
N_22_59,22.0,59.0
N_22_6,22.0,6.0
N_22_60,22.0,60.0
N_22_61,22.0,61.0
N_22_62,22.0,62.0
N_22_63,22.0,63.0
N_22_64,22.0,64.0
N_22_65,22.0,65.0
N_22_66,22.0,66.0
N_22_67,22.0,67.0
N_22_68,22.0,68.0
N_22_69,22.0,69.0
N_22_7,22.0,7.0
N_22_70,22.0,70.0
N_22_71,22.0,71.0
N_22_72,22.0,72.0
N_22_73,22.0,73.0
N_22_74,22.0,74.0
N_22_75,22.0,75.0
N_22_76,22.0,76.0
N_22_77,22.0,77.0
N_22_78,22.0,78.0
N_22_79,22.0,79.0
N_22_8,22.0,8.0
N_22_80,22.0,80.0
N_22_81,22.0,81.0
N_22_82,22.0,82.0
N_22_83,22.0,83.0
N_22_84,22.0,84.0
N_22_85,22.0,85.0
N_22_86,22.0,86.0
N_22_87,22.0,87.0
N_22_88,22.0,88.0
N_22_89,22.0,89.0
N_22_9,22.0,9.0
N_22_90,22.0,90.0
N_22_91,22.0,91.0
N_22_92,22.0,92.0
N_22_93,22.0,93.0
N_22_94,22.0,94.0
N_22_95,22.0,95.0
N_22_96,22.0,96.0
N_22_97,22.0,97.0
N_22_98,22.0,98.0
N_22_99,22.0,99.0
N_23_0,23.0,0.0
N_23_1,23.0,1.0
N_23_10,23.0,10.0
N_23_11,23.0,11.0
N_23_12,23.0,12.0
N_23_13,23.0,13.0
N_23_14,23.0,14.0
N_23_15,23.0,15.0
N_23_16,23.0,16.0
N_23_17,23.0,17.0
N_23_18,23.0,18.0
N_23_19,23.0,19.0
N_23_2,23.0,2.0
N_23_20,23.0,20.0
N_23_21,23.0,21.0
N_23_22,23.0,22.0
N_23_23,23.0,23.0
N_23_24,23.0,24.0
N_23_25,23.0,25.0
N_23_26,23.0,26.0
N_23_27,23.0,27.0
N_23_28,23.0,28.0
N_23_29,23.0,29.0
N_23_3,23.0,3.0
N_23_30,23.0,30.0
N_23_31,23.0,31.0
N_23_32,23.0,32.0
N_23_33,23.0,33.0
N_23_34,23.0,34.0
N_23_35,23.0,35.0
N_23_36,23.0,36.0
N_23_37,23.0,37.0
N_23_38,23.0,38.0
N_23_39,23.0,39.0
N_23_4,23.0,4.0
N_23_40,23.0,40.0
N_23_41,23.0,41.0
N_23_42,23.0,42.0
N_23_43,23.0,43.0
N_23_44,23.0,44.0
N_23_45,23.0,45.0
N_23_46,23.0,46.0
N_23_47,23.0,47.0
N_23_48,23.0,48.0
N_23_49,23.0,49.0
N_23_5,23.0,5.0
N_23_50,23.0,50.0
N_23_51,23.0,51.0
N_23_52,23.0,52.0
N_23_53,23.0,53.0
N_23_54,23.0,54.0
N_23_55,23.0,55.0
N_23_56,23.0,56.0
N_23_57,23.0,57.0
N_23_58,23.0,58.0
N_23_59,23.0,59.0
N_23_6,23.0,6.0
N_23_60,23.0,60.0
N_23_61,23.0,61.0
N_23_62,23.0,62.0
N_23_63,23.0,63.0
N_23_64,23.0,64.0
N_23_65,23.0,65.0
N_23_66,23.0,66.0
N_23_67,23.0,67.0
N_23_68,23.0,68.0
N_23_69,23.0,69.0
N_23_7,23.0,7.0
N_23_70,23.0,70.0
N_23_71,23.0,71.0
N_23_72,23.0,72.0
N_23_73,23.0,73.0
N_23_74,23.0,74.0
N_23_75,23.0,75.0
N_23_76,23.0,76.0
N_23_77,23.0,77.0
N_23_78,23.0,78.0
N_23_79,23.0,79.0
N_23_8,23.0,8.0
N_23_80,23.0,80.0
N_23_81,23.0,81.0
N_23_82,23.0,82.0
N_23_83,23.0,83.0
N_23_84,23.0,84.0
N_23_85,23.0,85.0
N_23_86,23.0,86.0
N_23_87,23.0,87.0
N_23_88,23.0,88.0
N_23_89,23.0,89.0
N_23_9,23.0,9.0
N_23_90,23.0,90.0
N_23_91,23.0,91.0
N_23_92,23.0,92.0
N_23_93,23.0,93.0
N_23_94,23.0,94.0
N_23_95,23.0,95.0
N_23_96,23.0,96.0
N_23_97,23.0,97.0
N_23_98,23.0,98.0
N_23_99,23.0,99.0
N_24_0,24.0,0.0
N_24_1,24.0,1.0
N_24_10,24.0,10.0
N_24_11,24.0,11.0
N_24_12,24.0,12.0
N_24_13,24.0,13.0
N_24_14,24.0,14.0
N_24_15,24.0,15.0
N_24_16,24.0,16.0
N_24_17,24.0,17.0
N_24_18,24.0,18.0
N_24_19,24.0,19.0
N_24_2,24.0,2.0
N_24_20,24.0,20.0
N_24_21,24.0,21.0
N_24_22,24.0,22.0
N_24_23,24.0,23.0
N_24_24,24.0,24.0
N_24_25,24.0,25.0
N_24_26,24.0,26.0
N_24_27,24.0,27.0
N_24_28,24.0,28.0
N_24_29,24.0,29.0
N_24_3,24.0,3.0
N_24_30,24.0,30.0
N_24_31,24.0,31.0
N_24_32,24.0,32.0
N_24_33,24.0,33.0
N_24_34,24.0,34.0
N_24_35,24.0,35.0
N_24_36,24.0,36.0
N_24_37,24.0,37.0
N_24_38,24.0,38.0
N_24_39,24.0,39.0
N_24_4,24.0,4.0
N_24_40,24.0,40.0
N_24_41,24.0,41.0
N_24_42,24.0,42.0
N_24_43,24.0,43.0
N_24_44,24.0,44.0
N_24_45,24.0,45.0
N_24_46,24.0,46.0
N_24_47,24.0,47.0
N_24_48,24.0,48.0
N_24_49,24.0,49.0
N_24_5,24.0,5.0
N_24_50,24.0,50.0
N_24_51,24.0,51.0
N_24_52,24.0,52.0
N_24_53,24.0,53.0
N_24_54,24.0,54.0
N_24_55,24.0,55.0
N_24_56,24.0,56.0
N_24_57,24.0,57.0
N_24_58,24.0,58.0
N_24_59,24.0,59.0
N_24_6,24.0,6.0
N_24_60,24.0,60.0
N_24_61,24.0,61.0
N_24_62,24.0,62.0
N_24_63,24.0,63.0
N_24_64,24.0,64.0
N_24_65,24.0,65.0
N_24_66,24.0,66.0
N_24_67,24.0,67.0
N_24_68,24.0,68.0
N_24_69,24.0,69.0
N_24_7,24.0,7.0
N_24_70,24.0,70.0
N_24_71,24.0,71.0
N_24_72,24.0,72.0
N_24_73,24.0,73.0
N_24_74,24.0,74.0
N_24_75,24.0,75.0
N_24_76,24.0,76.0
N_24_77,24.0,77.0
N_24_78,24.0,78.0
N_24_79,24.0,79.0
N_24_8,24.0,8.0
N_24_80,24.0,80.0
N_24_81,24.0,81.0
N_24_82,24.0,82.0
N_24_83,24.0,83.0
N_24_84,24.0,84.0
N_24_85,24.0,85.0
N_24_86,24.0,86.0
N_24_87,24.0,87.0
N_24_88,24.0,88.0
N_24_89,24.0,89.0
N_24_9,24.0,9.0
N_24_90,24.0,90.0
N_24_91,24.0,91.0
N_24_92,24.0,92.0
N_24_93,24.0,93.0
N_24_94,24.0,94.0
N_24_95,24.0,95.0
N_24_96,24.0,96.0
N_24_97,24.0,97.0
N_24_98,24.0,98.0
N_24_99,24.0,99.0
N_25_0,25.0,0.0
N_25_1,25.0,1.0
N_25_10,25.0,10.0
N_25_11,25.0,11.0
N_25_12,25.0,12.0
N_25_13,25.0,13.0
N_25_14,25.0,14.0
N_25_15,25.0,15.0
N_25_16,25.0,16.0
N_25_17,25.0,17.0
N_25_18,25.0,18.0
N_25_19,25.0,19.0
N_25_2,25.0,2.0
N_25_20,25.0,20.0
N_25_21,25.0,21.0
N_25_22,25.0,22.0
N_25_23,25.0,23.0
N_25_24,25.0,24.0
N_25_25,25.0,25.0
N_25_26,25.0,26.0
N_25_27,25.0,27.0
N_25_28,25.0,28.0
N_25_29,25.0,29.0
N_25_3,25.0,3.0
N_25_30,25.0,30.0
N_25_31,25.0,31.0
N_25_32,25.0,32.0
N_25_33,25.0,33.0
N_25_34,25.0,34.0
N_25_35,25.0,35.0
N_25_36,25.0,36.0
N_25_37,25.0,37.0
N_25_38,25.0,38.0
N_25_39,25.0,39.0
N_25_4,25.0,4.0
N_25_40,25.0,40.0
N_25_41,25.0,41.0
N_25_42,25.0,42.0
N_25_43,25.0,43.0
N_25_44,25.0,44.0
N_25_45,25.0,45.0
N_25_46,25.0,46.0
N_25_47,25.0,47.0
N_25_48,25.0,48.0
N_25_49,25.0,49.0
N_25_5,25.0,5.0
N_25_50,25.0,50.0
N_25_51,25.0,51.0
N_25_52,25.0,52.0
N_25_53,25.0,53.0
N_25_54,25.0,54.0
N_25_55,25.0,55.0
N_25_56,25.0,56.0
N_25_57,25.0,57.0
N_25_58,25.0,58.0
N_25_59,25.0,59.0
N_25_6,25.0,6.0
N_25_60,25.0,60.0
N_25_61,25.0,61.0
N_25_62,25.0,62.0
N_25_63,25.0,63.0
N_25_64,25.0,64.0
N_25_65,25.0,65.0
N_25_66,25.0,66.0
N_25_67,25.0,67.0
N_25_68,25.0,68.0
N_25_69,25.0,69.0
N_25_7,25.0,7.0
N_25_70,25.0,70.0
N_25_71,25.0,71.0
N_25_72,25.0,72.0
N_25_73,25.0,73.0
N_25_74,25.0,74.0
N_25_75,25.0,75.0
N_25_76,25.0,76.0
N_25_77,25.0,77.0
N_25_78,25.0,78.0
N_25_79,25.0,79.0
N_25_8,25.0,8.0
N_25_80,25.0,80.0
N_25_81,25.0,81.0
N_25_82,25.0,82.0
N_25_83,25.0,83.0
N_25_84,25.0,84.0
N_25_85,25.0,85.0
N_25_86,25.0,86.0
N_25_87,25.0,87.0
N_25_88,25.0,88.0
N_25_89,25.0,89.0
N_25_9,25.0,9.0
N_25_90,25.0,90.0
N_25_91,25.0,91.0
N_25_92,25.0,92.0
N_25_93,25.0,93.0
N_25_94,25.0,94.0
N_25_95,25.0,95.0
N_25_96,25.0,96.0
N_25_97,25.0,97.0
N_25_98,25.0,98.0
N_25_99,25.0,99.0
N_26_0,26.0,0.0
N_26_1,26.0,1.0
N_26_10,26.0,10.0
N_26_11,26.0,11.0
N_26_12,26.0,12.0
N_26_13,26.0,13.0
N_26_14,26.0,14.0
N_26_15,26.0,15.0
N_26_16,26.0,16.0
N_26_17,26.0,17.0
N_26_18,26.0,18.0
N_26_19,26.0,19.0
N_26_2,26.0,2.0
N_26_20,26.0,20.0
N_26_21,26.0,21.0
N_26_22,26.0,22.0
N_26_23,26.0,23.0
N_26_24,26.0,24.0
N_26_25,26.0,25.0
N_26_26,26.0,26.0
N_26_27,26.0,27.0
N_26_28,26.0,28.0
N_26_29,26.0,29.0
N_26_3,26.0,3.0
N_26_30,26.0,30.0
N_26_31,26.0,31.0
N_26_32,26.0,32.0
N_26_33,26.0,33.0
N_26_34,26.0,34.0
N_26_35,26.0,35.0
N_26_36,26.0,36.0
N_26_37,26.0,37.0
N_26_38,26.0,38.0
N_26_39,26.0,39.0
N_26_4,26.0,4.0
N_26_40,26.0,40.0
N_26_41,26.0,41.0
N_26_42,26.0,42.0
N_26_43,26.0,43.0
N_26_44,26.0,44.0
N_26_45,26.0,45.0
N_26_46,26.0,46.0
N_26_47,26.0,47.0
N_26_48,26.0,48.0
N_26_49,26.0,49.0
N_26_5,26.0,5.0
N_26_50,26.0,50.0
N_26_51,26.0,51.0
N_26_52,26.0,52.0
N_26_53,26.0,53.0
N_26_54,26.0,54.0
N_26_55,26.0,55.0
N_26_56,26.0,56.0
N_26_57,26.0,57.0
N_26_58,26.0,58.0
N_26_59,26.0,59.0
N_26_6,26.0,6.0
N_26_60,26.0,60.0
N_26_61,26.0,61.0
N_26_62,26.0,62.0
N_26_63,26.0,63.0
N_26_64,26.0,64.0
N_26_65,26.0,65.0
N_26_66,26.0,66.0
N_26_67,26.0,67.0
N_26_68,26.0,68.0
N_26_69,26.0,69.0
N_26_7,26.0,7.0
N_26_70,26.0,70.0
N_26_71,26.0,71.0
N_26_72,26.0,72.0
N_26_73,26.0,73.0
N_26_74,26.0,74.0
N_26_75,26.0,75.0
N_26_76,26.0,76.0
N_26_77,26.0,77.0
N_26_78,26.0,78.0
N_26_79,26.0,79.0
N_26_8,26.0,8.0
N_26_80,26.0,80.0
N_26_81,26.0,81.0
N_26_82,26.0,82.0
N_26_83,26.0,83.0
N_26_84,26.0,84.0
N_26_85,26.0,85.0
N_26_86,26.0,86.0
N_26_87,26.0,87.0
N_26_88,26.0,88.0
N_26_89,26.0,89.0
N_26_9,26.0,9.0
N_26_90,26.0,90.0
N_26_91,26.0,91.0
N_26_92,26.0,92.0
N_26_93,26.0,93.0
N_26_94,26.0,94.0
N_26_95,26.0,95.0
N_26_96,26.0,96.0
N_26_97,26.0,97.0
N_26_98,26.0,98.0
N_26_99,26.0,99.0
N_27_0,27.0,0.0
N_27_1,27.0,1.0
N_27_10,27.0,10.0
N_27_11,27.0,11.0
N_27_12,27.0,12.0
N_27_13,27.0,13.0
N_27_14,27.0,14.0
N_27_15,27.0,15.0
N_27_16,27.0,16.0
N_27_17,27.0,17.0
N_27_18,27.0,18.0
N_27_19,27.0,19.0
N_27_2,27.0,2.0
N_27_20,27.0,20.0
N_27_21,27.0,21.0
N_27_22,27.0,22.0
N_27_23,27.0,23.0
N_27_24,27.0,24.0
N_27_25,27.0,25.0
N_27_26,27.0,26.0
N_27_27,27.0,27.0
N_27_28,27.0,28.0
N_27_29,27.0,29.0
N_27_3,27.0,3.0
N_27_30,27.0,30.0
N_27_31,27.0,31.0
N_27_32,27.0,32.0
N_27_33,27.0,33.0
N_27_34,27.0,34.0
N_27_35,27.0,35.0
N_27_36,27.0,36.0
N_27_37,27.0,37.0
N_27_38,27.0,38.0
N_27_39,27.0,39.0
N_27_4,27.0,4.0
N_27_40,27.0,40.0
N_27_41,27.0,41.0
N_27_42,27.0,42.0
N_27_43,27.0,43.0
N_27_44,27.0,44.0
N_27_45,27.0,45.0
N_27_46,27.0,46.0
N_27_47,27.0,47.0
N_27_48,27.0,48.0
N_27_49,27.0,49.0
N_27_5,27.0,5.0
N_27_50,27.0,50.0
N_27_51,27.0,51.0
N_27_52,27.0,52.0
N_27_53,27.0,53.0
N_27_54,27.0,54.0
N_27_55,27.0,55.0
N_27_56,27.0,56.0
N_27_57,27.0,57.0
N_27_58,27.0,58.0
N_27_59,27.0,59.0
N_27_6,27.0,6.0
N_27_60,27.0,60.0
N_27_61,27.0,61.0
N_27_62,27.0,62.0
N_27_63,27.0,63.0
N_27_64,27.0,64.0
N_27_65,27.0,65.0
N_27_66,27.0,66.0
N_27_67,27.0,67.0
N_27_68,27.0,68.0
N_27_69,27.0,69.0
N_27_7,27.0,7.0
N_27_70,27.0,70.0
N_27_71,27.0,71.0
N_27_72,27.0,72.0
N_27_73,27.0,73.0
N_27_74,27.0,74.0
N_27_75,27.0,75.0
N_27_76,27.0,76.0
N_27_77,27.0,77.0
N_27_78,27.0,78.0
N_27_79,27.0,79.0
N_27_8,27.0,8.0
N_27_80,27.0,80.0
N_27_81,27.0,81.0
N_27_82,27.0,82.0
N_27_83,27.0,83.0
N_27_84,27.0,84.0
N_27_85,27.0,85.0
N_27_86,27.0,86.0
N_27_87,27.0,87.0
N_27_88,27.0,88.0
N_27_89,27.0,89.0
N_27_9,27.0,9.0
N_27_90,27.0,90.0
N_27_91,27.0,91.0
N_27_92,27.0,92.0
N_27_93,27.0,93.0
N_27_94,27.0,94.0
N_27_95,27.0,95.0
N_27_96,27.0,96.0
N_27_97,27.0,97.0
N_27_98,27.0,98.0
N_27_99,27.0,99.0
N_28_0,28.0,0.0
N_28_1,28.0,1.0
N_28_10,28.0,10.0
N_28_11,28.0,11.0
N_28_12,28.0,12.0
N_28_13,28.0,13.0
N_28_14,28.0,14.0
N_28_15,28.0,15.0
N_28_16,28.0,16.0
N_28_17,28.0,17.0
N_28_18,28.0,18.0
N_28_19,28.0,19.0
N_28_2,28.0,2.0
N_28_20,28.0,20.0
N_28_21,28.0,21.0
N_28_22,28.0,22.0
N_28_23,28.0,23.0
N_28_24,28.0,24.0
N_28_25,28.0,25.0
N_28_26,28.0,26.0
N_28_27,28.0,27.0
N_28_28,28.0,28.0
N_28_29,28.0,29.0
N_28_3,28.0,3.0
N_28_30,28.0,30.0
N_28_31,28.0,31.0
N_28_32,28.0,32.0
N_28_33,28.0,33.0
N_28_34,28.0,34.0
N_28_35,28.0,35.0
N_28_36,28.0,36.0
N_28_37,28.0,37.0
N_28_38,28.0,38.0
N_28_39,28.0,39.0
N_28_4,28.0,4.0
N_28_40,28.0,40.0
N_28_41,28.0,41.0
N_28_42,28.0,42.0
N_28_43,28.0,43.0
N_28_44,28.0,44.0
N_28_45,28.0,45.0
N_28_46,28.0,46.0
N_28_47,28.0,47.0
N_28_48,28.0,48.0
N_28_49,28.0,49.0
N_28_5,28.0,5.0
N_28_50,28.0,50.0
N_28_51,28.0,51.0
N_28_52,28.0,52.0
N_28_53,28.0,53.0
N_28_54,28.0,54.0
N_28_55,28.0,55.0
N_28_56,28.0,56.0
N_28_57,28.0,57.0
N_28_58,28.0,58.0
N_28_59,28.0,59.0
N_28_6,28.0,6.0
N_28_60,28.0,60.0
N_28_61,28.0,61.0
N_28_62,28.0,62.0
N_28_63,28.0,63.0
N_28_64,28.0,64.0
N_28_65,28.0,65.0
N_28_66,28.0,66.0
N_28_67,28.0,67.0
N_28_68,28.0,68.0
N_28_69,28.0,69.0
N_28_7,28.0,7.0
N_28_70,28.0,70.0
N_28_71,28.0,71.0
N_28_72,28.0,72.0
N_28_73,28.0,73.0
N_28_74,28.0,74.0
N_28_75,28.0,75.0
N_28_76,28.0,76.0
N_28_77,28.0,77.0
N_28_78,28.0,78.0
N_28_79,28.0,79.0
N_28_8,28.0,8.0
N_28_80,28.0,80.0
N_28_81,28.0,81.0
N_28_82,28.0,82.0
N_28_83,28.0,83.0
N_28_84,28.0,84.0
N_28_85,28.0,85.0
N_28_86,28.0,86.0
N_28_87,28.0,87.0
N_28_88,28.0,88.0
N_28_89,28.0,89.0
N_28_9,28.0,9.0
N_28_90,28.0,90.0
N_28_91,28.0,91.0
N_28_92,28.0,92.0
N_28_93,28.0,93.0
N_28_94,28.0,94.0
N_28_95,28.0,95.0
N_28_96,28.0,96.0
N_28_97,28.0,97.0
N_28_98,28.0,98.0
N_28_99,28.0,99.0
N_29_0,29.0,0.0
N_29_1,29.0,1.0
N_29_10,29.0,10.0
N_29_11,29.0,11.0
N_29_12,29.0,12.0
N_29_13,29.0,13.0
N_29_14,29.0,14.0
N_29_15,29.0,15.0
N_29_16,29.0,16.0
N_29_17,29.0,17.0
N_29_18,29.0,18.0
N_29_19,29.0,19.0
N_29_2,29.0,2.0
N_29_20,29.0,20.0
N_29_21,29.0,21.0
N_29_22,29.0,22.0
N_29_23,29.0,23.0
N_29_24,29.0,24.0
N_29_25,29.0,25.0
N_29_26,29.0,26.0
N_29_27,29.0,27.0
N_29_28,29.0,28.0
N_29_29,29.0,29.0
N_29_3,29.0,3.0
N_29_30,29.0,30.0
N_29_31,29.0,31.0
N_29_32,29.0,32.0
N_29_33,29.0,33.0
N_29_34,29.0,34.0
N_29_35,29.0,35.0
N_29_36,29.0,36.0
N_29_37,29.0,37.0
N_29_38,29.0,38.0
N_29_39,29.0,39.0
N_29_4,29.0,4.0
N_29_40,29.0,40.0
N_29_41,29.0,41.0
N_29_42,29.0,42.0
N_29_43,29.0,43.0
N_29_44,29.0,44.0
N_29_45,29.0,45.0
N_29_46,29.0,46.0
N_29_47,29.0,47.0
N_29_48,29.0,48.0
N_29_49,29.0,49.0
N_29_5,29.0,5.0
N_29_50,29.0,50.0
N_29_51,29.0,51.0
N_29_52,29.0,52.0
N_29_53,29.0,53.0
N_29_54,29.0,54.0
N_29_55,29.0,55.0
N_29_56,29.0,56.0
N_29_57,29.0,57.0
N_29_58,29.0,58.0
N_29_59,29.0,59.0
N_29_6,29.0,6.0
N_29_60,29.0,60.0
N_29_61,29.0,61.0
N_29_62,29.0,62.0
N_29_63,29.0,63.0
N_29_64,29.0,64.0
N_29_65,29.0,65.0
N_29_66,29.0,66.0
N_29_67,29.0,67.0
N_29_68,29.0,68.0
N_29_69,29.0,69.0
N_29_7,29.0,7.0
N_29_70,29.0,70.0
N_29_71,29.0,71.0
N_29_72,29.0,72.0
N_29_73,29.0,73.0
N_29_74,29.0,74.0
N_29_75,29.0,75.0
N_29_76,29.0,76.0
N_29_77,29.0,77.0
N_29_78,29.0,78.0
N_29_79,29.0,79.0
N_29_8,29.0,8.0
N_29_80,29.0,80.0
N_29_81,29.0,81.0
N_29_82,29.0,82.0
N_29_83,29.0,83.0
N_29_84,29.0,84.0
N_29_85,29.0,85.0
N_29_86,29.0,86.0
N_29_87,29.0,87.0
N_29_88,29.0,88.0
N_29_89,29.0,89.0
N_29_9,29.0,9.0
N_29_90,29.0,90.0
N_29_91,29.0,91.0
N_29_92,29.0,92.0
N_29_93,29.0,93.0
N_29_94,29.0,94.0
N_29_95,29.0,95.0
N_29_96,29.0,96.0
N_29_97,29.0,97.0
N_29_98,29.0,98.0
N_29_99,29.0,99.0
N_2_0,2.0,0.0
N_2_1,2.0,1.0
N_2_10,2.0,10.0
N_2_11,2.0,11.0
N_2_12,2.0,12.0
N_2_13,2.0,13.0
N_2_14,2.0,14.0
N_2_15,2.0,15.0
N_2_16,2.0,16.0
N_2_17,2.0,17.0
N_2_18,2.0,18.0
N_2_19,2.0,19.0
N_2_2,2.0,2.0
N_2_20,2.0,20.0
N_2_21,2.0,21.0
N_2_22,2.0,22.0
N_2_23,2.0,23.0
N_2_24,2.0,24.0
N_2_25,2.0,25.0
N_2_26,2.0,26.0
N_2_27,2.0,27.0
N_2_28,2.0,28.0
N_2_29,2.0,29.0
N_2_3,2.0,3.0
N_2_30,2.0,30.0
N_2_31,2.0,31.0
N_2_32,2.0,32.0
N_2_33,2.0,33.0
N_2_34,2.0,34.0
N_2_35,2.0,35.0
N_2_36,2.0,36.0
N_2_37,2.0,37.0
N_2_38,2.0,38.0
N_2_39,2.0,39.0
N_2_4,2.0,4.0
N_2_40,2.0,40.0
N_2_41,2.0,41.0
N_2_42,2.0,42.0
N_2_43,2.0,43.0
N_2_44,2.0,44.0
N_2_45,2.0,45.0
N_2_46,2.0,46.0
N_2_47,2.0,47.0
N_2_48,2.0,48.0
N_2_49,2.0,49.0
N_2_5,2.0,5.0
N_2_50,2.0,50.0
N_2_51,2.0,51.0
N_2_52,2.0,52.0
N_2_53,2.0,53.0
N_2_54,2.0,54.0
N_2_55,2.0,55.0
N_2_56,2.0,56.0
N_2_57,2.0,57.0
N_2_58,2.0,58.0
N_2_59,2.0,59.0
N_2_6,2.0,6.0
N_2_60,2.0,60.0
N_2_61,2.0,61.0
N_2_62,2.0,62.0
N_2_63,2.0,63.0
N_2_64,2.0,64.0
N_2_65,2.0,65.0
N_2_66,2.0,66.0
N_2_67,2.0,67.0
N_2_68,2.0,68.0
N_2_69,2.0,69.0
N_2_7,2.0,7.0
N_2_70,2.0,70.0
N_2_71,2.0,71.0
N_2_72,2.0,72.0
N_2_73,2.0,73.0
N_2_74,2.0,74.0
N_2_75,2.0,75.0
N_2_76,2.0,76.0
N_2_77,2.0,77.0
N_2_78,2.0,78.0
N_2_79,2.0,79.0
N_2_8,2.0,8.0
N_2_80,2.0,80.0
N_2_81,2.0,81.0
N_2_82,2.0,82.0
N_2_83,2.0,83.0
N_2_84,2.0,84.0
N_2_85,2.0,85.0
N_2_86,2.0,86.0
N_2_87,2.0,87.0
N_2_88,2.0,88.0
N_2_89,2.0,89.0
N_2_9,2.0,9.0
N_2_90,2.0,90.0
N_2_91,2.0,91.0
N_2_92,2.0,92.0
N_2_93,2.0,93.0
N_2_94,2.0,94.0
N_2_95,2.0,95.0
N_2_96,2.0,96.0
N_2_97,2.0,97.0
N_2_98,2.0,98.0
N_2_99,2.0,99.0
N_30_0,30.0,0.0
N_30_1,30.0,1.0
N_30_10,30.0,10.0
N_30_11,30.0,11.0
N_30_12,30.0,12.0
N_30_13,30.0,13.0
N_30_14,30.0,14.0
N_30_15,30.0,15.0
N_30_16,30.0,16.0
N_30_17,30.0,17.0
N_30_18,30.0,18.0
N_30_19,30.0,19.0
N_30_2,30.0,2.0
N_30_20,30.0,20.0
N_30_21,30.0,21.0
N_30_22,30.0,22.0
N_30_23,30.0,23.0
N_30_24,30.0,24.0
N_30_25,30.0,25.0
N_30_26,30.0,26.0
N_30_27,30.0,27.0
N_30_28,30.0,28.0
N_30_29,30.0,29.0
N_30_3,30.0,3.0
N_30_30,30.0,30.0
N_30_31,30.0,31.0
N_30_32,30.0,32.0
N_30_33,30.0,33.0
N_30_34,30.0,34.0
N_30_35,30.0,35.0
N_30_36,30.0,36.0
N_30_37,30.0,37.0
N_30_38,30.0,38.0
N_30_39,30.0,39.0
N_30_4,30.0,4.0
N_30_40,30.0,40.0
N_30_41,30.0,41.0
N_30_42,30.0,42.0
N_30_43,30.0,43.0
N_30_44,30.0,44.0
N_30_45,30.0,45.0
N_30_46,30.0,46.0
N_30_47,30.0,47.0
N_30_48,30.0,48.0
N_30_49,30.0,49.0
N_30_5,30.0,5.0
N_30_50,30.0,50.0
N_30_51,30.0,51.0
N_30_52,30.0,52.0
N_30_53,30.0,53.0
N_30_54,30.0,54.0
N_30_55,30.0,55.0
N_30_56,30.0,56.0
N_30_57,30.0,57.0
N_30_58,30.0,58.0
N_30_59,30.0,59.0
N_30_6,30.0,6.0
N_30_60,30.0,60.0
N_30_61,30.0,61.0
N_30_62,30.0,62.0
N_30_63,30.0,63.0
N_30_64,30.0,64.0
N_30_65,30.0,65.0
N_30_66,30.0,66.0
N_30_67,30.0,67.0
N_30_68,30.0,68.0
N_30_69,30.0,69.0
N_30_7,30.0,7.0
N_30_70,30.0,70.0
N_30_71,30.0,71.0
N_30_72,30.0,72.0
N_30_73,30.0,73.0
N_30_74,30.0,74.0
N_30_75,30.0,75.0
N_30_76,30.0,76.0
N_30_77,30.0,77.0
N_30_78,30.0,78.0
N_30_79,30.0,79.0
N_30_8,30.0,8.0
N_30_80,30.0,80.0
N_30_81,30.0,81.0
N_30_82,30.0,82.0
N_30_83,30.0,83.0
N_30_84,30.0,84.0
N_30_85,30.0,85.0
N_30_86,30.0,86.0
N_30_87,30.0,87.0
N_30_88,30.0,88.0
N_30_89,30.0,89.0
N_30_9,30.0,9.0
N_30_90,30.0,90.0
N_30_91,30.0,91.0
N_30_92,30.0,92.0
N_30_93,30.0,93.0
N_30_94,30.0,94.0
N_30_95,30.0,95.0
N_30_96,30.0,96.0
N_30_97,30.0,97.0
N_30_98,30.0,98.0
N_30_99,30.0,99.0
N_31_0,31.0,0.0
N_31_1,31.0,1.0
N_31_10,31.0,10.0
N_31_11,31.0,11.0
N_31_12,31.0,12.0
N_31_13,31.0,13.0
N_31_14,31.0,14.0
N_31_15,31.0,15.0
N_31_16,31.0,16.0
N_31_17,31.0,17.0
N_31_18,31.0,18.0
N_31_19,31.0,19.0
N_31_2,31.0,2.0
N_31_20,31.0,20.0
N_31_21,31.0,21.0
N_31_22,31.0,22.0
N_31_23,31.0,23.0
N_31_24,31.0,24.0
N_31_25,31.0,25.0
N_31_26,31.0,26.0
N_31_27,31.0,27.0
N_31_28,31.0,28.0
N_31_29,31.0,29.0
N_31_3,31.0,3.0
N_31_30,31.0,30.0
N_31_31,31.0,31.0
N_31_32,31.0,32.0
N_31_33,31.0,33.0
N_31_34,31.0,34.0
N_31_35,31.0,35.0
N_31_36,31.0,36.0
N_31_37,31.0,37.0
N_31_38,31.0,38.0
N_31_39,31.0,39.0
N_31_4,31.0,4.0
N_31_40,31.0,40.0
N_31_41,31.0,41.0
N_31_42,31.0,42.0
N_31_43,31.0,43.0
N_31_44,31.0,44.0
N_31_45,31.0,45.0
N_31_46,31.0,46.0
N_31_47,31.0,47.0
N_31_48,31.0,48.0
N_31_49,31.0,49.0
N_31_5,31.0,5.0
N_31_50,31.0,50.0
N_31_51,31.0,51.0
N_31_52,31.0,52.0
N_31_53,31.0,53.0
N_31_54,31.0,54.0
N_31_55,31.0,55.0
N_31_56,31.0,56.0
N_31_57,31.0,57.0
N_31_58,31.0,58.0
N_31_59,31.0,59.0
N_31_6,31.0,6.0
N_31_60,31.0,60.0
N_31_61,31.0,61.0
N_31_62,31.0,62.0
N_31_63,31.0,63.0
N_31_64,31.0,64.0
N_31_65,31.0,65.0
N_31_66,31.0,66.0
N_31_67,31.0,67.0
N_31_68,31.0,68.0
N_31_69,31.0,69.0
N_31_7,31.0,7.0
N_31_70,31.0,70.0
N_31_71,31.0,71.0
N_31_72,31.0,72.0
N_31_73,31.0,73.0
N_31_74,31.0,74.0
N_31_75,31.0,75.0
N_31_76,31.0,76.0
N_31_77,31.0,77.0
N_31_78,31.0,78.0
N_31_79,31.0,79.0
N_31_8,31.0,8.0
N_31_80,31.0,80.0
N_31_81,31.0,81.0
N_31_82,31.0,82.0
N_31_83,31.0,83.0
N_31_84,31.0,84.0
N_31_85,31.0,85.0
N_31_86,31.0,86.0
N_31_87,31.0,87.0
N_31_88,31.0,88.0
N_31_89,31.0,89.0
N_31_9,31.0,9.0
N_31_90,31.0,90.0
N_31_91,31.0,91.0
N_31_92,31.0,92.0
N_31_93,31.0,93.0
N_31_94,31.0,94.0
N_31_95,31.0,95.0
N_31_96,31.0,96.0
N_31_97,31.0,97.0
N_31_98,31.0,98.0
N_31_99,31.0,99.0
N_32_0,32.0,0.0
N_32_1,32.0,1.0
N_32_10,32.0,10.0
N_32_11,32.0,11.0
N_32_12,32.0,12.0
N_32_13,32.0,13.0
N_32_14,32.0,14.0
N_32_15,32.0,15.0
N_32_16,32.0,16.0
N_32_17,32.0,17.0
N_32_18,32.0,18.0
N_32_19,32.0,19.0
N_32_2,32.0,2.0
N_32_20,32.0,20.0
N_32_21,32.0,21.0
N_32_22,32.0,22.0
N_32_23,32.0,23.0
N_32_24,32.0,24.0
N_32_25,32.0,25.0
N_32_26,32.0,26.0
N_32_27,32.0,27.0
N_32_28,32.0,28.0
N_32_29,32.0,29.0
N_32_3,32.0,3.0
N_32_30,32.0,30.0
N_32_31,32.0,31.0
N_32_32,32.0,32.0
N_32_33,32.0,33.0
N_32_34,32.0,34.0
N_32_35,32.0,35.0
N_32_36,32.0,36.0
N_32_37,32.0,37.0
N_32_38,32.0,38.0
N_32_39,32.0,39.0
N_32_4,32.0,4.0
N_32_40,32.0,40.0
N_32_41,32.0,41.0
N_32_42,32.0,42.0
N_32_43,32.0,43.0
N_32_44,32.0,44.0
N_32_45,32.0,45.0
N_32_46,32.0,46.0
N_32_47,32.0,47.0
N_32_48,32.0,48.0
N_32_49,32.0,49.0
N_32_5,32.0,5.0
N_32_50,32.0,50.0
N_32_51,32.0,51.0
N_32_52,32.0,52.0
N_32_53,32.0,53.0
N_32_54,32.0,54.0
N_32_55,32.0,55.0
N_32_56,32.0,56.0
N_32_57,32.0,57.0
N_32_58,32.0,58.0
N_32_59,32.0,59.0
N_32_6,32.0,6.0
N_32_60,32.0,60.0
N_32_61,32.0,61.0
N_32_62,32.0,62.0
N_32_63,32.0,63.0
N_32_64,32.0,64.0
N_32_65,32.0,65.0
N_32_66,32.0,66.0
N_32_67,32.0,67.0
N_32_68,32.0,68.0
N_32_69,32.0,69.0
N_32_7,32.0,7.0
N_32_70,32.0,70.0
N_32_71,32.0,71.0
N_32_72,32.0,72.0
N_32_73,32.0,73.0
N_32_74,32.0,74.0
N_32_75,32.0,75.0
N_32_76,32.0,76.0
N_32_77,32.0,77.0
N_32_78,32.0,78.0
N_32_79,32.0,79.0
N_32_8,32.0,8.0
N_32_80,32.0,80.0
N_32_81,32.0,81.0
N_32_82,32.0,82.0
N_32_83,32.0,83.0
N_32_84,32.0,84.0
N_32_85,32.0,85.0
N_32_86,32.0,86.0
N_32_87,32.0,87.0
N_32_88,32.0,88.0
N_32_89,32.0,89.0
N_32_9,32.0,9.0
N_32_90,32.0,90.0
N_32_91,32.0,91.0
N_32_92,32.0,92.0
N_32_93,32.0,93.0
N_32_94,32.0,94.0
N_32_95,32.0,95.0
N_32_96,32.0,96.0
N_32_97,32.0,97.0
N_32_98,32.0,98.0
N_32_99,32.0,99.0
N_33_0,33.0,0.0
N_33_1,33.0,1.0
N_33_10,33.0,10.0
N_33_11,33.0,11.0
N_33_12,33.0,12.0
N_33_13,33.0,13.0
N_33_14,33.0,14.0
N_33_15,33.0,15.0
N_33_16,33.0,16.0
N_33_17,33.0,17.0
N_33_18,33.0,18.0
N_33_19,33.0,19.0
N_33_2,33.0,2.0
N_33_20,33.0,20.0
N_33_21,33.0,21.0
N_33_22,33.0,22.0
N_33_23,33.0,23.0
N_33_24,33.0,24.0
N_33_25,33.0,25.0
N_33_26,33.0,26.0
N_33_27,33.0,27.0
N_33_28,33.0,28.0
N_33_29,33.0,29.0
N_33_3,33.0,3.0
N_33_30,33.0,30.0
N_33_31,33.0,31.0
N_33_32,33.0,32.0
N_33_33,33.0,33.0
N_33_34,33.0,34.0
N_33_35,33.0,35.0
N_33_36,33.0,36.0
N_33_37,33.0,37.0
N_33_38,33.0,38.0
N_33_39,33.0,39.0
N_33_4,33.0,4.0
N_33_40,33.0,40.0
N_33_41,33.0,41.0
N_33_42,33.0,42.0
N_33_43,33.0,43.0
N_33_44,33.0,44.0
N_33_45,33.0,45.0
N_33_46,33.0,46.0
N_33_47,33.0,47.0
N_33_48,33.0,48.0
N_33_49,33.0,49.0
N_33_5,33.0,5.0
N_33_50,33.0,50.0
N_33_51,33.0,51.0
N_33_52,33.0,52.0
N_33_53,33.0,53.0
N_33_54,33.0,54.0
N_33_55,33.0,55.0
N_33_56,33.0,56.0
N_33_57,33.0,57.0
N_33_58,33.0,58.0
N_33_59,33.0,59.0
N_33_6,33.0,6.0
N_33_60,33.0,60.0
N_33_61,33.0,61.0
N_33_62,33.0,62.0
N_33_63,33.0,63.0
N_33_64,33.0,64.0
N_33_65,33.0,65.0
N_33_66,33.0,66.0
N_33_67,33.0,67.0
N_33_68,33.0,68.0
N_33_69,33.0,69.0
N_33_7,33.0,7.0
N_33_70,33.0,70.0
N_33_71,33.0,71.0
N_33_72,33.0,72.0
N_33_73,33.0,73.0
N_33_74,33.0,74.0
N_33_75,33.0,75.0
N_33_76,33.0,76.0
N_33_77,33.0,77.0
N_33_78,33.0,78.0
N_33_79,33.0,79.0
N_33_8,33.0,8.0
N_33_80,33.0,80.0
N_33_81,33.0,81.0
N_33_82,33.0,82.0
N_33_83,33.0,83.0
N_33_84,33.0,84.0
N_33_85,33.0,85.0
N_33_86,33.0,86.0
N_33_87,33.0,87.0
N_33_88,33.0,88.0
N_33_89,33.0,89.0
N_33_9,33.0,9.0
N_33_90,33.0,90.0
N_33_91,33.0,91.0
N_33_92,33.0,92.0
N_33_93,33.0,93.0
N_33_94,33.0,94.0
N_33_95,33.0,95.0
N_33_96,33.0,96.0
N_33_97,33.0,97.0
N_33_98,33.0,98.0
N_33_99,33.0,99.0
N_34_0,34.0,0.0
N_34_1,34.0,1.0
N_34_10,34.0,10.0
N_34_11,34.0,11.0
N_34_12,34.0,12.0
N_34_13,34.0,13.0
N_34_14,34.0,14.0
N_34_15,34.0,15.0
N_34_16,34.0,16.0
N_34_17,34.0,17.0
N_34_18,34.0,18.0
N_34_19,34.0,19.0
N_34_2,34.0,2.0
N_34_20,34.0,20.0
N_34_21,34.0,21.0
N_34_22,34.0,22.0
N_34_23,34.0,23.0
N_34_24,34.0,24.0
N_34_25,34.0,25.0
N_34_26,34.0,26.0
N_34_27,34.0,27.0
N_34_28,34.0,28.0
N_34_29,34.0,29.0
N_34_3,34.0,3.0
N_34_30,34.0,30.0
N_34_31,34.0,31.0
N_34_32,34.0,32.0
N_34_33,34.0,33.0
N_34_34,34.0,34.0
N_34_35,34.0,35.0
N_34_36,34.0,36.0
N_34_37,34.0,37.0
N_34_38,34.0,38.0
N_34_39,34.0,39.0
N_34_4,34.0,4.0
N_34_40,34.0,40.0
N_34_41,34.0,41.0
N_34_42,34.0,42.0
N_34_43,34.0,43.0
N_34_44,34.0,44.0
N_34_45,34.0,45.0
N_34_46,34.0,46.0
N_34_47,34.0,47.0
N_34_48,34.0,48.0
N_34_49,34.0,49.0
N_34_5,34.0,5.0
N_34_50,34.0,50.0
N_34_51,34.0,51.0
N_34_52,34.0,52.0
N_34_53,34.0,53.0
N_34_54,34.0,54.0
N_34_55,34.0,55.0
N_34_56,34.0,56.0
N_34_57,34.0,57.0
N_34_58,34.0,58.0
N_34_59,34.0,59.0
N_34_6,34.0,6.0
N_34_60,34.0,60.0
N_34_61,34.0,61.0
N_34_62,34.0,62.0
N_34_63,34.0,63.0
N_34_64,34.0,64.0
N_34_65,34.0,65.0
N_34_66,34.0,66.0
N_34_67,34.0,67.0
N_34_68,34.0,68.0
N_34_69,34.0,69.0
N_34_7,34.0,7.0
N_34_70,34.0,70.0
N_34_71,34.0,71.0
N_34_72,34.0,72.0
N_34_73,34.0,73.0
N_34_74,34.0,74.0
N_34_75,34.0,75.0
N_34_76,34.0,76.0
N_34_77,34.0,77.0
N_34_78,34.0,78.0
N_34_79,34.0,79.0
N_34_8,34.0,8.0
N_34_80,34.0,80.0
N_34_81,34.0,81.0
N_34_82,34.0,82.0
N_34_83,34.0,83.0
N_34_84,34.0,84.0
N_34_85,34.0,85.0
N_34_86,34.0,86.0
N_34_87,34.0,87.0
N_34_88,34.0,88.0
N_34_89,34.0,89.0
N_34_9,34.0,9.0
N_34_90,34.0,90.0
N_34_91,34.0,91.0
N_34_92,34.0,92.0
N_34_93,34.0,93.0
N_34_94,34.0,94.0
N_34_95,34.0,95.0
N_34_96,34.0,96.0
N_34_97,34.0,97.0
N_34_98,34.0,98.0
N_34_99,34.0,99.0
N_35_0,35.0,0.0
N_35_1,35.0,1.0
N_35_10,35.0,10.0
N_35_11,35.0,11.0
N_35_12,35.0,12.0
N_35_13,35.0,13.0
N_35_14,35.0,14.0
N_35_15,35.0,15.0
N_35_16,35.0,16.0
N_35_17,35.0,17.0
N_35_18,35.0,18.0
N_35_19,35.0,19.0
N_35_2,35.0,2.0
N_35_20,35.0,20.0
N_35_21,35.0,21.0
N_35_22,35.0,22.0
N_35_23,35.0,23.0
N_35_24,35.0,24.0
N_35_25,35.0,25.0
N_35_26,35.0,26.0
N_35_27,35.0,27.0
N_35_28,35.0,28.0
N_35_29,35.0,29.0
N_35_3,35.0,3.0
N_35_30,35.0,30.0
N_35_31,35.0,31.0
N_35_32,35.0,32.0
N_35_33,35.0,33.0
N_35_34,35.0,34.0
N_35_35,35.0,35.0
N_35_36,35.0,36.0
N_35_37,35.0,37.0
N_35_38,35.0,38.0
N_35_39,35.0,39.0
N_35_4,35.0,4.0
N_35_40,35.0,40.0
N_35_41,35.0,41.0
N_35_42,35.0,42.0
N_35_43,35.0,43.0
N_35_44,35.0,44.0
N_35_45,35.0,45.0
N_35_46,35.0,46.0
N_35_47,35.0,47.0
N_35_48,35.0,48.0
N_35_49,35.0,49.0
N_35_5,35.0,5.0
N_35_50,35.0,50.0
N_35_51,35.0,51.0
N_35_52,35.0,52.0
N_35_53,35.0,53.0
N_35_54,35.0,54.0
N_35_55,35.0,55.0
N_35_56,35.0,56.0
N_35_57,35.0,57.0
N_35_58,35.0,58.0
N_35_59,35.0,59.0
N_35_6,35.0,6.0
N_35_60,35.0,60.0
N_35_61,35.0,61.0
N_35_62,35.0,62.0
N_35_63,35.0,63.0
N_35_64,35.0,64.0
N_35_65,35.0,65.0
N_35_66,35.0,66.0
N_35_67,35.0,67.0
N_35_68,35.0,68.0
N_35_69,35.0,69.0
N_35_7,35.0,7.0
N_35_70,35.0,70.0
N_35_71,35.0,71.0
N_35_72,35.0,72.0
N_35_73,35.0,73.0
N_35_74,35.0,74.0
N_35_75,35.0,75.0
N_35_76,35.0,76.0
N_35_77,35.0,77.0
N_35_78,35.0,78.0
N_35_79,35.0,79.0
N_35_8,35.0,8.0
N_35_80,35.0,80.0
N_35_81,35.0,81.0
N_35_82,35.0,82.0
N_35_83,35.0,83.0
N_35_84,35.0,84.0
N_35_85,35.0,85.0
N_35_86,35.0,86.0
N_35_87,35.0,87.0
N_35_88,35.0,88.0
N_35_89,35.0,89.0
N_35_9,35.0,9.0
N_35_90,35.0,90.0
N_35_91,35.0,91.0
N_35_92,35.0,92.0
N_35_93,35.0,93.0
N_35_94,35.0,94.0
N_35_95,35.0,95.0
N_35_96,35.0,96.0
N_35_97,35.0,97.0
N_35_98,35.0,98.0
N_35_99,35.0,99.0
N_36_0,36.0,0.0
N_36_1,36.0,1.0
N_36_10,36.0,10.0
N_36_11,36.0,11.0
N_36_12,36.0,12.0
N_36_13,36.0,13.0
N_36_14,36.0,14.0
N_36_15,36.0,15.0
N_36_16,36.0,16.0
N_36_17,36.0,17.0
N_36_18,36.0,18.0
N_36_19,36.0,19.0
N_36_2,36.0,2.0
N_36_20,36.0,20.0
N_36_21,36.0,21.0
N_36_22,36.0,22.0
N_36_23,36.0,23.0
N_36_24,36.0,24.0
N_36_25,36.0,25.0
N_36_26,36.0,26.0
N_36_27,36.0,27.0
N_36_28,36.0,28.0
N_36_29,36.0,29.0
N_36_3,36.0,3.0
N_36_30,36.0,30.0
N_36_31,36.0,31.0
N_36_32,36.0,32.0
N_36_33,36.0,33.0
N_36_34,36.0,34.0
N_36_35,36.0,35.0
N_36_36,36.0,36.0
N_36_37,36.0,37.0
N_36_38,36.0,38.0
N_36_39,36.0,39.0
N_36_4,36.0,4.0
N_36_40,36.0,40.0
N_36_41,36.0,41.0
N_36_42,36.0,42.0
N_36_43,36.0,43.0
N_36_44,36.0,44.0
N_36_45,36.0,45.0
N_36_46,36.0,46.0
N_36_47,36.0,47.0
N_36_48,36.0,48.0
N_36_49,36.0,49.0
N_36_5,36.0,5.0
N_36_50,36.0,50.0
N_36_51,36.0,51.0
N_36_52,36.0,52.0
N_36_53,36.0,53.0
N_36_54,36.0,54.0
N_36_55,36.0,55.0
N_36_56,36.0,56.0
N_36_57,36.0,57.0
N_36_58,36.0,58.0
N_36_59,36.0,59.0
N_36_6,36.0,6.0
N_36_60,36.0,60.0
N_36_61,36.0,61.0
N_36_62,36.0,62.0
N_36_63,36.0,63.0
N_36_64,36.0,64.0
N_36_65,36.0,65.0
N_36_66,36.0,66.0
N_36_67,36.0,67.0
N_36_68,36.0,68.0
N_36_69,36.0,69.0
N_36_7,36.0,7.0
N_36_70,36.0,70.0
N_36_71,36.0,71.0
N_36_72,36.0,72.0
N_36_73,36.0,73.0
N_36_74,36.0,74.0
N_36_75,36.0,75.0
N_36_76,36.0,76.0
N_36_77,36.0,77.0
N_36_78,36.0,78.0
N_36_79,36.0,79.0
N_36_8,36.0,8.0
N_36_80,36.0,80.0
N_36_81,36.0,81.0
N_36_82,36.0,82.0
N_36_83,36.0,83.0
N_36_84,36.0,84.0
N_36_85,36.0,85.0
N_36_86,36.0,86.0
N_36_87,36.0,87.0
N_36_88,36.0,88.0
N_36_89,36.0,89.0
N_36_9,36.0,9.0
N_36_90,36.0,90.0
N_36_91,36.0,91.0
N_36_92,36.0,92.0
N_36_93,36.0,93.0
N_36_94,36.0,94.0
N_36_95,36.0,95.0
N_36_96,36.0,96.0
N_36_97,36.0,97.0
N_36_98,36.0,98.0
N_36_99,36.0,99.0
N_37_0,37.0,0.0
N_37_1,37.0,1.0
N_37_10,37.0,10.0
N_37_11,37.0,11.0
N_37_12,37.0,12.0
N_37_13,37.0,13.0
N_37_14,37.0,14.0
N_37_15,37.0,15.0
N_37_16,37.0,16.0
N_37_17,37.0,17.0
N_37_18,37.0,18.0
N_37_19,37.0,19.0
N_37_2,37.0,2.0
N_37_20,37.0,20.0
N_37_21,37.0,21.0
N_37_22,37.0,22.0
N_37_23,37.0,23.0
N_37_24,37.0,24.0
N_37_25,37.0,25.0
N_37_26,37.0,26.0
N_37_27,37.0,27.0
N_37_28,37.0,28.0
N_37_29,37.0,29.0
N_37_3,37.0,3.0
N_37_30,37.0,30.0
N_37_31,37.0,31.0
N_37_32,37.0,32.0
N_37_33,37.0,33.0
N_37_34,37.0,34.0
N_37_35,37.0,35.0
N_37_36,37.0,36.0
N_37_37,37.0,37.0
N_37_38,37.0,38.0
N_37_39,37.0,39.0
N_37_4,37.0,4.0
N_37_40,37.0,40.0
N_37_41,37.0,41.0
N_37_42,37.0,42.0
N_37_43,37.0,43.0
N_37_44,37.0,44.0
N_37_45,37.0,45.0
N_37_46,37.0,46.0
N_37_47,37.0,47.0
N_37_48,37.0,48.0
N_37_49,37.0,49.0
N_37_5,37.0,5.0
N_37_50,37.0,50.0
N_37_51,37.0,51.0
N_37_52,37.0,52.0
N_37_53,37.0,53.0
N_37_54,37.0,54.0
N_37_55,37.0,55.0
N_37_56,37.0,56.0
N_37_57,37.0,57.0
N_37_58,37.0,58.0
N_37_59,37.0,59.0
N_37_6,37.0,6.0
N_37_60,37.0,60.0
N_37_61,37.0,61.0
N_37_62,37.0,62.0
N_37_63,37.0,63.0
N_37_64,37.0,64.0
N_37_65,37.0,65.0
N_37_66,37.0,66.0
N_37_67,37.0,67.0
N_37_68,37.0,68.0
N_37_69,37.0,69.0
N_37_7,37.0,7.0
N_37_70,37.0,70.0
N_37_71,37.0,71.0
N_37_72,37.0,72.0
N_37_73,37.0,73.0
N_37_74,37.0,74.0
N_37_75,37.0,75.0
N_37_76,37.0,76.0
N_37_77,37.0,77.0
N_37_78,37.0,78.0
N_37_79,37.0,79.0
N_37_8,37.0,8.0
N_37_80,37.0,80.0
N_37_81,37.0,81.0
N_37_82,37.0,82.0
N_37_83,37.0,83.0
N_37_84,37.0,84.0
N_37_85,37.0,85.0
N_37_86,37.0,86.0
N_37_87,37.0,87.0
N_37_88,37.0,88.0
N_37_89,37.0,89.0
N_37_9,37.0,9.0
N_37_90,37.0,90.0
N_37_91,37.0,91.0
N_37_92,37.0,92.0
N_37_93,37.0,93.0
N_37_94,37.0,94.0
N_37_95,37.0,95.0
N_37_96,37.0,96.0
N_37_97,37.0,97.0
N_37_98,37.0,98.0
N_37_99,37.0,99.0
N_38_0,38.0,0.0
N_38_1,38.0,1.0
N_38_10,38.0,10.0
N_38_11,38.0,11.0
N_38_12,38.0,12.0
N_38_13,38.0,13.0
N_38_14,38.0,14.0
N_38_15,38.0,15.0
N_38_16,38.0,16.0
N_38_17,38.0,17.0
N_38_18,38.0,18.0
N_38_19,38.0,19.0
N_38_2,38.0,2.0
N_38_20,38.0,20.0
N_38_21,38.0,21.0
N_38_22,38.0,22.0
N_38_23,38.0,23.0
N_38_24,38.0,24.0
N_38_25,38.0,25.0
N_38_26,38.0,26.0
N_38_27,38.0,27.0
N_38_28,38.0,28.0
N_38_29,38.0,29.0
N_38_3,38.0,3.0
N_38_30,38.0,30.0
N_38_31,38.0,31.0
N_38_32,38.0,32.0
N_38_33,38.0,33.0
N_38_34,38.0,34.0
N_38_35,38.0,35.0
N_38_36,38.0,36.0
N_38_37,38.0,37.0
N_38_38,38.0,38.0
N_38_39,38.0,39.0
N_38_4,38.0,4.0
N_38_40,38.0,40.0
N_38_41,38.0,41.0
N_38_42,38.0,42.0
N_38_43,38.0,43.0
N_38_44,38.0,44.0
N_38_45,38.0,45.0
N_38_46,38.0,46.0
N_38_47,38.0,47.0
N_38_48,38.0,48.0
N_38_49,38.0,49.0
N_38_5,38.0,5.0
N_38_50,38.0,50.0
N_38_51,38.0,51.0
N_38_52,38.0,52.0
N_38_53,38.0,53.0
N_38_54,38.0,54.0
N_38_55,38.0,55.0
N_38_56,38.0,56.0
N_38_57,38.0,57.0
N_38_58,38.0,58.0
N_38_59,38.0,59.0
N_38_6,38.0,6.0
N_38_60,38.0,60.0
N_38_61,38.0,61.0
N_38_62,38.0,62.0
N_38_63,38.0,63.0
N_38_64,38.0,64.0
N_38_65,38.0,65.0
N_38_66,38.0,66.0
N_38_67,38.0,67.0
N_38_68,38.0,68.0
N_38_69,38.0,69.0
N_38_7,38.0,7.0
N_38_70,38.0,70.0
N_38_71,38.0,71.0
N_38_72,38.0,72.0
N_38_73,38.0,73.0
N_38_74,38.0,74.0
N_38_75,38.0,75.0
N_38_76,38.0,76.0
N_38_77,38.0,77.0
N_38_78,38.0,78.0
N_38_79,38.0,79.0
N_38_8,38.0,8.0
N_38_80,38.0,80.0
N_38_81,38.0,81.0
N_38_82,38.0,82.0
N_38_83,38.0,83.0
N_38_84,38.0,84.0
N_38_85,38.0,85.0
N_38_86,38.0,86.0
N_38_87,38.0,87.0
N_38_88,38.0,88.0
N_38_89,38.0,89.0
N_38_9,38.0,9.0
N_38_90,38.0,90.0
N_38_91,38.0,91.0
N_38_92,38.0,92.0
N_38_93,38.0,93.0
N_38_94,38.0,94.0
N_38_95,38.0,95.0
N_38_96,38.0,96.0
N_38_97,38.0,97.0
N_38_98,38.0,98.0
N_38_99,38.0,99.0
N_39_0,39.0,0.0
N_39_1,39.0,1.0
N_39_10,39.0,10.0
N_39_11,39.0,11.0
N_39_12,39.0,12.0
N_39_13,39.0,13.0
N_39_14,39.0,14.0
N_39_15,39.0,15.0
N_39_16,39.0,16.0
N_39_17,39.0,17.0
N_39_18,39.0,18.0
N_39_19,39.0,19.0
N_39_2,39.0,2.0
N_39_20,39.0,20.0
N_39_21,39.0,21.0
N_39_22,39.0,22.0
N_39_23,39.0,23.0
N_39_24,39.0,24.0
N_39_25,39.0,25.0
N_39_26,39.0,26.0
N_39_27,39.0,27.0
N_39_28,39.0,28.0
N_39_29,39.0,29.0
N_39_3,39.0,3.0
N_39_30,39.0,30.0
N_39_31,39.0,31.0
N_39_32,39.0,32.0
N_39_33,39.0,33.0
N_39_34,39.0,34.0
N_39_35,39.0,35.0
N_39_36,39.0,36.0
N_39_37,39.0,37.0
N_39_38,39.0,38.0
N_39_39,39.0,39.0
N_39_4,39.0,4.0
N_39_40,39.0,40.0
N_39_41,39.0,41.0
N_39_42,39.0,42.0
N_39_43,39.0,43.0
N_39_44,39.0,44.0
N_39_45,39.0,45.0
N_39_46,39.0,46.0
N_39_47,39.0,47.0
N_39_48,39.0,48.0
N_39_49,39.0,49.0
N_39_5,39.0,5.0
N_39_50,39.0,50.0
N_39_51,39.0,51.0
N_39_52,39.0,52.0
N_39_53,39.0,53.0
N_39_54,39.0,54.0
N_39_55,39.0,55.0
N_39_56,39.0,56.0
N_39_57,39.0,57.0
N_39_58,39.0,58.0
N_39_59,39.0,59.0
N_39_6,39.0,6.0
N_39_60,39.0,60.0
N_39_61,39.0,61.0
N_39_62,39.0,62.0
N_39_63,39.0,63.0
N_39_64,39.0,64.0
N_39_65,39.0,65.0
N_39_66,39.0,66.0
N_39_67,39.0,67.0
N_39_68,39.0,68.0
N_39_69,39.0,69.0
N_39_7,39.0,7.0
N_39_70,39.0,70.0
N_39_71,39.0,71.0
N_39_72,39.0,72.0
N_39_73,39.0,73.0
N_39_74,39.0,74.0
N_39_75,39.0,75.0
N_39_76,39.0,76.0
N_39_77,39.0,77.0
N_39_78,39.0,78.0
N_39_79,39.0,79.0
N_39_8,39.0,8.0
N_39_80,39.0,80.0
N_39_81,39.0,81.0
N_39_82,39.0,82.0
N_39_83,39.0,83.0
N_39_84,39.0,84.0
N_39_85,39.0,85.0
N_39_86,39.0,86.0
N_39_87,39.0,87.0
N_39_88,39.0,88.0
N_39_89,39.0,89.0
N_39_9,39.0,9.0
N_39_90,39.0,90.0
N_39_91,39.0,91.0
N_39_92,39.0,92.0
N_39_93,39.0,93.0
N_39_94,39.0,94.0
N_39_95,39.0,95.0
N_39_96,39.0,96.0
N_39_97,39.0,97.0
N_39_98,39.0,98.0
N_39_99,39.0,99.0
N_3_0,3.0,0.0
N_3_1,3.0,1.0
N_3_10,3.0,10.0
N_3_11,3.0,11.0
N_3_12,3.0,12.0
N_3_13,3.0,13.0
N_3_14,3.0,14.0
N_3_15,3.0,15.0
N_3_16,3.0,16.0
N_3_17,3.0,17.0
N_3_18,3.0,18.0
N_3_19,3.0,19.0
N_3_2,3.0,2.0
N_3_20,3.0,20.0
N_3_21,3.0,21.0
N_3_22,3.0,22.0
N_3_23,3.0,23.0
N_3_24,3.0,24.0
N_3_25,3.0,25.0
N_3_26,3.0,26.0
N_3_27,3.0,27.0
N_3_28,3.0,28.0
N_3_29,3.0,29.0
N_3_3,3.0,3.0
N_3_30,3.0,30.0
N_3_31,3.0,31.0
N_3_32,3.0,32.0
N_3_33,3.0,33.0
N_3_34,3.0,34.0
N_3_35,3.0,35.0
N_3_36,3.0,36.0
N_3_37,3.0,37.0
N_3_38,3.0,38.0
N_3_39,3.0,39.0
N_3_4,3.0,4.0
N_3_40,3.0,40.0
N_3_41,3.0,41.0
N_3_42,3.0,42.0
N_3_43,3.0,43.0
N_3_44,3.0,44.0
N_3_45,3.0,45.0
N_3_46,3.0,46.0
N_3_47,3.0,47.0
N_3_48,3.0,48.0
N_3_49,3.0,49.0
N_3_5,3.0,5.0
N_3_50,3.0,50.0
N_3_51,3.0,51.0
N_3_52,3.0,52.0
N_3_53,3.0,53.0
N_3_54,3.0,54.0
N_3_55,3.0,55.0
N_3_56,3.0,56.0
N_3_57,3.0,57.0
N_3_58,3.0,58.0
N_3_59,3.0,59.0
N_3_6,3.0,6.0
N_3_60,3.0,60.0
N_3_61,3.0,61.0
N_3_62,3.0,62.0
N_3_63,3.0,63.0
N_3_64,3.0,64.0
N_3_65,3.0,65.0
N_3_66,3.0,66.0
N_3_67,3.0,67.0
N_3_68,3.0,68.0
N_3_69,3.0,69.0
N_3_7,3.0,7.0
N_3_70,3.0,70.0
N_3_71,3.0,71.0
N_3_72,3.0,72.0
N_3_73,3.0,73.0
N_3_74,3.0,74.0
N_3_75,3.0,75.0
N_3_76,3.0,76.0
N_3_77,3.0,77.0
N_3_78,3.0,78.0
N_3_79,3.0,79.0
N_3_8,3.0,8.0
N_3_80,3.0,80.0
N_3_81,3.0,81.0
N_3_82,3.0,82.0
N_3_83,3.0,83.0
N_3_84,3.0,84.0
N_3_85,3.0,85.0
N_3_86,3.0,86.0
N_3_87,3.0,87.0
N_3_88,3.0,88.0
N_3_89,3.0,89.0
N_3_9,3.0,9.0
N_3_90,3.0,90.0
N_3_91,3.0,91.0
N_3_92,3.0,92.0
N_3_93,3.0,93.0
N_3_94,3.0,94.0
N_3_95,3.0,95.0
N_3_96,3.0,96.0
N_3_97,3.0,97.0
N_3_98,3.0,98.0
N_3_99,3.0,99.0
N_40_0,40.0,0.0
N_40_1,40.0,1.0
N_40_10,40.0,10.0
N_40_11,40.0,11.0
N_40_12,40.0,12.0
N_40_13,40.0,13.0
N_40_14,40.0,14.0
N_40_15,40.0,15.0
N_40_16,40.0,16.0
N_40_17,40.0,17.0
N_40_18,40.0,18.0
N_40_19,40.0,19.0
N_40_2,40.0,2.0
N_40_20,40.0,20.0
N_40_21,40.0,21.0
N_40_22,40.0,22.0
N_40_23,40.0,23.0
N_40_24,40.0,24.0
N_40_25,40.0,25.0
N_40_26,40.0,26.0
N_40_27,40.0,27.0
N_40_28,40.0,28.0
N_40_29,40.0,29.0
N_40_3,40.0,3.0
N_40_30,40.0,30.0
N_40_31,40.0,31.0
N_40_32,40.0,32.0
N_40_33,40.0,33.0
N_40_34,40.0,34.0
N_40_35,40.0,35.0
N_40_36,40.0,36.0
N_40_37,40.0,37.0
N_40_38,40.0,38.0
N_40_39,40.0,39.0
N_40_4,40.0,4.0
N_40_40,40.0,40.0
N_40_41,40.0,41.0
N_40_42,40.0,42.0
N_40_43,40.0,43.0
N_40_44,40.0,44.0
N_40_45,40.0,45.0
N_40_46,40.0,46.0
N_40_47,40.0,47.0
N_40_48,40.0,48.0
N_40_49,40.0,49.0
N_40_5,40.0,5.0
N_40_50,40.0,50.0
N_40_51,40.0,51.0
N_40_52,40.0,52.0
N_40_53,40.0,53.0
N_40_54,40.0,54.0
N_40_55,40.0,55.0
N_40_56,40.0,56.0
N_40_57,40.0,57.0
N_40_58,40.0,58.0
N_40_59,40.0,59.0
N_40_6,40.0,6.0
N_40_60,40.0,60.0
N_40_61,40.0,61.0
N_40_62,40.0,62.0
N_40_63,40.0,63.0
N_40_64,40.0,64.0
N_40_65,40.0,65.0
N_40_66,40.0,66.0
N_40_67,40.0,67.0
N_40_68,40.0,68.0
N_40_69,40.0,69.0
N_40_7,40.0,7.0
N_40_70,40.0,70.0
N_40_71,40.0,71.0
N_40_72,40.0,72.0
N_40_73,40.0,73.0
N_40_74,40.0,74.0
N_40_75,40.0,75.0
N_40_76,40.0,76.0
N_40_77,40.0,77.0
N_40_78,40.0,78.0
N_40_79,40.0,79.0
N_40_8,40.0,8.0
N_40_80,40.0,80.0
N_40_81,40.0,81.0
N_40_82,40.0,82.0
N_40_83,40.0,83.0
N_40_84,40.0,84.0
N_40_85,40.0,85.0
N_40_86,40.0,86.0
N_40_87,40.0,87.0
N_40_88,40.0,88.0
N_40_89,40.0,89.0
N_40_9,40.0,9.0
N_40_90,40.0,90.0
N_40_91,40.0,91.0
N_40_92,40.0,92.0
N_40_93,40.0,93.0
N_40_94,40.0,94.0
N_40_95,40.0,95.0
N_40_96,40.0,96.0
N_40_97,40.0,97.0
N_40_98,40.0,98.0
N_40_99,40.0,99.0
N_41_0,41.0,0.0
N_41_1,41.0,1.0
N_41_10,41.0,10.0
N_41_11,41.0,11.0
N_41_12,41.0,12.0
N_41_13,41.0,13.0
N_41_14,41.0,14.0
N_41_15,41.0,15.0
N_41_16,41.0,16.0
N_41_17,41.0,17.0
N_41_18,41.0,18.0
N_41_19,41.0,19.0
N_41_2,41.0,2.0
N_41_20,41.0,20.0
N_41_21,41.0,21.0
N_41_22,41.0,22.0
N_41_23,41.0,23.0
N_41_24,41.0,24.0
N_41_25,41.0,25.0
N_41_26,41.0,26.0
N_41_27,41.0,27.0
N_41_28,41.0,28.0
N_41_29,41.0,29.0
N_41_3,41.0,3.0
N_41_30,41.0,30.0
N_41_31,41.0,31.0
N_41_32,41.0,32.0
N_41_33,41.0,33.0
N_41_34,41.0,34.0
N_41_35,41.0,35.0
N_41_36,41.0,36.0
N_41_37,41.0,37.0
N_41_38,41.0,38.0
N_41_39,41.0,39.0
N_41_4,41.0,4.0
N_41_40,41.0,40.0
N_41_41,41.0,41.0
N_41_42,41.0,42.0
N_41_43,41.0,43.0
N_41_44,41.0,44.0
N_41_45,41.0,45.0
N_41_46,41.0,46.0
N_41_47,41.0,47.0
N_41_48,41.0,48.0
N_41_49,41.0,49.0
N_41_5,41.0,5.0
N_41_50,41.0,50.0
N_41_51,41.0,51.0
N_41_52,41.0,52.0
N_41_53,41.0,53.0
N_41_54,41.0,54.0
N_41_55,41.0,55.0
N_41_56,41.0,56.0
N_41_57,41.0,57.0
N_41_58,41.0,58.0
N_41_59,41.0,59.0
N_41_6,41.0,6.0
N_41_60,41.0,60.0
N_41_61,41.0,61.0
N_41_62,41.0,62.0
N_41_63,41.0,63.0
N_41_64,41.0,64.0
N_41_65,41.0,65.0
N_41_66,41.0,66.0
N_41_67,41.0,67.0
N_41_68,41.0,68.0
N_41_69,41.0,69.0
N_41_7,41.0,7.0
N_41_70,41.0,70.0
N_41_71,41.0,71.0
N_41_72,41.0,72.0
N_41_73,41.0,73.0
N_41_74,41.0,74.0
N_41_75,41.0,75.0
N_41_76,41.0,76.0
N_41_77,41.0,77.0
N_41_78,41.0,78.0
N_41_79,41.0,79.0
N_41_8,41.0,8.0
N_41_80,41.0,80.0
N_41_81,41.0,81.0
N_41_82,41.0,82.0
N_41_83,41.0,83.0
N_41_84,41.0,84.0
N_41_85,41.0,85.0
N_41_86,41.0,86.0
N_41_87,41.0,87.0
N_41_88,41.0,88.0
N_41_89,41.0,89.0
N_41_9,41.0,9.0
N_41_90,41.0,90.0
N_41_91,41.0,91.0
N_41_92,41.0,92.0
N_41_93,41.0,93.0
N_41_94,41.0,94.0
N_41_95,41.0,95.0
N_41_96,41.0,96.0
N_41_97,41.0,97.0
N_41_98,41.0,98.0
N_41_99,41.0,99.0
N_42_0,42.0,0.0
N_42_1,42.0,1.0
N_42_10,42.0,10.0
N_42_11,42.0,11.0
N_42_12,42.0,12.0
N_42_13,42.0,13.0
N_42_14,42.0,14.0
N_42_15,42.0,15.0
N_42_16,42.0,16.0
N_42_17,42.0,17.0
N_42_18,42.0,18.0
N_42_19,42.0,19.0
N_42_2,42.0,2.0
N_42_20,42.0,20.0
N_42_21,42.0,21.0
N_42_22,42.0,22.0
N_42_23,42.0,23.0
N_42_24,42.0,24.0
N_42_25,42.0,25.0
N_42_26,42.0,26.0
N_42_27,42.0,27.0
N_42_28,42.0,28.0
N_42_29,42.0,29.0
N_42_3,42.0,3.0
N_42_30,42.0,30.0
N_42_31,42.0,31.0
N_42_32,42.0,32.0
N_42_33,42.0,33.0
N_42_34,42.0,34.0
N_42_35,42.0,35.0
N_42_36,42.0,36.0
N_42_37,42.0,37.0
N_42_38,42.0,38.0
N_42_39,42.0,39.0
N_42_4,42.0,4.0
N_42_40,42.0,40.0
N_42_41,42.0,41.0
N_42_42,42.0,42.0
N_42_43,42.0,43.0
N_42_44,42.0,44.0
N_42_45,42.0,45.0
N_42_46,42.0,46.0
N_42_47,42.0,47.0
N_42_48,42.0,48.0
N_42_49,42.0,49.0
N_42_5,42.0,5.0
N_42_50,42.0,50.0
N_42_51,42.0,51.0
N_42_52,42.0,52.0
N_42_53,42.0,53.0
N_42_54,42.0,54.0
N_42_55,42.0,55.0
N_42_56,42.0,56.0
N_42_57,42.0,57.0
N_42_58,42.0,58.0
N_42_59,42.0,59.0
N_42_6,42.0,6.0
N_42_60,42.0,60.0
N_42_61,42.0,61.0
N_42_62,42.0,62.0
N_42_63,42.0,63.0
N_42_64,42.0,64.0
N_42_65,42.0,65.0
N_42_66,42.0,66.0
N_42_67,42.0,67.0
N_42_68,42.0,68.0
N_42_69,42.0,69.0
N_42_7,42.0,7.0
N_42_70,42.0,70.0
N_42_71,42.0,71.0
N_42_72,42.0,72.0
N_42_73,42.0,73.0
N_42_74,42.0,74.0
N_42_75,42.0,75.0
N_42_76,42.0,76.0
N_42_77,42.0,77.0
N_42_78,42.0,78.0
N_42_79,42.0,79.0
N_42_8,42.0,8.0
N_42_80,42.0,80.0
N_42_81,42.0,81.0
N_42_82,42.0,82.0
N_42_83,42.0,83.0
N_42_84,42.0,84.0
N_42_85,42.0,85.0
N_42_86,42.0,86.0
N_42_87,42.0,87.0
N_42_88,42.0,88.0
N_42_89,42.0,89.0
N_42_9,42.0,9.0
N_42_90,42.0,90.0
N_42_91,42.0,91.0
N_42_92,42.0,92.0
N_42_93,42.0,93.0
N_42_94,42.0,94.0
N_42_95,42.0,95.0
N_42_96,42.0,96.0
N_42_97,42.0,97.0
N_42_98,42.0,98.0
N_42_99,42.0,99.0
N_43_0,43.0,0.0
N_43_1,43.0,1.0
N_43_10,43.0,10.0
N_43_11,43.0,11.0
N_43_12,43.0,12.0
N_43_13,43.0,13.0
N_43_14,43.0,14.0
N_43_15,43.0,15.0
N_43_16,43.0,16.0
N_43_17,43.0,17.0
N_43_18,43.0,18.0
N_43_19,43.0,19.0
N_43_2,43.0,2.0
N_43_20,43.0,20.0
N_43_21,43.0,21.0
N_43_22,43.0,22.0
N_43_23,43.0,23.0
N_43_24,43.0,24.0
N_43_25,43.0,25.0
N_43_26,43.0,26.0
N_43_27,43.0,27.0
N_43_28,43.0,28.0
N_43_29,43.0,29.0
N_43_3,43.0,3.0
N_43_30,43.0,30.0
N_43_31,43.0,31.0
N_43_32,43.0,32.0
N_43_33,43.0,33.0
N_43_34,43.0,34.0
N_43_35,43.0,35.0
N_43_36,43.0,36.0
N_43_37,43.0,37.0
N_43_38,43.0,38.0
N_43_39,43.0,39.0
N_43_4,43.0,4.0
N_43_40,43.0,40.0
N_43_41,43.0,41.0
N_43_42,43.0,42.0
N_43_43,43.0,43.0
N_43_44,43.0,44.0
N_43_45,43.0,45.0
N_43_46,43.0,46.0
N_43_47,43.0,47.0
N_43_48,43.0,48.0
N_43_49,43.0,49.0
N_43_5,43.0,5.0
N_43_50,43.0,50.0
N_43_51,43.0,51.0
N_43_52,43.0,52.0
N_43_53,43.0,53.0
N_43_54,43.0,54.0
N_43_55,43.0,55.0
N_43_56,43.0,56.0
N_43_57,43.0,57.0
N_43_58,43.0,58.0
N_43_59,43.0,59.0
N_43_6,43.0,6.0
N_43_60,43.0,60.0
N_43_61,43.0,61.0
N_43_62,43.0,62.0
N_43_63,43.0,63.0
N_43_64,43.0,64.0
N_43_65,43.0,65.0
N_43_66,43.0,66.0
N_43_67,43.0,67.0
N_43_68,43.0,68.0
N_43_69,43.0,69.0
N_43_7,43.0,7.0
N_43_70,43.0,70.0
N_43_71,43.0,71.0
N_43_72,43.0,72.0
N_43_73,43.0,73.0
N_43_74,43.0,74.0
N_43_75,43.0,75.0
N_43_76,43.0,76.0
N_43_77,43.0,77.0
N_43_78,43.0,78.0
N_43_79,43.0,79.0
N_43_8,43.0,8.0
N_43_80,43.0,80.0
N_43_81,43.0,81.0
N_43_82,43.0,82.0
N_43_83,43.0,83.0
N_43_84,43.0,84.0
N_43_85,43.0,85.0
N_43_86,43.0,86.0
N_43_87,43.0,87.0
N_43_88,43.0,88.0
N_43_89,43.0,89.0
N_43_9,43.0,9.0
N_43_90,43.0,90.0
N_43_91,43.0,91.0
N_43_92,43.0,92.0
N_43_93,43.0,93.0
N_43_94,43.0,94.0
N_43_95,43.0,95.0
N_43_96,43.0,96.0
N_43_97,43.0,97.0
N_43_98,43.0,98.0
N_43_99,43.0,99.0
N_44_0,44.0,0.0
N_44_1,44.0,1.0
N_44_10,44.0,10.0
N_44_11,44.0,11.0
N_44_12,44.0,12.0
N_44_13,44.0,13.0
N_44_14,44.0,14.0
N_44_15,44.0,15.0
N_44_16,44.0,16.0
N_44_17,44.0,17.0
N_44_18,44.0,18.0
N_44_19,44.0,19.0
N_44_2,44.0,2.0
N_44_20,44.0,20.0
N_44_21,44.0,21.0
N_44_22,44.0,22.0
N_44_23,44.0,23.0
N_44_24,44.0,24.0
N_44_25,44.0,25.0
N_44_26,44.0,26.0
N_44_27,44.0,27.0
N_44_28,44.0,28.0
N_44_29,44.0,29.0
N_44_3,44.0,3.0
N_44_30,44.0,30.0
N_44_31,44.0,31.0
N_44_32,44.0,32.0
N_44_33,44.0,33.0
N_44_34,44.0,34.0
N_44_35,44.0,35.0
N_44_36,44.0,36.0
N_44_37,44.0,37.0
N_44_38,44.0,38.0
N_44_39,44.0,39.0
N_44_4,44.0,4.0
N_44_40,44.0,40.0
N_44_41,44.0,41.0
N_44_42,44.0,42.0
N_44_43,44.0,43.0
N_44_44,44.0,44.0
N_44_45,44.0,45.0
N_44_46,44.0,46.0
N_44_47,44.0,47.0
N_44_48,44.0,48.0
N_44_49,44.0,49.0
N_44_5,44.0,5.0
N_44_50,44.0,50.0
N_44_51,44.0,51.0
N_44_52,44.0,52.0
N_44_53,44.0,53.0
N_44_54,44.0,54.0
N_44_55,44.0,55.0
N_44_56,44.0,56.0
N_44_57,44.0,57.0
N_44_58,44.0,58.0
N_44_59,44.0,59.0
N_44_6,44.0,6.0
N_44_60,44.0,60.0
N_44_61,44.0,61.0
N_44_62,44.0,62.0
N_44_63,44.0,63.0
N_44_64,44.0,64.0
N_44_65,44.0,65.0
N_44_66,44.0,66.0
N_44_67,44.0,67.0
N_44_68,44.0,68.0
N_44_69,44.0,69.0
N_44_7,44.0,7.0
N_44_70,44.0,70.0
N_44_71,44.0,71.0
N_44_72,44.0,72.0
N_44_73,44.0,73.0
N_44_74,44.0,74.0
N_44_75,44.0,75.0
N_44_76,44.0,76.0
N_44_77,44.0,77.0
N_44_78,44.0,78.0
N_44_79,44.0,79.0
N_44_8,44.0,8.0
N_44_80,44.0,80.0
N_44_81,44.0,81.0
N_44_82,44.0,82.0
N_44_83,44.0,83.0
N_44_84,44.0,84.0
N_44_85,44.0,85.0
N_44_86,44.0,86.0
N_44_87,44.0,87.0
N_44_88,44.0,88.0
N_44_89,44.0,89.0
N_44_9,44.0,9.0
N_44_90,44.0,90.0
N_44_91,44.0,91.0
N_44_92,44.0,92.0
N_44_93,44.0,93.0
N_44_94,44.0,94.0
N_44_95,44.0,95.0
N_44_96,44.0,96.0
N_44_97,44.0,97.0
N_44_98,44.0,98.0
N_44_99,44.0,99.0
N_45_0,45.0,0.0
N_45_1,45.0,1.0
N_45_10,45.0,10.0
N_45_11,45.0,11.0
N_45_12,45.0,12.0
N_45_13,45.0,13.0
N_45_14,45.0,14.0
N_45_15,45.0,15.0
N_45_16,45.0,16.0
N_45_17,45.0,17.0
N_45_18,45.0,18.0
N_45_19,45.0,19.0
N_45_2,45.0,2.0
N_45_20,45.0,20.0
N_45_21,45.0,21.0
N_45_22,45.0,22.0
N_45_23,45.0,23.0
N_45_24,45.0,24.0
N_45_25,45.0,25.0
N_45_26,45.0,26.0
N_45_27,45.0,27.0
N_45_28,45.0,28.0
N_45_29,45.0,29.0
N_45_3,45.0,3.0
N_45_30,45.0,30.0
N_45_31,45.0,31.0
N_45_32,45.0,32.0
N_45_33,45.0,33.0
N_45_34,45.0,34.0
N_45_35,45.0,35.0
N_45_36,45.0,36.0
N_45_37,45.0,37.0
N_45_38,45.0,38.0
N_45_39,45.0,39.0
N_45_4,45.0,4.0
N_45_40,45.0,40.0
N_45_41,45.0,41.0
N_45_42,45.0,42.0
N_45_43,45.0,43.0
N_45_44,45.0,44.0
N_45_45,45.0,45.0
N_45_46,45.0,46.0
N_45_47,45.0,47.0
N_45_48,45.0,48.0
N_45_49,45.0,49.0
N_45_5,45.0,5.0
N_45_50,45.0,50.0
N_45_51,45.0,51.0
N_45_52,45.0,52.0
N_45_53,45.0,53.0
N_45_54,45.0,54.0
N_45_55,45.0,55.0
N_45_56,45.0,56.0
N_45_57,45.0,57.0
N_45_58,45.0,58.0
N_45_59,45.0,59.0
N_45_6,45.0,6.0
N_45_60,45.0,60.0
N_45_61,45.0,61.0
N_45_62,45.0,62.0
N_45_63,45.0,63.0
N_45_64,45.0,64.0
N_45_65,45.0,65.0
N_45_66,45.0,66.0
N_45_67,45.0,67.0
N_45_68,45.0,68.0
N_45_69,45.0,69.0
N_45_7,45.0,7.0
N_45_70,45.0,70.0
N_45_71,45.0,71.0
N_45_72,45.0,72.0
N_45_73,45.0,73.0
N_45_74,45.0,74.0
N_45_75,45.0,75.0
N_45_76,45.0,76.0
N_45_77,45.0,77.0
N_45_78,45.0,78.0
N_45_79,45.0,79.0
N_45_8,45.0,8.0
N_45_80,45.0,80.0
N_45_81,45.0,81.0
N_45_82,45.0,82.0
N_45_83,45.0,83.0
N_45_84,45.0,84.0
N_45_85,45.0,85.0
N_45_86,45.0,86.0
N_45_87,45.0,87.0
N_45_88,45.0,88.0
N_45_89,45.0,89.0
N_45_9,45.0,9.0
N_45_90,45.0,90.0
N_45_91,45.0,91.0
N_45_92,45.0,92.0
N_45_93,45.0,93.0
N_45_94,45.0,94.0
N_45_95,45.0,95.0
N_45_96,45.0,96.0
N_45_97,45.0,97.0
N_45_98,45.0,98.0
N_45_99,45.0,99.0
N_46_0,46.0,0.0
N_46_1,46.0,1.0
N_46_10,46.0,10.0
N_46_11,46.0,11.0
N_46_12,46.0,12.0
N_46_13,46.0,13.0
N_46_14,46.0,14.0
N_46_15,46.0,15.0
N_46_16,46.0,16.0
N_46_17,46.0,17.0
N_46_18,46.0,18.0
N_46_19,46.0,19.0
N_46_2,46.0,2.0
N_46_20,46.0,20.0
N_46_21,46.0,21.0
N_46_22,46.0,22.0
N_46_23,46.0,23.0
N_46_24,46.0,24.0
N_46_25,46.0,25.0
N_46_26,46.0,26.0
N_46_27,46.0,27.0
N_46_28,46.0,28.0
N_46_29,46.0,29.0
N_46_3,46.0,3.0
N_46_30,46.0,30.0
N_46_31,46.0,31.0
N_46_32,46.0,32.0
N_46_33,46.0,33.0
N_46_34,46.0,34.0
N_46_35,46.0,35.0
N_46_36,46.0,36.0
N_46_37,46.0,37.0
N_46_38,46.0,38.0
N_46_39,46.0,39.0
N_46_4,46.0,4.0
N_46_40,46.0,40.0
N_46_41,46.0,41.0
N_46_42,46.0,42.0
N_46_43,46.0,43.0
N_46_44,46.0,44.0
N_46_45,46.0,45.0
N_46_46,46.0,46.0
N_46_47,46.0,47.0
N_46_48,46.0,48.0
N_46_49,46.0,49.0
N_46_5,46.0,5.0
N_46_50,46.0,50.0
N_46_51,46.0,51.0
N_46_52,46.0,52.0
N_46_53,46.0,53.0
N_46_54,46.0,54.0
N_46_55,46.0,55.0
N_46_56,46.0,56.0
N_46_57,46.0,57.0
N_46_58,46.0,58.0
N_46_59,46.0,59.0
N_46_6,46.0,6.0
N_46_60,46.0,60.0
N_46_61,46.0,61.0
N_46_62,46.0,62.0
N_46_63,46.0,63.0
N_46_64,46.0,64.0
N_46_65,46.0,65.0
N_46_66,46.0,66.0
N_46_67,46.0,67.0
N_46_68,46.0,68.0
N_46_69,46.0,69.0
N_46_7,46.0,7.0
N_46_70,46.0,70.0
N_46_71,46.0,71.0
N_46_72,46.0,72.0
N_46_73,46.0,73.0
N_46_74,46.0,74.0
N_46_75,46.0,75.0
N_46_76,46.0,76.0
N_46_77,46.0,77.0
N_46_78,46.0,78.0
N_46_79,46.0,79.0
N_46_8,46.0,8.0
N_46_80,46.0,80.0
N_46_81,46.0,81.0
N_46_82,46.0,82.0
N_46_83,46.0,83.0
N_46_84,46.0,84.0
N_46_85,46.0,85.0
N_46_86,46.0,86.0
N_46_87,46.0,87.0
N_46_88,46.0,88.0
N_46_89,46.0,89.0
N_46_9,46.0,9.0
N_46_90,46.0,90.0
N_46_91,46.0,91.0
N_46_92,46.0,92.0
N_46_93,46.0,93.0
N_46_94,46.0,94.0
N_46_95,46.0,95.0
N_46_96,46.0,96.0
N_46_97,46.0,97.0
N_46_98,46.0,98.0
N_46_99,46.0,99.0
N_47_0,47.0,0.0
N_47_1,47.0,1.0
N_47_10,47.0,10.0
N_47_11,47.0,11.0
N_47_12,47.0,12.0
N_47_13,47.0,13.0
N_47_14,47.0,14.0
N_47_15,47.0,15.0
N_47_16,47.0,16.0
N_47_17,47.0,17.0
N_47_18,47.0,18.0
N_47_19,47.0,19.0
N_47_2,47.0,2.0
N_47_20,47.0,20.0
N_47_21,47.0,21.0
N_47_22,47.0,22.0
N_47_23,47.0,23.0
N_47_24,47.0,24.0
N_47_25,47.0,25.0
N_47_26,47.0,26.0
N_47_27,47.0,27.0
N_47_28,47.0,28.0
N_47_29,47.0,29.0
N_47_3,47.0,3.0
N_47_30,47.0,30.0
N_47_31,47.0,31.0
N_47_32,47.0,32.0
N_47_33,47.0,33.0
N_47_34,47.0,34.0
N_47_35,47.0,35.0
N_47_36,47.0,36.0
N_47_37,47.0,37.0
N_47_38,47.0,38.0
N_47_39,47.0,39.0
N_47_4,47.0,4.0
N_47_40,47.0,40.0
N_47_41,47.0,41.0
N_47_42,47.0,42.0
N_47_43,47.0,43.0
N_47_44,47.0,44.0
N_47_45,47.0,45.0
N_47_46,47.0,46.0
N_47_47,47.0,47.0
N_47_48,47.0,48.0
N_47_49,47.0,49.0
N_47_5,47.0,5.0
N_47_50,47.0,50.0
N_47_51,47.0,51.0
N_47_52,47.0,52.0
N_47_53,47.0,53.0
N_47_54,47.0,54.0
N_47_55,47.0,55.0
N_47_56,47.0,56.0
N_47_57,47.0,57.0
N_47_58,47.0,58.0
N_47_59,47.0,59.0
N_47_6,47.0,6.0
N_47_60,47.0,60.0
N_47_61,47.0,61.0
N_47_62,47.0,62.0
N_47_63,47.0,63.0
N_47_64,47.0,64.0
N_47_65,47.0,65.0
N_47_66,47.0,66.0
N_47_67,47.0,67.0
N_47_68,47.0,68.0
N_47_69,47.0,69.0
N_47_7,47.0,7.0
N_47_70,47.0,70.0
N_47_71,47.0,71.0
N_47_72,47.0,72.0
N_47_73,47.0,73.0
N_47_74,47.0,74.0
N_47_75,47.0,75.0
N_47_76,47.0,76.0
N_47_77,47.0,77.0
N_47_78,47.0,78.0
N_47_79,47.0,79.0
N_47_8,47.0,8.0
N_47_80,47.0,80.0
N_47_81,47.0,81.0
N_47_82,47.0,82.0
N_47_83,47.0,83.0
N_47_84,47.0,84.0
N_47_85,47.0,85.0
N_47_86,47.0,86.0
N_47_87,47.0,87.0
N_47_88,47.0,88.0
N_47_89,47.0,89.0
N_47_9,47.0,9.0
N_47_90,47.0,90.0
N_47_91,47.0,91.0
N_47_92,47.0,92.0
N_47_93,47.0,93.0
N_47_94,47.0,94.0
N_47_95,47.0,95.0
N_47_96,47.0,96.0
N_47_97,47.0,97.0
N_47_98,47.0,98.0
N_47_99,47.0,99.0
N_48_0,48.0,0.0
N_48_1,48.0,1.0
N_48_10,48.0,10.0
N_48_11,48.0,11.0
N_48_12,48.0,12.0
N_48_13,48.0,13.0
N_48_14,48.0,14.0
N_48_15,48.0,15.0
N_48_16,48.0,16.0
N_48_17,48.0,17.0
N_48_18,48.0,18.0
N_48_19,48.0,19.0
N_48_2,48.0,2.0
N_48_20,48.0,20.0
N_48_21,48.0,21.0
N_48_22,48.0,22.0
N_48_23,48.0,23.0
N_48_24,48.0,24.0
N_48_25,48.0,25.0
N_48_26,48.0,26.0
N_48_27,48.0,27.0
N_48_28,48.0,28.0
N_48_29,48.0,29.0
N_48_3,48.0,3.0
N_48_30,48.0,30.0
N_48_31,48.0,31.0
N_48_32,48.0,32.0
N_48_33,48.0,33.0
N_48_34,48.0,34.0
N_48_35,48.0,35.0
N_48_36,48.0,36.0
N_48_37,48.0,37.0
N_48_38,48.0,38.0
N_48_39,48.0,39.0
N_48_4,48.0,4.0
N_48_40,48.0,40.0
N_48_41,48.0,41.0
N_48_42,48.0,42.0
N_48_43,48.0,43.0
N_48_44,48.0,44.0
N_48_45,48.0,45.0
N_48_46,48.0,46.0
N_48_47,48.0,47.0
N_48_48,48.0,48.0
N_48_49,48.0,49.0
N_48_5,48.0,5.0
N_48_50,48.0,50.0
N_48_51,48.0,51.0
N_48_52,48.0,52.0
N_48_53,48.0,53.0
N_48_54,48.0,54.0
N_48_55,48.0,55.0
N_48_56,48.0,56.0
N_48_57,48.0,57.0
N_48_58,48.0,58.0
N_48_59,48.0,59.0
N_48_6,48.0,6.0
N_48_60,48.0,60.0
N_48_61,48.0,61.0
N_48_62,48.0,62.0
N_48_63,48.0,63.0
N_48_64,48.0,64.0
N_48_65,48.0,65.0
N_48_66,48.0,66.0
N_48_67,48.0,67.0
N_48_68,48.0,68.0
N_48_69,48.0,69.0
N_48_7,48.0,7.0
N_48_70,48.0,70.0
N_48_71,48.0,71.0
N_48_72,48.0,72.0
N_48_73,48.0,73.0
N_48_74,48.0,74.0
N_48_75,48.0,75.0
N_48_76,48.0,76.0
N_48_77,48.0,77.0
N_48_78,48.0,78.0
N_48_79,48.0,79.0
N_48_8,48.0,8.0
N_48_80,48.0,80.0
N_48_81,48.0,81.0
N_48_82,48.0,82.0
N_48_83,48.0,83.0
N_48_84,48.0,84.0
N_48_85,48.0,85.0
N_48_86,48.0,86.0
N_48_87,48.0,87.0
N_48_88,48.0,88.0
N_48_89,48.0,89.0
N_48_9,48.0,9.0
N_48_90,48.0,90.0
N_48_91,48.0,91.0
N_48_92,48.0,92.0
N_48_93,48.0,93.0
N_48_94,48.0,94.0
N_48_95,48.0,95.0
N_48_96,48.0,96.0
N_48_97,48.0,97.0
N_48_98,48.0,98.0
N_48_99,48.0,99.0
N_49_0,49.0,0.0
N_49_1,49.0,1.0
N_49_10,49.0,10.0
N_49_11,49.0,11.0
N_49_12,49.0,12.0
N_49_13,49.0,13.0
N_49_14,49.0,14.0
N_49_15,49.0,15.0
N_49_16,49.0,16.0
N_49_17,49.0,17.0
N_49_18,49.0,18.0
N_49_19,49.0,19.0
N_49_2,49.0,2.0
N_49_20,49.0,20.0
N_49_21,49.0,21.0
N_49_22,49.0,22.0
N_49_23,49.0,23.0
N_49_24,49.0,24.0
N_49_25,49.0,25.0
N_49_26,49.0,26.0
N_49_27,49.0,27.0
N_49_28,49.0,28.0
N_49_29,49.0,29.0
N_49_3,49.0,3.0
N_49_30,49.0,30.0
N_49_31,49.0,31.0
N_49_32,49.0,32.0
N_49_33,49.0,33.0
N_49_34,49.0,34.0
N_49_35,49.0,35.0
N_49_36,49.0,36.0
N_49_37,49.0,37.0
N_49_38,49.0,38.0
N_49_39,49.0,39.0
N_49_4,49.0,4.0
N_49_40,49.0,40.0
N_49_41,49.0,41.0
N_49_42,49.0,42.0
N_49_43,49.0,43.0
N_49_44,49.0,44.0
N_49_45,49.0,45.0
N_49_46,49.0,46.0
N_49_47,49.0,47.0
N_49_48,49.0,48.0
N_49_49,49.0,49.0
N_49_5,49.0,5.0
N_49_50,49.0,50.0
N_49_51,49.0,51.0
N_49_52,49.0,52.0
N_49_53,49.0,53.0
N_49_54,49.0,54.0
N_49_55,49.0,55.0
N_49_56,49.0,56.0
N_49_57,49.0,57.0
N_49_58,49.0,58.0
N_49_59,49.0,59.0
N_49_6,49.0,6.0
N_49_60,49.0,60.0
N_49_61,49.0,61.0
N_49_62,49.0,62.0
N_49_63,49.0,63.0
N_49_64,49.0,64.0
N_49_65,49.0,65.0
N_49_66,49.0,66.0
N_49_67,49.0,67.0
N_49_68,49.0,68.0
N_49_69,49.0,69.0
N_49_7,49.0,7.0
N_49_70,49.0,70.0
N_49_71,49.0,71.0
N_49_72,49.0,72.0
N_49_73,49.0,73.0
N_49_74,49.0,74.0
N_49_75,49.0,75.0
N_49_76,49.0,76.0
N_49_77,49.0,77.0
N_49_78,49.0,78.0
N_49_79,49.0,79.0
N_49_8,49.0,8.0
N_49_80,49.0,80.0
N_49_81,49.0,81.0
N_49_82,49.0,82.0
N_49_83,49.0,83.0
N_49_84,49.0,84.0
N_49_85,49.0,85.0
N_49_86,49.0,86.0
N_49_87,49.0,87.0
N_49_88,49.0,88.0
N_49_89,49.0,89.0
N_49_9,49.0,9.0
N_49_90,49.0,90.0
N_49_91,49.0,91.0
N_49_92,49.0,92.0
N_49_93,49.0,93.0
N_49_94,49.0,94.0
N_49_95,49.0,95.0
N_49_96,49.0,96.0
N_49_97,49.0,97.0
N_49_98,49.0,98.0
N_49_99,49.0,99.0
N_4_0,4.0,0.0
N_4_1,4.0,1.0
N_4_10,4.0,10.0
N_4_11,4.0,11.0
N_4_12,4.0,12.0
N_4_13,4.0,13.0
N_4_14,4.0,14.0
N_4_15,4.0,15.0
N_4_16,4.0,16.0
N_4_17,4.0,17.0
N_4_18,4.0,18.0
N_4_19,4.0,19.0
N_4_2,4.0,2.0
N_4_20,4.0,20.0
N_4_21,4.0,21.0
N_4_22,4.0,22.0
N_4_23,4.0,23.0
N_4_24,4.0,24.0
N_4_25,4.0,25.0
N_4_26,4.0,26.0
N_4_27,4.0,27.0
N_4_28,4.0,28.0
N_4_29,4.0,29.0
N_4_3,4.0,3.0
N_4_30,4.0,30.0
N_4_31,4.0,31.0
N_4_32,4.0,32.0
N_4_33,4.0,33.0
N_4_34,4.0,34.0
N_4_35,4.0,35.0
N_4_36,4.0,36.0
N_4_37,4.0,37.0
N_4_38,4.0,38.0
N_4_39,4.0,39.0
N_4_4,4.0,4.0
N_4_40,4.0,40.0
N_4_41,4.0,41.0
N_4_42,4.0,42.0
N_4_43,4.0,43.0
N_4_44,4.0,44.0
N_4_45,4.0,45.0
N_4_46,4.0,46.0
N_4_47,4.0,47.0
N_4_48,4.0,48.0
N_4_49,4.0,49.0
N_4_5,4.0,5.0
N_4_50,4.0,50.0
N_4_51,4.0,51.0
N_4_52,4.0,52.0
N_4_53,4.0,53.0
N_4_54,4.0,54.0
N_4_55,4.0,55.0
N_4_56,4.0,56.0
N_4_57,4.0,57.0
N_4_58,4.0,58.0
N_4_59,4.0,59.0
N_4_6,4.0,6.0
N_4_60,4.0,60.0
N_4_61,4.0,61.0
N_4_62,4.0,62.0
N_4_63,4.0,63.0
N_4_64,4.0,64.0
N_4_65,4.0,65.0
N_4_66,4.0,66.0
N_4_67,4.0,67.0
N_4_68,4.0,68.0
N_4_69,4.0,69.0
N_4_7,4.0,7.0
N_4_70,4.0,70.0
N_4_71,4.0,71.0
N_4_72,4.0,72.0
N_4_73,4.0,73.0
N_4_74,4.0,74.0
N_4_75,4.0,75.0
N_4_76,4.0,76.0
N_4_77,4.0,77.0
N_4_78,4.0,78.0
N_4_79,4.0,79.0
N_4_8,4.0,8.0
N_4_80,4.0,80.0
N_4_81,4.0,81.0
N_4_82,4.0,82.0
N_4_83,4.0,83.0
N_4_84,4.0,84.0
N_4_85,4.0,85.0
N_4_86,4.0,86.0
N_4_87,4.0,87.0
N_4_88,4.0,88.0
N_4_89,4.0,89.0
N_4_9,4.0,9.0
N_4_90,4.0,90.0
N_4_91,4.0,91.0
N_4_92,4.0,92.0
N_4_93,4.0,93.0
N_4_94,4.0,94.0
N_4_95,4.0,95.0
N_4_96,4.0,96.0
N_4_97,4.0,97.0
N_4_98,4.0,98.0
N_4_99,4.0,99.0
N_5_0,5.0,0.0
N_5_1,5.0,1.0
N_5_10,5.0,10.0
N_5_11,5.0,11.0
N_5_12,5.0,12.0
N_5_13,5.0,13.0
N_5_14,5.0,14.0
N_5_15,5.0,15.0
N_5_16,5.0,16.0
N_5_17,5.0,17.0
N_5_18,5.0,18.0
N_5_19,5.0,19.0
N_5_2,5.0,2.0
N_5_20,5.0,20.0
N_5_21,5.0,21.0
N_5_22,5.0,22.0
N_5_23,5.0,23.0
N_5_24,5.0,24.0
N_5_25,5.0,25.0
N_5_26,5.0,26.0
N_5_27,5.0,27.0
N_5_28,5.0,28.0
N_5_29,5.0,29.0
N_5_3,5.0,3.0
N_5_30,5.0,30.0
N_5_31,5.0,31.0
N_5_32,5.0,32.0
N_5_33,5.0,33.0
N_5_34,5.0,34.0
N_5_35,5.0,35.0
N_5_36,5.0,36.0
N_5_37,5.0,37.0
N_5_38,5.0,38.0
N_5_39,5.0,39.0
N_5_4,5.0,4.0
N_5_40,5.0,40.0
N_5_41,5.0,41.0
N_5_42,5.0,42.0
N_5_43,5.0,43.0
N_5_44,5.0,44.0
N_5_45,5.0,45.0
N_5_46,5.0,46.0
N_5_47,5.0,47.0
N_5_48,5.0,48.0
N_5_49,5.0,49.0
N_5_5,5.0,5.0
N_5_50,5.0,50.0
N_5_51,5.0,51.0
N_5_52,5.0,52.0
N_5_53,5.0,53.0
N_5_54,5.0,54.0
N_5_55,5.0,55.0
N_5_56,5.0,56.0
N_5_57,5.0,57.0
N_5_58,5.0,58.0
N_5_59,5.0,59.0
N_5_6,5.0,6.0
N_5_60,5.0,60.0
N_5_61,5.0,61.0
N_5_62,5.0,62.0
N_5_63,5.0,63.0
N_5_64,5.0,64.0
N_5_65,5.0,65.0
N_5_66,5.0,66.0
N_5_67,5.0,67.0
N_5_68,5.0,68.0
N_5_69,5.0,69.0
N_5_7,5.0,7.0
N_5_70,5.0,70.0
N_5_71,5.0,71.0
N_5_72,5.0,72.0
N_5_73,5.0,73.0
N_5_74,5.0,74.0
N_5_75,5.0,75.0
N_5_76,5.0,76.0
N_5_77,5.0,77.0
N_5_78,5.0,78.0
N_5_79,5.0,79.0
N_5_8,5.0,8.0
N_5_80,5.0,80.0
N_5_81,5.0,81.0
N_5_82,5.0,82.0
N_5_83,5.0,83.0
N_5_84,5.0,84.0
N_5_85,5.0,85.0
N_5_86,5.0,86.0
N_5_87,5.0,87.0
N_5_88,5.0,88.0
N_5_89,5.0,89.0
N_5_9,5.0,9.0
N_5_90,5.0,90.0
N_5_91,5.0,91.0
N_5_92,5.0,92.0
N_5_93,5.0,93.0
N_5_94,5.0,94.0
N_5_95,5.0,95.0
N_5_96,5.0,96.0
N_5_97,5.0,97.0
N_5_98,5.0,98.0
N_5_99,5.0,99.0
N_6_0,6.0,0.0
N_6_1,6.0,1.0
N_6_10,6.0,10.0
N_6_11,6.0,11.0
N_6_12,6.0,12.0
N_6_13,6.0,13.0
N_6_14,6.0,14.0
N_6_15,6.0,15.0
N_6_16,6.0,16.0
N_6_17,6.0,17.0
N_6_18,6.0,18.0
N_6_19,6.0,19.0
N_6_2,6.0,2.0
N_6_20,6.0,20.0
N_6_21,6.0,21.0
N_6_22,6.0,22.0
N_6_23,6.0,23.0
N_6_24,6.0,24.0
N_6_25,6.0,25.0
N_6_26,6.0,26.0
N_6_27,6.0,27.0
N_6_28,6.0,28.0
N_6_29,6.0,29.0
N_6_3,6.0,3.0
N_6_30,6.0,30.0
N_6_31,6.0,31.0
N_6_32,6.0,32.0
N_6_33,6.0,33.0
N_6_34,6.0,34.0
N_6_35,6.0,35.0
N_6_36,6.0,36.0
N_6_37,6.0,37.0
N_6_38,6.0,38.0
N_6_39,6.0,39.0
N_6_4,6.0,4.0
N_6_40,6.0,40.0
N_6_41,6.0,41.0
N_6_42,6.0,42.0
N_6_43,6.0,43.0
N_6_44,6.0,44.0
N_6_45,6.0,45.0
N_6_46,6.0,46.0
N_6_47,6.0,47.0
N_6_48,6.0,48.0
N_6_49,6.0,49.0
N_6_5,6.0,5.0
N_6_50,6.0,50.0
N_6_51,6.0,51.0
N_6_52,6.0,52.0
N_6_53,6.0,53.0
N_6_54,6.0,54.0
N_6_55,6.0,55.0
N_6_56,6.0,56.0
N_6_57,6.0,57.0
N_6_58,6.0,58.0
N_6_59,6.0,59.0
N_6_6,6.0,6.0
N_6_60,6.0,60.0
N_6_61,6.0,61.0
N_6_62,6.0,62.0
N_6_63,6.0,63.0
N_6_64,6.0,64.0
N_6_65,6.0,65.0
N_6_66,6.0,66.0
N_6_67,6.0,67.0
N_6_68,6.0,68.0
N_6_69,6.0,69.0
N_6_7,6.0,7.0
N_6_70,6.0,70.0
N_6_71,6.0,71.0
N_6_72,6.0,72.0
N_6_73,6.0,73.0
N_6_74,6.0,74.0
N_6_75,6.0,75.0
N_6_76,6.0,76.0
N_6_77,6.0,77.0
N_6_78,6.0,78.0
N_6_79,6.0,79.0
N_6_8,6.0,8.0
N_6_80,6.0,80.0
N_6_81,6.0,81.0
N_6_82,6.0,82.0
N_6_83,6.0,83.0
N_6_84,6.0,84.0
N_6_85,6.0,85.0
N_6_86,6.0,86.0
N_6_87,6.0,87.0
N_6_88,6.0,88.0
N_6_89,6.0,89.0
N_6_9,6.0,9.0
N_6_90,6.0,90.0
N_6_91,6.0,91.0
N_6_92,6.0,92.0
N_6_93,6.0,93.0
N_6_94,6.0,94.0
N_6_95,6.0,95.0
N_6_96,6.0,96.0
N_6_97,6.0,97.0
N_6_98,6.0,98.0
N_6_99,6.0,99.0
N_7_0,7.0,0.0
N_7_1,7.0,1.0
N_7_10,7.0,10.0
N_7_11,7.0,11.0
N_7_12,7.0,12.0
N_7_13,7.0,13.0
N_7_14,7.0,14.0
N_7_15,7.0,15.0
N_7_16,7.0,16.0
N_7_17,7.0,17.0
N_7_18,7.0,18.0
N_7_19,7.0,19.0
N_7_2,7.0,2.0
N_7_20,7.0,20.0
N_7_21,7.0,21.0
N_7_22,7.0,22.0
N_7_23,7.0,23.0
N_7_24,7.0,24.0
N_7_25,7.0,25.0
N_7_26,7.0,26.0
N_7_27,7.0,27.0
N_7_28,7.0,28.0
N_7_29,7.0,29.0
N_7_3,7.0,3.0
N_7_30,7.0,30.0
N_7_31,7.0,31.0
N_7_32,7.0,32.0
N_7_33,7.0,33.0
N_7_34,7.0,34.0
N_7_35,7.0,35.0
N_7_36,7.0,36.0
N_7_37,7.0,37.0
N_7_38,7.0,38.0
N_7_39,7.0,39.0
N_7_4,7.0,4.0
N_7_40,7.0,40.0
N_7_41,7.0,41.0
N_7_42,7.0,42.0
N_7_43,7.0,43.0
N_7_44,7.0,44.0
N_7_45,7.0,45.0
N_7_46,7.0,46.0
N_7_47,7.0,47.0
N_7_48,7.0,48.0
N_7_49,7.0,49.0
N_7_5,7.0,5.0
N_7_50,7.0,50.0
N_7_51,7.0,51.0
N_7_52,7.0,52.0
N_7_53,7.0,53.0
N_7_54,7.0,54.0
N_7_55,7.0,55.0
N_7_56,7.0,56.0
N_7_57,7.0,57.0
N_7_58,7.0,58.0
N_7_59,7.0,59.0
N_7_6,7.0,6.0
N_7_60,7.0,60.0
N_7_61,7.0,61.0
N_7_62,7.0,62.0
N_7_63,7.0,63.0
N_7_64,7.0,64.0
N_7_65,7.0,65.0
N_7_66,7.0,66.0
N_7_67,7.0,67.0
N_7_68,7.0,68.0
N_7_69,7.0,69.0
N_7_7,7.0,7.0
N_7_70,7.0,70.0
N_7_71,7.0,71.0
N_7_72,7.0,72.0
N_7_73,7.0,73.0
N_7_74,7.0,74.0
N_7_75,7.0,75.0
N_7_76,7.0,76.0
N_7_77,7.0,77.0
N_7_78,7.0,78.0
N_7_79,7.0,79.0
N_7_8,7.0,8.0
N_7_80,7.0,80.0
N_7_81,7.0,81.0
N_7_82,7.0,82.0
N_7_83,7.0,83.0
N_7_84,7.0,84.0
N_7_85,7.0,85.0
N_7_86,7.0,86.0
N_7_87,7.0,87.0
N_7_88,7.0,88.0
N_7_89,7.0,89.0
N_7_9,7.0,9.0
N_7_90,7.0,90.0
N_7_91,7.0,91.0
N_7_92,7.0,92.0
N_7_93,7.0,93.0
N_7_94,7.0,94.0
N_7_95,7.0,95.0
N_7_96,7.0,96.0
N_7_97,7.0,97.0
N_7_98,7.0,98.0
N_7_99,7.0,99.0
N_8_0,8.0,0.0
N_8_1,8.0,1.0
N_8_10,8.0,10.0
N_8_11,8.0,11.0
N_8_12,8.0,12.0
N_8_13,8.0,13.0
N_8_14,8.0,14.0
N_8_15,8.0,15.0
N_8_16,8.0,16.0
N_8_17,8.0,17.0
N_8_18,8.0,18.0
N_8_19,8.0,19.0
N_8_2,8.0,2.0
N_8_20,8.0,20.0
N_8_21,8.0,21.0
N_8_22,8.0,22.0
N_8_23,8.0,23.0
N_8_24,8.0,24.0
N_8_25,8.0,25.0
N_8_26,8.0,26.0
N_8_27,8.0,27.0
N_8_28,8.0,28.0
N_8_29,8.0,29.0
N_8_3,8.0,3.0
N_8_30,8.0,30.0
N_8_31,8.0,31.0
N_8_32,8.0,32.0
N_8_33,8.0,33.0
N_8_34,8.0,34.0
N_8_35,8.0,35.0
N_8_36,8.0,36.0
N_8_37,8.0,37.0
N_8_38,8.0,38.0
N_8_39,8.0,39.0
N_8_4,8.0,4.0
N_8_40,8.0,40.0
N_8_41,8.0,41.0
N_8_42,8.0,42.0
N_8_43,8.0,43.0
N_8_44,8.0,44.0
N_8_45,8.0,45.0
N_8_46,8.0,46.0
N_8_47,8.0,47.0
N_8_48,8.0,48.0
N_8_49,8.0,49.0
N_8_5,8.0,5.0
N_8_50,8.0,50.0
N_8_51,8.0,51.0
N_8_52,8.0,52.0
N_8_53,8.0,53.0
N_8_54,8.0,54.0
N_8_55,8.0,55.0
N_8_56,8.0,56.0
N_8_57,8.0,57.0
N_8_58,8.0,58.0
N_8_59,8.0,59.0
N_8_6,8.0,6.0
N_8_60,8.0,60.0
N_8_61,8.0,61.0
N_8_62,8.0,62.0
N_8_63,8.0,63.0
N_8_64,8.0,64.0
N_8_65,8.0,65.0
N_8_66,8.0,66.0
N_8_67,8.0,67.0
N_8_68,8.0,68.0
N_8_69,8.0,69.0
N_8_7,8.0,7.0
N_8_70,8.0,70.0
N_8_71,8.0,71.0
N_8_72,8.0,72.0
N_8_73,8.0,73.0
N_8_74,8.0,74.0
N_8_75,8.0,75.0
N_8_76,8.0,76.0
N_8_77,8.0,77.0
N_8_78,8.0,78.0
N_8_79,8.0,79.0
N_8_8,8.0,8.0
N_8_80,8.0,80.0
N_8_81,8.0,81.0
N_8_82,8.0,82.0
N_8_83,8.0,83.0
N_8_84,8.0,84.0
N_8_85,8.0,85.0
N_8_86,8.0,86.0
N_8_87,8.0,87.0
N_8_88,8.0,88.0
N_8_89,8.0,89.0
N_8_9,8.0,9.0
N_8_90,8.0,90.0
N_8_91,8.0,91.0
N_8_92,8.0,92.0
N_8_93,8.0,93.0
N_8_94,8.0,94.0
N_8_95,8.0,95.0
N_8_96,8.0,96.0
N_8_97,8.0,97.0
N_8_98,8.0,98.0
N_8_99,8.0,99.0
N_9_0,9.0,0.0
N_9_1,9.0,1.0
N_9_10,9.0,10.0
N_9_11,9.0,11.0
N_9_12,9.0,12.0
N_9_13,9.0,13.0
N_9_14,9.0,14.0
N_9_15,9.0,15.0
N_9_16,9.0,16.0
N_9_17,9.0,17.0
N_9_18,9.0,18.0
N_9_19,9.0,19.0
N_9_2,9.0,2.0
N_9_20,9.0,20.0
N_9_21,9.0,21.0
N_9_22,9.0,22.0
N_9_23,9.0,23.0
N_9_24,9.0,24.0
N_9_25,9.0,25.0
N_9_26,9.0,26.0
N_9_27,9.0,27.0
N_9_28,9.0,28.0
N_9_29,9.0,29.0
N_9_3,9.0,3.0
N_9_30,9.0,30.0
N_9_31,9.0,31.0
N_9_32,9.0,32.0
N_9_33,9.0,33.0
N_9_34,9.0,34.0
N_9_35,9.0,35.0
N_9_36,9.0,36.0
N_9_37,9.0,37.0
N_9_38,9.0,38.0
N_9_39,9.0,39.0
N_9_4,9.0,4.0
N_9_40,9.0,40.0
N_9_41,9.0,41.0
N_9_42,9.0,42.0
N_9_43,9.0,43.0
N_9_44,9.0,44.0
N_9_45,9.0,45.0
N_9_46,9.0,46.0
N_9_47,9.0,47.0
N_9_48,9.0,48.0
N_9_49,9.0,49.0
N_9_5,9.0,5.0
N_9_50,9.0,50.0
N_9_51,9.0,51.0
N_9_52,9.0,52.0
N_9_53,9.0,53.0
N_9_54,9.0,54.0
N_9_55,9.0,55.0
N_9_56,9.0,56.0
N_9_57,9.0,57.0
N_9_58,9.0,58.0
N_9_59,9.0,59.0
N_9_6,9.0,6.0
N_9_60,9.0,60.0
N_9_61,9.0,61.0
N_9_62,9.0,62.0
N_9_63,9.0,63.0
N_9_64,9.0,64.0
N_9_65,9.0,65.0
N_9_66,9.0,66.0
N_9_67,9.0,67.0
N_9_68,9.0,68.0
N_9_69,9.0,69.0
N_9_7,9.0,7.0
N_9_70,9.0,70.0
N_9_71,9.0,71.0
N_9_72,9.0,72.0
N_9_73,9.0,73.0
N_9_74,9.0,74.0
N_9_75,9.0,75.0
N_9_76,9.0,76.0
N_9_77,9.0,77.0
N_9_78,9.0,78.0
N_9_79,9.0,79.0
N_9_8,9.0,8.0
N_9_80,9.0,80.0
N_9_81,9.0,81.0
N_9_82,9.0,82.0
N_9_83,9.0,83.0
N_9_84,9.0,84.0
N_9_85,9.0,85.0
N_9_86,9.0,86.0
N_9_87,9.0,87.0
N_9_88,9.0,88.0
N_9_89,9.0,89.0
N_9_9,9.0,9.0
N_9_90,9.0,90.0
N_9_91,9.0,91.0
N_9_92,9.0,92.0
N_9_93,9.0,93.0
N_9_94,9.0,94.0
N_9_95,9.0,95.0
N_9_96,9.0,96.0
N_9_97,9.0,97.0
N_9_98,9.0,98.0
N_9_99,9.0,99.0
