start,goal,runs,path_found,total_cost,path_total_distance,path_total_travel_time,runtime_ms_min,runtime_ms_mean,runtime_ms_max,algorithm,cost_type,dataset,edge_node_ratio,expanded_backward_max,expanded_backward_mean,expanded_backward_min,expanded_forward_max,expanded_forward_mean,expanded_forward_min,expanded_nodes_max,expanded_nodes_mean,expanded_nodes_min,optimality_gap_pct,preprocess_ms,runs_per_pair,scenario,seed,stress_max,stress_mean,stress_min
N_0_0,N_9_4,10,True,77.66207597356299,77.66207597356299,69.61,0.22010004613548517,0.22420999594032764,0.2364999381825328,dijkstra,distance,graph_100,2.96,,,,,,,89,89,89,0.0,0.0,10,realistic,42,0.89,0.89,0.89
N_0_0,N_8_9,10,True,61.260568609908226,61.260568609908226,48.35,0.175400055013597,0.1790400012396276,0.19619998056441545,dijkstra,distance,graph_100,2.96,,,,,,,72,72,72,0.0,0.0,10,realistic,42,0.72,0.72,0.72
N_0_0,N_8_4,10,True,63.92608076063666,63.92608076063666,56.38999999999999,0.18639990594238043,0.1925300108268857,0.22310006897896528,dijkstra,distance,graph_100,2.96,,,,,,,75,75,75,0.0,0.0,10,realistic,42,0.75,0.75,0.75
N_0_0,N_7_9,10,True,71.37050414403728,71.37050414403728,53.96,0.2142000012099743,0.21914001554250717,0.22899999748915434,dijkstra,distance,graph_100,2.96,,,,,,,84,84,84,0.0,0.0,10,realistic,42,0.84,0.84,0.84
N_0_0,N_7_4,10,True,67.18688941612662,67.18688941612662,63.8,0.19350007642060518,0.1962500042282045,0.20130001939833164,dijkstra,distance,graph_100,2.96,,,,,,,77,77,77,0.0,0.0,10,realistic,42,0.77,0.77,0.77
N_0_0,N_9_4,10,True,112.09999999999998,81.82937186062685,112.09999999999998,0.2188000362366438,0.2790300059132278,0.6412999937310815,dijkstra,time,graph_100,2.96,,,,,,,94,94,94,0.0,0.0,10,realistic,42,0.94,0.94,0.94
N_0_0,N_8_9,10,True,78.32,61.260568609908226,78.32,0.1398999011144042,0.14317999593913555,0.1537000061944127,dijkstra,time,graph_100,2.96,,,,,,,60,60,60,0.0,0.0,10,realistic,42,0.6,0.6,0.6
N_0_0,N_8_4,10,True,91.25,66.32433798429471,91.25,0.17689995002001524,0.18269000574946404,0.20779995247721672,dijkstra,time,graph_100,2.96,,,,,,,77,77,77,0.0,0.0,10,realistic,42,0.77,0.77,0.77
N_0_0,N_7_9,10,True,85.89999999999999,71.37050414403728,85.89999999999999,0.16089994460344315,0.1631899969652295,0.16920000780373812,dijkstra,time,graph_100,2.96,,,,,,,71,71,71,0.0,0.0,10,realistic,42,0.71,0.71,0.71
N_0_0,N_7_4,10,True,106.31,69.58514663978468,106.31,0.2004000125452876,0.2030600095167756,0.20859995856881142,dijkstra,time,graph_100,2.96,,,,,,,87,87,87,0.0,0.0,10,realistic,42,0.87,0.87,0.87
N_0_0,N_9_4,10,True,77.66207597356299,77.66207597356299,69.61,0.23020000662654638,0.2502799965441227,0.3499999875202775,bidirectional_dijkstra,distance,graph_100,2.96,34,34,34,34,34,34,68,68,68,0.0,0.0,10,realistic,42,0.68,0.68,0.68
N_0_0,N_8_9,10,True,61.260568609908226,61.260568609908226,48.35,0.18970004748553038,0.19335999386385083,0.20649994257837534,bidirectional_dijkstra,distance,graph_100,2.96,25,25,25,29,29,29,54,54,54,0.0,0.0,10,realistic,42,0.54,0.54,0.54
N_0_0,N_8_4,10,True,63.92608076063666,63.92608076063666,56.38999999999999,0.22190005984157324,0.22589999716728926,0.23500004317611456,bidirectional_dijkstra,distance,graph_100,2.96,36,36,36,29,29,29,65,65,65,0.0,0.0,10,realistic,42,0.65,0.65,0.65
N_0_0,N_7_9,10,True,71.37050414403728,71.37050414403728,53.96,0.16489997506141663,0.16765999607741833,0.17479993402957916,bidirectional_dijkstra,distance,graph_100,2.96,17,17,17,31,31,31,48,48,48,0.0,0.0,10,realistic,42,0.48,0.48,0.48
N_0_0,N_7_4,10,True,67.18688941612662,67.18688941612662,63.8,0.23390003480017185,0.23827999830245972,0.2479000249877572,bidirectional_dijkstra,distance,graph_100,2.96,37,37,37,30,30,30,67,67,67,0.0,0.0,10,realistic,42,0.67,0.67,0.67
N_0_0,N_9_4,10,True,77.66207597356299,77.66207597356299,69.61,0.31320005655288696,0.324660015758127,0.36399997770786285,a_star,distance,graph_100,2.96,,,,,,,89,89,89,0.0,0.4288000054657459,10,realistic,42,0.89,0.89,0.89
N_0_0,N_8_9,10,True,61.260568609908226,61.260568609908226,48.35,0.24039996787905693,0.2450999920256436,0.25209994055330753,a_star,distance,graph_100,2.96,,,,,,,68,68,68,0.0,0.4288000054657459,10,realistic,42,0.68,0.68,0.68
N_0_0,N_8_4,10,True,63.92608076063666,63.92608076063666,56.38999999999999,0.26199989952147007,0.27387000154703856,0.3491999814286828,a_star,distance,graph_100,2.96,,,,,,,74,74,74,0.0,0.4288000054657459,10,realistic,42,0.74,0.74,0.74
N_0_0,N_7_9,10,True,71.37050414403728,71.37050414403728,53.96,0.3066000062972307,0.31371000222861767,0.3269000444561243,a_star,distance,graph_100,2.96,,,,,,,84,84,84,0.0,0.4288000054657459,10,realistic,42,0.84,0.84,0.84
N_0_0,N_7_4,10,True,67.18688941612662,67.18688941612662,63.8,0.27169997338205576,0.2761899959295988,0.2831999445334077,a_star,distance,graph_100,2.96,,,,,,,77,77,77,0.0,0.4288000054657459,10,realistic,42,0.77,0.77,0.77
N_0_0,N_9_4,10,True,112.09999999999998,81.82937186062685,112.09999999999998,0.31219993252307177,0.337199994828552,0.39739999920129776,a_star,time,graph_100,2.96,,,,,,,93,93,93,0.0,0.4288000054657459,10,realistic,42,0.93,0.93,0.93
N_0_0,N_8_9,10,True,78.32,61.260568609908226,78.32,0.19729998894035816,0.20054999040439725,0.20819995552301407,a_star,time,graph_100,2.96,,,,,,,56,56,56,0.0,0.4288000054657459,10,realistic,42,0.56,0.56,0.56
N_0_0,N_8_4,10,True,91.25,66.32433798429471,91.25,0.2512000501155853,0.25471001863479614,0.2609000075608492,a_star,time,graph_100,2.96,,,,,,,75,75,75,0.0,0.4288000054657459,10,realistic,42,0.75,0.75,0.75
N_0_0,N_7_9,10,True,85.89999999999999,71.37050414403728,85.89999999999999,0.2300000051036477,0.2350000198930502,0.2606000052765012,a_star,time,graph_100,2.96,,,,,,,66,66,66,0.0,0.4288000054657459,10,realistic,42,0.66,0.66,0.66
N_0_0,N_7_4,10,True,106.31,69.58514663978468,106.31,0.2859000815078616,0.2911600051447749,0.2967999316751957,a_star,time,graph_100,2.96,,,,,,,85,85,85,0.0,0.4288000054657459,10,realistic,42,0.85,0.85,0.85
N_0_0,N_9_4,10,True,77.66207597356299,77.66207597356299,69.61,0.2169000217691064,0.22511000279337168,0.27109996881335974,a_star_alt,distance,graph_100,2.96,,,,,,,39,39,39,0.0,4.6539000468328595,10,realistic,42,0.39,0.39,0.39
N_0_0,N_8_9,10,True,61.260568609908226,61.260568609908226,48.35,0.15360000543296337,0.15764000127092004,0.17010001465678215,a_star_alt,distance,graph_100,2.96,,,,,,,27,27,27,0.0,4.6539000468328595,10,realistic,42,0.27,0.27,0.27
N_0_0,N_8_4,10,True,63.92608076063666,63.92608076063666,56.38999999999999,0.1479999627918005,0.15420999843627214,0.18470000941306353,a_star_alt,distance,graph_100,2.96,,,,,,,26,26,26,0.0,4.6539000468328595,10,realistic,42,0.26,0.26,0.26
N_0_0,N_7_9,10,True,71.37050414403728,71.37050414403728,53.96,0.1889999257400632,0.19563998794183135,0.2218999434262514,a_star_alt,distance,graph_100,2.96,,,,,,,34,34,34,0.0,4.6539000468328595,10,realistic,42,0.34,0.34,0.34
N_0_0,N_7_4,10,True,67.18688941612662,67.18688941612662,63.8,0.21430000197142363,0.21780000533908606,0.22659997921437025,a_star_alt,distance,graph_100,2.96,,,,,,,38,38,38,0.0,4.6539000468328595,10,realistic,42,0.38,0.38,0.38
N_0_0,N_9_4,10,True,112.09999999999998,81.82937186062685,112.09999999999998,0.37919997703284025,0.40176999755203724,0.493300030939281,a_star_alt,time,graph_100,2.96,,,,,,,70,70,70,0.0,4.6539000468328595,10,realistic,42,0.7,0.7,0.7
N_0_0,N_8_9,10,True,78.32,61.260568609908226,78.32,0.18120009917765856,0.18525001360103488,0.20070001482963562,a_star_alt,time,graph_100,2.96,,,,,,,35,35,35,0.0,4.6539000468328595,10,realistic,42,0.35,0.35,0.35
N_0_0,N_8_4,10,True,91.25,66.32433798429471,91.25,0.23529992904514074,0.2425899961963296,0.26190001517534256,a_star_alt,time,graph_100,2.96,,,,,,,45,45,45,0.0,4.6539000468328595,10,realistic,42,0.45,0.45,0.45
N_0_0,N_7_9,10,True,85.89999999999999,71.37050414403728,85.89999999999999,0.20490004681050777,0.20938999950885773,0.2180000301450491,a_star_alt,time,graph_100,2.96,,,,,,,39,39,39,0.0,4.6539000468328595,10,realistic,42,0.39,0.39,0.39
N_0_0,N_7_4,10,True,106.31,69.58514663978468,106.31,0.34200004301965237,0.43100001057609916,0.6451000226661563,a_star_alt,time,graph_100,2.96,,,,,,,64,64,64,0.0,4.6539000468328595,10,realistic,42,0.64,0.64,0.64
N_0_0,N_9_4,10,True,77.66207597356299,77.66207597356299,69.61,0.3522000042721629,0.3925599972717464,0.5042999982833862,weighted_a_star,distance,graph_100,2.96,,,,,,,89,89,89,0.0,0.002600019797682762,10,realistic,42,0.89,0.89,0.89
N_0_0,N_8_9,10,True,61.260568609908226,61.260568609908226,48.35,0.27189997490495443,0.2770400024019182,0.287800095975399,weighted_a_star,distance,graph_100,2.96,,,,,,,68,68,68,0.0,0.002600019797682762,10,realistic,42,0.68,0.68,0.68
N_0_0,N_8_4,10,True,63.92608076063666,63.92608076063666,56.38999999999999,0.29229989740997553,0.32412001164630055,0.391000066883862,weighted_a_star,distance,graph_100,2.96,,,,,,,72,72,72,0.0,0.002600019797682762,10,realistic,42,0.72,0.72,0.72
N_0_0,N_7_9,10,True,71.37050414403728,71.37050414403728,53.96,0.33760000951588154,0.35232999362051487,0.4005000228062272,weighted_a_star,distance,graph_100,2.96,,,,,,,82,82,82,0.0,0.002600019797682762,10,realistic,42,0.82,0.82,0.82
N_0_0,N_7_4,10,True,67.18688941612662,67.18688941612662,63.8,0.30949991196393967,0.3202199935913086,0.3624999662861228,weighted_a_star,distance,graph_100,2.96,,,,,,,77,77,77,0.0,0.002600019797682762,10,realistic,42,0.77,0.77,0.77
N_0_0,N_9_4,10,True,112.09999999999998,81.82937186062685,112.09999999999998,0.3309000749140978,0.3429700154811144,0.4042000509798527,weighted_a_star,time,graph_100,2.96,,,,,,,93,93,93,0.0,0.002600019797682762,10,realistic,42,0.93,0.93,0.93
N_0_0,N_8_9,10,True,78.32,61.260568609908226,78.32,0.20499993115663528,0.20932999905198812,0.22080005146563053,weighted_a_star,time,graph_100,2.96,,,,,,,56,56,56,0.0,0.002600019797682762,10,realistic,42,0.56,0.56,0.56
N_0_0,N_8_4,10,True,91.25,66.32433798429471,91.25,0.2503999276086688,0.25578999193385243,0.2753000007942319,weighted_a_star,time,graph_100,2.96,,,,,,,73,73,73,0.0,0.002600019797682762,10,realistic,42,0.73,0.73,0.73
N_0_0,N_7_9,10,True,85.89999999999999,71.37050414403728,85.89999999999999,0.2250999677926302,0.24953000247478485,0.37750008050352335,weighted_a_star,time,graph_100,2.96,,,,,,,64,64,64,0.0,0.002600019797682762,10,realistic,42,0.64,0.64,0.64
N_0_0,N_7_4,10,True,106.31,69.58514663978468,106.31,0.3000000724568963,0.31387999188154936,0.33710000570863485,weighted_a_star,time,graph_100,2.96,,,,,,,85,85,85,0.0,0.002600019797682762,10,realistic,42,0.85,0.85,0.85
N_0_0,N_9_4,10,True,77.66207597356299,77.66207597356299,69.61,0.8368999697268009,0.8654300007037818,1.0231999913230538,bidirectional_a_star,distance,graph_100,2.96,98,98,98,88,88,88,186,186,186,0.0,0.0,10,realistic,42,1.86,1.86,1.86
N_0_0,N_8_9,10,True,61.26056860990822,61.260568609908226,48.35,0.6689000874757767,0.6755199981853366,0.6928000366315246,bidirectional_a_star,distance,graph_100,2.96,85,85,85,71,71,71,156,156,156,-1.1598696386327332e-14,0.0,10,realistic,42,1.56,1.56,1.56
N_0_0,N_8_4,10,True,63.92608076063665,63.92608076063666,56.38999999999999,0.7725999457761645,0.8021099958568811,0.8853999897837639,bidirectional_a_star,distance,graph_100,2.96,96,96,96,74,74,74,170,170,170,-1.1115068017710018e-14,0.0,10,realistic,42,1.7,1.7,1.7
N_0_0,N_7_9,10,True,71.37050414403727,71.37050414403728,53.96,0.7658000104129314,0.7870899979025126,0.8600999135524035,bidirectional_a_star,distance,graph_100,2.96,85,85,85,83,83,83,168,168,168,-1.991138340079844e-14,0.0,10,realistic,42,1.68,1.68,1.68
N_0_0,N_7_4,10,True,67.18688941612662,67.18688941612662,63.8,0.8575000101700425,0.9480400010943413,1.371299964375794,bidirectional_a_star,distance,graph_100,2.96,98,98,98,76,76,76,174,174,174,0.0,0.0,10,realistic,42,1.74,1.74,1.74
N_0_0,N_9_4,10,True,112.09999999999998,81.82937186062685,112.09999999999998,0.4214999498799443,0.4880000138655305,0.6510000675916672,a_star_active_alt,time,graph_100,2.96,,,,,,,70,70,70,0.0,12.35199999064207,10,realistic,42,0.7,0.7,0.7
N_0_0,N_8_9,10,True,78.32,61.260568609908226,78.32,0.25040004402399063,0.26528999442234635,0.3122999332845211,a_star_active_alt,time,graph_100,2.96,,,,,,,38,38,38,0.0,12.35199999064207,10,realistic,42,0.38,0.38,0.38
N_0_0,N_8_4,10,True,91.25,66.32433798429471,91.25,0.29009999707341194,0.3340100054629147,0.47289999201893806,a_star_active_alt,time,graph_100,2.96,,,,,,,47,47,47,0.0,12.35199999064207,10,realistic,42,0.47,0.47,0.47
N_0_0,N_7_9,10,True,85.89999999999999,71.37050414403728,85.89999999999999,0.2861999673768878,0.304899993352592,0.3424999304115772,a_star_active_alt,time,graph_100,2.96,,,,,,,44,44,44,0.0,12.35199999064207,10,realistic,42,0.44,0.44,0.44
N_0_0,N_7_4,10,True,106.31,69.58514663978468,106.31,0.443900004029274,0.4827899974770844,0.6067999638617039,a_star_active_alt,time,graph_100,2.96,,,,,,,78,78,78,0.0,12.35199999064207,10,realistic,42,0.78,0.78,0.78
N_0_0,N_9_4,10,True,112.09999999999998,81.82937186062685,112.09999999999998,0.4705999745056033,0.5341900046914816,0.5893999477848411,a_star_departure_alt,time,graph_100,2.96,,,,,,,70,70,70,0.0,3.7444999907165766,10,realistic,42,0.7,0.7,0.7
N_0_0,N_8_9,10,True,78.32,61.260568609908226,78.32,0.22470008116215467,0.24092999519780278,0.29719993472099304,a_star_departure_alt,time,graph_100,2.96,,,,,,,35,35,35,0.0,3.7444999907165766,10,realistic,42,0.35,0.35,0.35
N_0_0,N_8_4,10,True,91.25,66.32433798429471,91.25,0.2893999917432666,0.32351999543607235,0.44319999869912863,a_star_departure_alt,time,graph_100,2.96,,,,,,,45,45,45,0.0,3.7444999907165766,10,realistic,42,0.45,0.45,0.45
N_0_0,N_7_9,10,True,85.89999999999999,71.37050414403728,85.89999999999999,0.25299994740635157,0.291630020365119,0.36260008346289396,a_star_departure_alt,time,graph_100,2.96,,,,,,,39,39,39,0.0,3.7444999907165766,10,realistic,42,0.39,0.39,0.39
N_0_0,N_7_4,10,True,106.31,69.58514663978468,106.31,0.42049994226545095,0.46502999030053616,0.5770999705418944,a_star_departure_alt,time,graph_100,2.96,,,,,,,64,64,64,0.0,3.7444999907165766,10,realistic,42,0.64,0.64,0.64
N_0_0,N_9_4,10,True,112.09999999999998,81.82937186062685,112.09999999999998,0.2711999695748091,0.2984199905768037,0.35260000731796026,dijkstra_contracted,time,graph_100,2.96,,,,,,,94,94,94,0.0,0.9124999633058906,10,realistic,42,0.94,0.94,0.94
N_0_0,N_8_9,10,True,78.32,61.260568609908226,78.32,0.1743000466376543,0.1950399950146675,0.2951999194920063,dijkstra_contracted,time,graph_100,2.96,,,,,,,60,60,60,0.0,0.9124999633058906,10,realistic,42,0.6,0.6,0.6
N_0_0,N_8_4,10,True,91.25,66.32433798429471,91.25,0.22050004918128252,0.22921999916434288,0.2463000128045678,dijkstra_contracted,time,graph_100,2.96,,,,,,,77,77,77,0.0,0.9124999633058906,10,realistic,42,0.77,0.77,0.77
N_0_0,N_7_9,10,True,85.89999999999999,71.37050414403728,85.89999999999999,0.20110001787543297,0.21532998653128743,0.24740002118051052,dijkstra_contracted,time,graph_100,2.96,,,,,,,71,71,71,0.0,0.9124999633058906,10,realistic,42,0.71,0.71,0.71
N_0_0,N_7_4,10,True,106.31,69.58514663978468,106.31,0.2449000021442771,0.25750999338924885,0.29229989740997553,dijkstra_contracted,time,graph_100,2.96,,,,,,,87,87,87,0.0,0.9124999633058906,10,realistic,42,0.87,0.87,0.87
N_0_0,N_9_4,10,True,112.09999999999998,81.82937186062685,112.09999999999998,0.43640006333589554,0.6272600032389164,1.3140999944880605,a_star_contracted,time,graph_100,2.96,,,,,,,93,93,93,0.0,0.005300040356814861,10,realistic,42,0.93,0.93,0.93
N_0_0,N_8_9,10,True,78.32,61.260568609908226,78.32,0.2874999772757292,0.4063799977302551,0.5126000614836812,a_star_contracted,time,graph_100,2.96,,,,,,,56,56,56,0.0,0.005300040356814861,10,realistic,42,0.56,0.56,0.56
N_0_0,N_8_4,10,True,91.25,66.32433798429471,91.25,0.3608999541029334,0.5052000051364303,0.771000050008297,a_star_contracted,time,graph_100,2.96,,,,,,,75,75,75,0.0,0.005300040356814861,10,realistic,42,0.75,0.75,0.75
N_0_0,N_7_9,10,True,85.89999999999999,71.37050414403728,85.89999999999999,0.31839997973293066,0.343579996842891,0.3928999649360776,a_star_contracted,time,graph_100,2.96,,,,,,,66,66,66,0.0,0.005300040356814861,10,realistic,42,0.66,0.66,0.66
N_0_0,N_7_4,10,True,106.31,69.58514663978468,106.31,0.3880999283865094,0.4584499867632985,0.6341999396681786,a_star_contracted,time,graph_100,2.96,,,,,,,85,85,85,0.0,0.005300040356814861,10,realistic,42,0.85,0.85,0.85
N_0_0,N_9_4,10,True,112.09999999999998,81.82937186062685,112.09999999999998,0.255799968726933,0.2684699953533709,0.32750004902482033,bidirectional_time_a_star,time,graph_100,2.96,,,,,,,70,70,70,0.0,2.1831000922247767,10,realistic,42,0.7,0.7,0.7
N_0_0,N_8_9,10,True,78.32,61.260568609908226,78.32,0.11609995272010565,0.11962999124079943,0.12969993986189365,bidirectional_time_a_star,time,graph_100,2.96,,,,,,,31,31,31,0.0,2.1831000922247767,10,realistic,42,0.31,0.31,0.31
N_0_0,N_8_4,10,True,91.25,66.32433798429471,91.25,0.11799996718764305,0.12111999094486237,0.13269996270537376,bidirectional_time_a_star,time,graph_100,2.96,,,,,,,34,34,34,0.0,2.1831000922247767,10,realistic,42,0.34,0.34,0.34
N_0_0,N_7_9,10,True,85.89999999999999,71.37050414403728,85.89999999999999,0.12139999307692051,0.12381999986246228,0.129799940623343,bidirectional_time_a_star,time,graph_100,2.96,,,,,,,33,33,33,0.0,2.1831000922247767,10,realistic,42,0.33,0.33,0.33
N_0_0,N_7_4,10,True,106.31,69.58514663978468,106.31,0.20759995095431805,0.21272000158205628,0.22270006593316793,bidirectional_time_a_star,time,graph_100,2.96,,,,,,,60,60,60,0.0,2.1831000922247767,10,realistic,42,0.6,0.6,0.6
N_0_0,N_9_9,10,True,35.62264361394225,35.62264361394225,46.17,0.34929998219013214,0.3675099927932024,0.46179990749806166,dijkstra,distance,graph_1000,3.47,,,,,,,102,102,102,0.0,0.0,10,mixed,42,0.102,0.102,0.102
N_0_0,N_7_26,10,True,108.7721995272672,108.7721995272672,115.57999999999998,2.780499984510243,2.9141799896024168,3.3753999741747975,dijkstra,distance,graph_1000,3.47,,,,,,,782,782,782,0.0,0.0,10,mixed,42,0.782,0.782,0.782
N_0_0,N_6_17,10,True,51.37845019103772,51.37845019103772,59.58999999999999,0.6412999937310815,0.6547500030137599,0.6831000791862607,dijkstra,distance,graph_1000,3.47,,,,,,,196,196,196,0.0,0.0,10,mixed,42,0.196,0.196,0.196
N_0_0,N_4_9,10,True,35.187506403343896,35.187506403343896,38.13000000000001,0.29939995147287846,0.30637000454589725,0.3174999728798866,dijkstra,distance,graph_1000,3.47,,,,,,,97,97,97,0.0,0.0,10,mixed,42,0.097,0.097,0.097
N_0_0,N_3_35,10,True,118.91098527865647,118.91098527865647,133.20999999999998,3.10550001449883,3.206889994908124,3.5554999485611916,dijkstra,distance,graph_1000,3.47,,,,,,,878,878,878,0.0,0.0,10,mixed,42,0.878,0.878,0.878
N_0_0,N_9_9,10,True,76.7,57.30337913185885,76.7,0.534699996933341,0.5513899959623814,0.6560999900102615,dijkstra,time,graph_1000,3.47,,,,,,,159,159,159,0.0,0.0,10,mixed,42,0.159,0.159,0.159
N_0_0,N_7_26,10,True,167.78000000000003,148.16130608464837,167.78000000000003,2.8349999338388443,3.291349997743964,3.6371999885886908,dijkstra,time,graph_1000,3.47,,,,,,,805,805,805,0.0,0.0,10,mixed,42,0.805,0.805,0.805
N_0_0,N_6_17,10,True,97.05000000000001,76.73254237675977,97.05000000000001,0.8713999995961785,0.9056300041265786,1.0225001024082303,dijkstra,time,graph_1000,3.47,,,,,,,265,265,265,0.0,0.0,10,mixed,42,0.265,0.265,0.265
N_0_0,N_4_9,10,True,53.05,43.71177477561322,53.05,0.27439999394118786,0.28370999498292804,0.29449991416186094,dijkstra,time,graph_1000,3.47,,,,,,,92,92,92,0.0,0.0,10,mixed,42,0.092,0.092,0.092
N_0_0,N_3_35,10,True,169.83,154.4113588408451,169.83,3.2291000243276358,4.5880099991336465,6.7180999321863055,dijkstra,time,graph_1000,3.47,,,,,,,821,821,821,0.0,0.0,10,mixed,42,0.821,0.821,0.821
N_0_0,N_9_9,10,True,35.622643613942245,35.62264361394225,46.17,0.32220000866800547,0.5464800051413476,1.8488999921828508,bidirectional_dijkstra,distance,graph_1000,3.47,24,24,24,39,39,39,63,63,63,-1.994637858606324e-14,0.0,10,mixed,42,0.063,0.063,0.063
N_0_0,N_7_26,10,True,108.77219952726719,108.7721995272672,115.57999999999998,3.3571000676602125,3.8228400168009102,4.652000032365322,bidirectional_dijkstra,distance,graph_1000,3.47,247,247,247,217,217,217,464,464,464,-1.306478565016018e-14,0.0,10,mixed,42,0.464,0.464,0.464
N_0_0,N_6_17,10,True,51.378450191037714,51.37845019103772,59.58999999999999,0.9282000828534365,1.3864599983207881,3.129499964416027,bidirectional_dijkstra,distance,graph_1000,3.47,113,113,113,63,63,63,176,176,176,-1.3829586784306016e-14,0.0,10,mixed,42,0.176,0.176,0.176
N_0_0,N_4_9,10,True,35.18750640334389,35.187506403343896,38.13000000000001,0.49480004236102104,0.5147099960595369,0.5780999781563878,bidirectional_dijkstra,distance,graph_1000,3.47,59,59,59,39,39,39,98,98,98,-2.0193040325601953e-14,0.0,10,mixed,42,0.098,0.098,0.098
N_0_0,N_3_35,10,True,118.91098527865645,118.91098527865647,133.20999999999998,3.449199954047799,4.057329997885972,4.592399927787483,bidirectional_dijkstra,distance,graph_1000,3.47,364,364,364,261,261,261,625,625,625,-1.1950834215947527e-14,0.0,10,mixed,42,0.625,0.625,0.625
N_0_0,N_9_9,10,True,35.62264361394225,35.62264361394225,46.17,0.524899922311306,0.6236299988813698,0.789299956522882,a_star,distance,graph_1000,3.47,,,,,,,94,94,94,0.0,6.459899945184588,10,mixed,42,0.094,0.094,0.094
N_0_0,N_7_26,10,True,108.7721995272672,108.7721995272672,115.57999999999998,4.435700015164912,4.813989996910095,5.122200003825128,a_star,distance,graph_1000,3.47,,,,,,,758,758,758,0.0,6.459899945184588,10,mixed,42,0.758,0.758,0.758
N_0_0,N_6_17,10,True,51.37845019103772,51.37845019103772,59.58999999999999,0.9865999454632401,1.1052899877540767,1.5133999986574054,a_star,distance,graph_1000,3.47,,,,,,,178,178,178,0.0,6.459899945184588,10,mixed,42,0.178,0.178,0.178
N_0_0,N_4_9,10,True,35.187506403343896,35.187506403343896,38.13000000000001,0.49920007586479187,0.5187899922020733,0.543000060133636,a_star,distance,graph_1000,3.47,,,,,,,95,95,95,0.0,6.459899945184588,10,mixed,42,0.095,0.095,0.095
N_0_0,N_3_35,10,True,118.91098527865647,118.91098527865647,133.20999999999998,4.960300051607192,5.810980009846389,7.980199996381998,a_star,distance,graph_1000,3.47,,,,,,,859,859,859,0.0,6.459899945184588,10,mixed,42,0.859,0.859,0.859
N_0_0,N_9_9,10,True,76.7,57.30337913185885,76.7,0.7540000369772315,0.9048199979588389,1.2662999797612429,a_star,time,graph_1000,3.47,,,,,,,150,150,150,0.0,6.459899945184588,10,mixed,42,0.15,0.15,0.15
N_0_0,N_7_26,10,True,167.78000000000003,148.16130608464837,167.78000000000003,3.611799911595881,4.377989994827658,5.400000023655593,a_star,time,graph_1000,3.47,,,,,,,774,774,774,0.0,6.459899945184588,10,mixed,42,0.774,0.774,0.774
N_0_0,N_6_17,10,True,97.05000000000001,76.73254237675977,97.05000000000001,1.0880999034270644,1.1193000129424036,1.1869000736624002,a_star,time,graph_1000,3.47,,,,,,,243,243,243,0.0,6.459899945184588,10,mixed,42,0.243,0.243,0.243
N_0_0,N_4_9,10,True,53.05,43.71177477561322,53.05,0.35799993202090263,0.3678099950775504,0.3906999481841922,a_star,time,graph_1000,3.47,,,,,,,86,86,86,0.0,6.459899945184588,10,mixed,42,0.086,0.086,0.086
N_0_0,N_3_35,10,True,169.83,154.4113588408451,169.83,3.4844999900087714,3.858519997447729,4.331299918703735,a_star,time,graph_1000,3.47,,,,,,,789,789,789,0.0,6.459899945184588,10,mixed,42,0.789,0.789,0.789
N_0_0,N_9_9,10,True,35.62264361394225,35.62264361394225,46.17,0.3557999152690172,0.3826300031505525,0.530900084413588,a_star_alt,distance,graph_1000,3.47,,,,,,,49,49,49,0.0,61.47660000715405,10,mixed,42,0.049,0.049,0.049
N_0_0,N_7_26,10,True,108.7721995272672,108.7721995272672,115.57999999999998,2.0460999803617597,2.2210400085896254,2.5519001064822078,a_star_alt,distance,graph_1000,3.47,,,,,,,267,267,267,0.0,61.47660000715405,10,mixed,42,0.267,0.267,0.267
N_0_0,N_6_17,10,True,51.37845019103772,51.37845019103772,59.58999999999999,0.7550000445917249,0.7867399952374399,0.8433000184595585,a_star_alt,distance,graph_1000,3.47,,,,,,,97,97,97,0.0,61.47660000715405,10,mixed,42,0.097,0.097,0.097
N_0_0,N_4_9,10,True,35.187506403343896,35.187506403343896,38.13000000000001,0.4035000456497073,0.4152999958023429,0.4599000094458461,a_star_alt,distance,graph_1000,3.47,,,,,,,61,61,61,0.0,61.47660000715405,10,mixed,42,0.061,0.061,0.061
N_0_0,N_3_35,10,True,118.91098527865647,118.91098527865647,133.20999999999998,2.3349999682977796,2.4632499902509153,2.6978999376296997,a_star_alt,distance,graph_1000,3.47,,,,,,,288,288,288,0.0,61.47660000715405,10,mixed,42,0.288,0.288,0.288
N_0_0,N_9_9,10,True,76.7,57.30337913185885,76.7,0.7174999918788671,0.7562799961306155,0.9864999447017908,a_star_alt,time,graph_1000,3.47,,,,,,,115,115,115,0.0,61.47660000715405,10,mixed,42,0.115,0.115,0.115
N_0_0,N_7_26,10,True,167.78000000000003,148.16130608464837,167.78000000000003,2.7589999372139573,3.0174899962730706,3.3390000462532043,a_star_alt,time,graph_1000,3.47,,,,,,,454,454,454,0.0,61.47660000715405,10,mixed,42,0.454,0.454,0.454
N_0_0,N_6_17,10,True,97.05000000000001,76.73254237675977,97.05000000000001,1.1044999118894339,1.1368000064976513,1.1745000956580043,a_star_alt,time,graph_1000,3.47,,,,,,,175,175,175,0.0,61.47660000715405,10,mixed,42,0.175,0.175,0.175
N_0_0,N_4_9,10,True,53.05,43.71177477561322,53.05,0.33169996459037066,0.34654000774025917,0.3714000340551138,a_star_alt,time,graph_1000,3.47,,,,,,,52,52,52,0.0,61.47660000715405,10,mixed,42,0.052,0.052,0.052
N_0_0,N_3_35,10,True,169.83,154.4113588408451,169.83,2.131100045517087,2.286239992827177,2.6404999662190676,a_star_alt,time,graph_1000,3.47,,,,,,,349,349,349,0.0,61.47660000715405,10,mixed,42,0.349,0.349,0.349
N_0_0,N_9_9,10,True,35.62264361394225,35.62264361394225,46.17,0.4347000503912568,0.47607000451534986,0.6741000106558204,weighted_a_star,distance,graph_1000,3.47,,,,,,,94,94,94,0.0,0.002200016751885414,10,mixed,42,0.094,0.094,0.094
N_0_0,N_7_26,10,True,108.7721995272672,108.7721995272672,115.57999999999998,3.8383000064641237,4.235289990901947,4.7447000397369266,weighted_a_star,distance,graph_1000,3.47,,,,,,,751,751,751,0.0,0.002200016751885414,10,mixed,42,0.751,0.751,0.751
N_0_0,N_6_17,10,True,51.37845019103772,51.37845019103772,59.58999999999999,0.8268000092357397,0.8539099944755435,0.9252999443560839,weighted_a_star,distance,graph_1000,3.47,,,,,,,177,177,177,0.0,0.002200016751885414,10,mixed,42,0.177,0.177,0.177
N_0_0,N_4_9,10,True,35.187506403343896,35.187506403343896,38.13000000000001,0.4184999270364642,0.4261499969288707,0.43480005115270615,weighted_a_star,distance,graph_1000,3.47,,,,,,,92,92,92,0.0,0.002200016751885414,10,mixed,42,0.092,0.092,0.092
N_0_0,N_3_35,10,True,118.91098527865647,118.91098527865647,133.20999999999998,4.083499894477427,4.324619995895773,4.566600080579519,weighted_a_star,distance,graph_1000,3.47,,,,,,,853,853,853,0.0,0.002200016751885414,10,mixed,42,0.853,0.853,0.853
N_0_0,N_9_9,10,True,76.7,57.30337913185885,76.7,0.7820000173524022,0.8290500030852854,0.9901999728754163,weighted_a_star,time,graph_1000,3.47,,,,,,,149,149,149,0.0,0.002200016751885414,10,mixed,42,0.149,0.149,0.149
N_0_0,N_7_26,10,True,167.78000000000003,148.16130608464837,167.78000000000003,3.5305999917909503,4.120790015440434,5.0604999996721745,weighted_a_star,time,graph_1000,3.47,,,,,,,768,768,768,0.0,0.002200016751885414,10,mixed,42,0.768,0.768,0.768
N_0_0,N_6_17,10,True,97.05000000000001,76.73254237675977,97.05000000000001,1.0976999765262008,1.2155899894423783,1.4257000293582678,weighted_a_star,time,graph_1000,3.47,,,,,,,236,236,236,0.0,0.002200016751885414,10,mixed,42,0.236,0.236,0.236
N_0_0,N_4_9,10,True,53.05,43.71177477561322,53.05,0.3789999755099416,0.4407400148920715,0.6435000104829669,weighted_a_star,time,graph_1000,3.47,,,,,,,85,85,85,0.0,0.002200016751885414,10,mixed,42,0.085,0.085,0.085
N_0_0,N_3_35,10,True,169.83,154.4113588408451,169.83,3.6834999918937683,3.9449799922294915,4.5198999578133225,weighted_a_star,time,graph_1000,3.47,,,,,,,781,781,781,0.0,0.002200016751885414,10,mixed,42,0.781,0.781,0.781
N_0_0,N_9_9,10,True,35.62264361394224,35.62264361394225,46.17,1.3032000279054046,1.363970001693815,1.6116000479087234,bidirectional_a_star,distance,graph_1000,3.47,155,155,155,101,101,101,256,256,256,-3.989275717212648e-14,0.0,10,mixed,42,0.256,0.256,0.256
N_0_0,N_7_26,10,True,108.77219952726719,108.7721995272672,115.57999999999998,11.638699914328754,12.928819993976504,15.856900019571185,bidirectional_a_star,distance,graph_1000,3.47,953,953,953,781,781,781,1734,1734,1734,-1.306478565016018e-14,0.0,10,mixed,42,1.734,1.734,1.734
N_0_0,N_6_17,10,True,51.378450191037714,51.37845019103772,59.58999999999999,4.789600032381713,5.130280007142574,5.302299978211522,bidirectional_a_star,distance,graph_1000,3.47,636,636,636,195,195,195,831,831,831,-1.3829586784306016e-14,0.0,10,mixed,42,0.831,0.831,0.831
N_0_0,N_4_9,10,True,35.18750640334389,35.187506403343896,38.13000000000001,2.0120999542996287,2.117939991876483,2.314200042746961,bidirectional_a_star,distance,graph_1000,3.47,262,262,262,96,96,96,358,358,358,-2.0193040325601953e-14,0.0,10,mixed,42,0.358,0.358,0.358
N_0_0,N_3_35,10,True,118.91098527865645,118.91098527865647,133.20999999999998,12.66930007841438,14.205780008342117,17.94489996973425,bidirectional_a_star,distance,graph_1000,3.47,953,953,953,877,877,877,1830,1830,1830,-1.1950834215947527e-14,0.0,10,mixed,42,1.83,1.83,1.83
N_0_0,N_9_9,10,True,76.7,57.30337913185885,76.7,0.6351000629365444,0.6942400010302663,0.9579000761732459,a_star_active_alt,time,graph_1000,3.47,,,,,,,108,108,108,0.0,148.72499997727573,10,mixed,42,0.108,0.108,0.108
N_0_0,N_7_26,10,True,167.78000000000003,148.16130608464837,167.78000000000003,2.6778000174090266,3.0517399893142283,3.882699995301664,a_star_active_alt,time,graph_1000,3.47,,,,,,,434,434,434,0.0,148.72499997727573,10,mixed,42,0.434,0.434,0.434
N_0_0,N_6_17,10,True,97.05000000000001,76.73254237675977,97.05000000000001,0.977999996393919,1.0155500029213727,1.1014000046998262,a_star_active_alt,time,graph_1000,3.47,,,,,,,158,158,158,0.0,148.72499997727573,10,mixed,42,0.158,0.158,0.158
N_0_0,N_4_9,10,True,53.05,43.71177477561322,53.05,0.32750004902482033,0.35943001275882125,0.4232999635860324,a_star_active_alt,time,graph_1000,3.47,,,,,,,50,50,50,0.0,148.72499997727573,10,mixed,42,0.05,0.05,0.05
N_0_0,N_3_35,10,True,169.83,154.4113588408451,169.83,2.316799946129322,2.5231300154700875,2.837900072336197,a_star_active_alt,time,graph_1000,3.47,,,,,,,369,369,369,0.0,148.72499997727573,10,mixed,42,0.369,0.369,0.369
N_0_0,N_9_9,10,True,76.7,57.30337913185885,76.7,0.7295999675989151,0.7769599906168878,1.0556000052019954,a_star_departure_alt,time,graph_1000,3.47,,,,,,,115,115,115,0.0,35.7846999540925,10,mixed,42,0.115,0.115,0.115
N_0_0,N_7_26,10,True,167.78000000000003,148.16130608464837,167.78000000000003,3.02239996381104,3.3334100036881864,3.8769999518990517,a_star_departure_alt,time,graph_1000,3.47,,,,,,,454,454,454,0.0,35.7846999540925,10,mixed,42,0.454,0.454,0.454
N_0_0,N_6_17,10,True,97.05000000000001,76.73254237675977,97.05000000000001,1.2197999749332666,1.2567199999466538,1.3328000204637647,a_star_departure_alt,time,graph_1000,3.47,,,,,,,175,175,175,0.0,35.7846999540925,10,mixed,42,0.175,0.175,0.175
N_0_0,N_4_9,10,True,53.05,43.71177477561322,53.05,0.354000017978251,0.3618599963374436,0.3877000417560339,a_star_departure_alt,time,graph_1000,3.47,,,,,,,52,52,52,0.0,35.7846999540925,10,mixed,42,0.052,0.052,0.052
N_0_0,N_3_35,10,True,169.83,154.4113588408451,169.83,2.2436000872403383,2.43841998744756,2.6545000728219748,a_star_departure_alt,time,graph_1000,3.47,,,,,,,349,349,349,0.0,35.7846999540925,10,mixed,42,0.349,0.349,0.349
N_0_0,N_9_9,10,True,76.7,57.30337913185885,76.7,0.4855000879615545,0.499889999628067,0.5862999241799116,dijkstra_contracted,time,graph_1000,3.47,,,,,,,159,159,159,0.0,9.046099963597953,10,mixed,42,0.159,0.159,0.159
N_0_0,N_7_26,10,True,167.78000000000003,148.16130608464837,167.78000000000003,2.6638000272214413,2.856290014460683,3.195199999026954,dijkstra_contracted,time,graph_1000,3.47,,,,,,,805,805,805,0.0,9.046099963597953,10,mixed,42,0.805,0.805,0.805
N_0_0,N_6_17,10,True,97.05000000000001,76.73254237675977,97.05000000000001,0.8331000572070479,0.8689599926583469,1.0442999191582203,dijkstra_contracted,time,graph_1000,3.47,,,,,,,265,265,265,0.0,9.046099963597953,10,mixed,42,0.265,0.265,0.265
N_0_0,N_4_9,10,True,53.05,43.71177477561322,53.05,0.2712999703362584,0.27733001625165343,0.28810009825974703,dijkstra_contracted,time,graph_1000,3.47,,,,,,,92,92,92,0.0,9.046099963597953,10,mixed,42,0.092,0.092,0.092
N_0_0,N_3_35,10,True,169.83,154.4113588408451,169.83,2.6840000646188855,2.77664999011904,3.083399962633848,dijkstra_contracted,time,graph_1000,3.47,,,,,,,821,821,821,0.0,9.046099963597953,10,mixed,42,0.821,0.821,0.821
N_0_0,N_9_9,10,True,76.7,57.30337913185885,76.7,0.6617000326514244,1.014940021559596,3.805599990300834,a_star_contracted,time,graph_1000,3.47,,,,,,,150,150,150,0.0,0.001800013706088066,10,mixed,42,0.15,0.15,0.15
N_0_0,N_7_26,10,True,167.78000000000003,148.16130608464837,167.78000000000003,3.4477999433875084,3.742499998770654,4.1720999870449305,a_star_contracted,time,graph_1000,3.47,,,,,,,774,774,774,0.0,0.001800013706088066,10,mixed,42,0.774,0.774,0.774
N_0_0,N_6_17,10,True,97.05000000000001,76.73254237675977,97.05000000000001,1.0824999772012234,1.1228400049731135,1.2423000298440456,a_star_contracted,time,graph_1000,3.47,,,,,,,243,243,243,0.0,0.001800013706088066,10,mixed,42,0.243,0.243,0.243
N_0_0,N_4_9,10,True,53.05,43.71177477561322,53.05,0.37029990926384926,0.44107999419793487,0.5466999718919396,a_star_contracted,time,graph_1000,3.47,,,,,,,86,86,86,0.0,0.001800013706088066,10,mixed,42,0.086,0.086,0.086
N_0_0,N_3_35,10,True,169.83,154.4113588408451,169.83,3.7037000292912126,4.1290300083346665,5.786000052466989,a_star_contracted,time,graph_1000,3.47,,,,,,,789,789,789,0.0,0.001800013706088066,10,mixed,42,0.789,0.789,0.789
N_0_0,N_9_9,10,True,76.7,57.30337913185885,76.7,0.24510000366717577,0.2596899983473122,0.341600039973855,bidirectional_time_a_star,time,graph_1000,3.47,,,,,,,67,67,67,0.0,24.42010003142059,10,mixed,42,0.067,0.067,0.067
N_0_0,N_7_26,10,True,167.78000000000003,148.16130608464837,167.78000000000003,1.1451001046225429,1.1980100185610354,1.4167000772431493,bidirectional_time_a_star,time,graph_1000,3.47,,,,,,,274,274,274,0.0,24.42010003142059,10,mixed,42,0.274,0.274,0.274
N_0_0,N_6_17,10,True,97.05000000000001,76.73254237675977,97.05000000000001,0.4430999979376793,0.48021000111475587,0.6651000585407019,bidirectional_time_a_star,time,graph_1000,3.47,,,,,,,116,116,116,0.0,24.42010003142059,10,mixed,42,0.116,0.116,0.116
N_0_0,N_4_9,10,True,53.05,43.71177477561322,53.05,0.13399997260421515,0.14170999638736248,0.16249995678663254,bidirectional_time_a_star,time,graph_1000,3.47,,,,,,,38,38,38,0.0,24.42010003142059,10,mixed,42,0.038,0.038,0.038
N_0_0,N_3_35,10,True,169.83,154.4113588408451,169.83,1.0064999805763364,1.031799998600036,1.1047000298276544,bidirectional_time_a_star,time,graph_1000,3.47,,,,,,,231,231,231,0.0,24.42010003142059,10,mixed,42,0.231,0.231,0.231
N_0_0,N_9_9,10,True,23.729707052934074,23.729707052934074,27.54,0.367600005120039,0.3755199955776334,0.38700003642588854,dijkstra,distance,graph_1000_stress,5.29,,,,,,,97,97,97,0.0,0.0,10,stress,42,0.097,0.097,0.097
N_0_0,N_8_35,10,True,67.91280652691674,67.91280652691674,84.35,4.025899921543896,4.263670009095222,4.510900005698204,dijkstra,distance,graph_1000_stress,5.29,,,,,,,858,858,858,0.0,0.0,10,stress,42,0.858,0.858,0.858
N_0_0,N_7_26,10,True,51.034692215340854,51.034692215340854,55.76,2.5417000288143754,2.6779099949635565,2.9206000035628676,dijkstra,distance,graph_1000_stress,5.29,,,,,,,550,550,550,0.0,0.0,10,stress,42,0.55,0.55,0.55
N_0_0,N_6_17,10,True,33.3345506056968,33.3345506056968,41.31,0.8405999979004264,0.8850299986079335,1.0618000524118543,dijkstra,distance,graph_1000_stress,5.29,,,,,,,200,200,200,0.0,0.0,10,stress,42,0.2,0.2,0.2
N_0_0,N_4_9,10,True,22.862879783499267,22.862879783499267,27.200000000000003,0.3439999418333173,0.351579999551177,0.364100094884634,dijkstra,distance,graph_1000_stress,5.29,,,,,,,88,88,88,0.0,0.0,10,stress,42,0.088,0.088,0.088
N_0_0,N_9_9,10,True,45.800000000000004,27.891373196884444,45.800000000000004,0.4374000709503889,0.47061999794095755,0.6399999838322401,dijkstra,time,graph_1000_stress,5.29,,,,,,,106,106,106,0.0,0.0,10,stress,42,0.106,0.106,0.106
N_0_0,N_8_35,10,True,130.07000000000002,100.03549719454556,130.07000000000002,3.742599976249039,4.082330001983792,4.977900069206953,dijkstra,time,graph_1000_stress,5.29,,,,,,,911,911,911,0.0,0.0,10,stress,42,0.911,0.911,0.911
N_0_0,N_7_26,10,True,84.67000000000002,66.63116433575415,84.67000000000002,1.7383999656885862,1.7744099954143167,1.8835000228136778,dijkstra,time,graph_1000_stress,5.29,,,,,,,428,428,428,0.0,0.0,10,stress,42,0.428,0.428,0.428
N_0_0,N_6_17,10,True,65.44999999999999,41.98348742596047,65.44999999999999,0.9046999039128423,0.9211599943228066,0.9645000100135803,dijkstra,time,graph_1000_stress,5.29,,,,,,,231,231,231,0.0,0.0,10,stress,42,0.231,0.231,0.231
N_0_0,N_4_9,10,True,48.480000000000004,29.818412510474133,48.480000000000004,0.467300065793097,0.4731800057925284,0.47919992357492447,dijkstra,time,graph_1000_stress,5.29,,,,,,,119,119,119,0.0,0.0,10,stress,42,0.119,0.119,0.119
N_0_0,N_9_9,10,True,23.729707052934074,23.729707052934074,27.54,0.34389994107186794,0.5476600024849176,2.3598000407218933,bidirectional_dijkstra,distance,graph_1000_stress,5.29,44,44,44,19,19,19,63,63,63,0.0,0.0,10,stress,42,0.063,0.063,0.063
N_0_0,N_8_35,10,True,67.91280652691674,67.91280652691674,84.35,3.618099959567189,3.963279991876334,4.649200011044741,bidirectional_dijkstra,distance,graph_1000_stress,5.29,410,410,410,209,209,209,619,619,619,0.0,0.0,10,stress,42,0.619,0.619,0.619
N_0_0,N_7_26,10,True,51.03469221534085,51.034692215340854,55.76,2.264500013552606,2.3844499955885112,2.63740005902946,bidirectional_dijkstra,distance,graph_1000_stress,5.29,276,276,276,111,111,111,387,387,387,-1.3922739707373282e-14,0.0,10,stress,42,0.387,0.387,0.387
N_0_0,N_6_17,10,True,33.334550605696805,33.3345506056968,41.31,0.864999950863421,0.921270006801933,1.1216000420972705,bidirectional_dijkstra,distance,graph_1000_stress,5.29,108,108,108,44,44,44,152,152,152,2.1315503669597095e-14,0.0,10,stress,42,0.152,0.152,0.152
N_0_0,N_4_9,10,True,22.862879783499267,22.862879783499267,27.200000000000003,0.32869994174689054,0.33818999072536826,0.37949997931718826,bidirectional_dijkstra,distance,graph_1000_stress,5.29,41,41,41,18,18,18,59,59,59,0.0,0.0,10,stress,42,0.059,0.059,0.059
N_0_0,N_9_9,10,True,23.729707052934074,23.729707052934074,27.54,0.5143999587744474,0.541199988219887,0.6535999709740281,a_star,distance,graph_1000_stress,5.29,,,,,,,87,87,87,0.0,9.053300018422306,10,stress,42,0.087,0.087,0.087
N_0_0,N_8_35,10,True,67.91280652691674,67.91280652691674,84.35,5.214400007389486,5.519980005919933,6.01240003015846,a_star,distance,graph_1000_stress,5.29,,,,,,,828,828,828,0.0,9.053300018422306,10,stress,42,0.828,0.828,0.828
N_0_0,N_7_26,10,True,51.034692215340854,51.034692215340854,55.76,3.0008999165147543,3.1582800089381635,3.594700014218688,a_star,distance,graph_1000_stress,5.29,,,,,,,486,486,486,0.0,9.053300018422306,10,stress,42,0.486,0.486,0.486
N_0_0,N_6_17,10,True,33.3345506056968,33.3345506056968,41.31,1.0445999214425683,1.0651999968104064,1.1021000100299716,a_star,distance,graph_1000_stress,5.29,,,,,,,182,182,182,0.0,9.053300018422306,10,stress,42,0.182,0.182,0.182
N_0_0,N_4_9,10,True,22.862879783499267,22.862879783499267,27.200000000000003,0.4427999956533313,0.4620600026100874,0.5449000746011734,a_star,distance,graph_1000_stress,5.29,,,,,,,77,77,77,0.0,9.053300018422306,10,stress,42,0.077,0.077,0.077
N_0_0,N_9_9,10,True,45.800000000000004,27.891373196884444,45.800000000000004,0.5581999430432916,0.6208700011484325,0.7890000706538558,a_star,time,graph_1000_stress,5.29,,,,,,,99,99,99,0.0,9.053300018422306,10,stress,42,0.099,0.099,0.099
N_0_0,N_8_35,10,True,130.07000000000002,100.03549719454556,130.07000000000002,4.993300070054829,5.581499997060746,6.523000076413155,a_star,time,graph_1000_stress,5.29,,,,,,,880,880,880,0.0,9.053300018422306,10,stress,42,0.88,0.88,0.88
N_0_0,N_7_26,10,True,84.67000000000002,66.63116433575415,84.67000000000002,2.0739000756293535,2.1244100062176585,2.246999996714294,a_star,time,graph_1000_stress,5.29,,,,,,,379,379,379,0.0,9.053300018422306,10,stress,42,0.379,0.379,0.379
N_0_0,N_6_17,10,True,65.44999999999999,41.98348742596047,65.44999999999999,1.171399955637753,1.2154299882240593,1.3220999389886856,a_star,time,graph_1000_stress,5.29,,,,,,,217,217,217,0.0,9.053300018422306,10,stress,42,0.217,0.217,0.217
N_0_0,N_4_9,10,True,48.480000000000004,29.818412510474133,48.480000000000004,0.6370999617502093,0.6812000065110624,0.8690999820828438,a_star,time,graph_1000_stress,5.29,,,,,,,113,113,113,0.0,9.053300018422306,10,stress,42,0.113,0.113,0.113
N_0_0,N_9_9,10,True,23.729707052934074,23.729707052934074,27.54,0.22389995865523815,0.2475400106050074,0.41420001070946455,a_star_alt,distance,graph_1000_stress,5.29,,,,,,,19,19,19,0.0,140.37870010361075,10,stress,42,0.019,0.019,0.019
N_0_0,N_8_35,10,True,67.91280652691674,67.91280652691674,84.35,2.22400005441159,2.578719996381551,3.233300056308508,a_star_alt,distance,graph_1000_stress,5.29,,,,,,,171,171,171,0.0,140.37870010361075,10,stress,42,0.171,0.171,0.171
N_0_0,N_7_26,10,True,51.034692215340854,51.034692215340854,55.76,1.4364999951794744,1.8576000002212822,2.823099959641695,a_star_alt,distance,graph_1000_stress,5.29,,,,,,,117,117,117,0.0,140.37870010361075,10,stress,42,0.117,0.117,0.117
N_0_0,N_6_17,10,True,33.3345506056968,33.3345506056968,41.31,0.6899000145494938,0.9352999972179532,0.9968000231310725,a_star_alt,distance,graph_1000_stress,5.29,,,,,,,29,29,29,0.0,140.37870010361075,10,stress,42,0.029,0.029,0.029
N_0_0,N_4_9,10,True,22.862879783499267,22.862879783499267,27.200000000000003,0.4344999324530363,0.4772599902935326,0.5132000660523772,a_star_alt,distance,graph_1000_stress,5.29,,,,,,,19,19,19,0.0,140.37870010361075,10,stress,42,0.019,0.019,0.019
N_0_0,N_9_9,10,True,45.800000000000004,27.891373196884444,45.800000000000004,0.6240999791771173,0.6980099948123097,1.0415000142529607,a_star_alt,time,graph_1000_stress,5.29,,,,,,,56,56,56,0.0,140.37870010361075,10,stress,42,0.056,0.056,0.056
N_0_0,N_8_35,10,True,130.07000000000002,100.03549719454556,130.07000000000002,7.302299956791103,8.265619992744178,9.321099962107837,a_star_alt,time,graph_1000_stress,5.29,,,,,,,593,593,593,0.0,140.37870010361075,10,stress,42,0.593,0.593,0.593
N_0_0,N_7_26,10,True,84.67000000000002,66.63116433575415,84.67000000000002,2.143800025805831,2.4818599922582507,3.2532999757677317,a_star_alt,time,graph_1000_stress,5.29,,,,,,,172,172,172,0.0,140.37870010361075,10,stress,42,0.172,0.172,0.172
N_0_0,N_6_17,10,True,65.44999999999999,41.98348742596047,65.44999999999999,1.3561000814661384,1.6068700118921697,2.1910000359639525,a_star_alt,time,graph_1000_stress,5.29,,,,,,,131,131,131,0.0,140.37870010361075,10,stress,42,0.131,0.131,0.131
N_0_0,N_4_9,10,True,48.480000000000004,29.818412510474133,48.480000000000004,0.7396999280899763,0.8517399895936251,1.0496999602764845,a_star_alt,time,graph_1000_stress,5.29,,,,,,,72,72,72,0.0,140.37870010361075,10,stress,42,0.072,0.072,0.072
N_0_0,N_9_9,10,True,23.729707052934074,23.729707052934074,27.54,0.5957999965175986,0.9370999992825091,1.3574999757111073,weighted_a_star,distance,graph_1000_stress,5.29,,,,,,,78,78,78,0.0,0.002100015990436077,10,stress,42,0.078,0.078,0.078
N_0_0,N_8_35,10,True,67.91280652691674,67.91280652691674,84.35,8.253799984231591,9.748129977378994,12.062900001183152,weighted_a_star,distance,graph_1000_stress,5.29,,,,,,,821,821,821,0.0,0.002100015990436077,10,stress,42,0.821,0.821,0.821
N_0_0,N_7_26,10,True,51.034692215340854,51.034692215340854,55.76,3.691700054332614,4.769629996735603,6.994000053964555,weighted_a_star,distance,graph_1000_stress,5.29,,,,,,,473,473,473,0.0,0.002100015990436077,10,stress,42,0.473,0.473,0.473
N_0_0,N_6_17,10,True,33.3345506056968,33.3345506056968,41.31,1.1623000027611852,1.2130400049500167,1.4127999311313033,weighted_a_star,distance,graph_1000_stress,5.29,,,,,,,172,172,172,0.0,0.002100015990436077,10,stress,42,0.172,0.172,0.172
N_0_0,N_4_9,10,True,22.862879783499267,22.862879783499267,27.200000000000003,0.4737999988719821,0.48838999355211854,0.5161999724805355,weighted_a_star,distance,graph_1000_stress,5.29,,,,,,,74,74,74,0.0,0.002100015990436077,10,stress,42,0.074,0.074,0.074
N_0_0,N_9_9,10,True,45.800000000000004,27.891373196884444,45.800000000000004,0.6672999588772655,0.7355400128290057,0.9084000485017896,weighted_a_star,time,graph_1000_stress,5.29,,,,,,,97,97,97,0.0,0.002100015990436077,10,stress,42,0.097,0.097,0.097
N_0_0,N_8_35,10,True,130.07000000000002,100.03549719454556,130.07000000000002,6.984399980865419,8.162230008747429,9.551999974064529,weighted_a_star,time,graph_1000_stress,5.29,,,,,,,872,872,872,0.0,0.002100015990436077,10,stress,42,0.872,0.872,0.872
N_0_0,N_7_26,10,True,84.67000000000002,66.63116433575415,84.67000000000002,2.5927999522536993,2.921569999307394,3.473100019618869,weighted_a_star,time,graph_1000_stress,5.29,,,,,,,369,369,369,0.0,0.002100015990436077,10,stress,42,0.369,0.369,0.369
N_0_0,N_6_17,10,True,65.44999999999999,41.98348742596047,65.44999999999999,1.2956000864505768,1.3732200022786856,1.6165999695658684,weighted_a_star,time,graph_1000_stress,5.29,,,,,,,214,214,214,0.0,0.002100015990436077,10,stress,42,0.214,0.214,0.214
N_0_0,N_4_9,10,True,48.480000000000004,29.818412510474133,48.480000000000004,0.6937000434845686,0.7185299997217953,0.7642999989911914,weighted_a_star,time,graph_1000_stress,5.29,,,,,,,110,110,110,0.0,0.002100015990436077,10,stress,42,0.11,0.11,0.11
N_0_0,N_9_9,10,True,23.72970705293407,23.729707052934074,27.54,2.6399000780656934,2.9366099974140525,3.6640999605879188,bidirectional_a_star,distance,graph_1000_stress,5.29,313,313,313,96,96,96,409,409,409,-1.497158675779448e-14,0.0,10,stress,42,0.409,0.409,0.409
N_0_0,N_8_35,10,True,67.91280652691673,67.91280652691674,84.35,16.393000027164817,18.2239499874413,19.90069996099919,bidirectional_a_star,distance,graph_1000_stress,5.29,950,950,950,857,857,857,1807,1807,1807,-2.0925147173191315e-14,0.0,10,stress,42,1.807,1.807,1.807
N_0_0,N_7_26,10,True,51.03469221534085,51.034692215340854,55.76,12.584099895320833,14.583400008268654,16.97650004643947,bidirectional_a_star,distance,graph_1000_stress,5.29,960,960,960,549,549,549,1509,1509,1509,-1.3922739707373282e-14,0.0,10,stress,42,1.509,1.509,1.509
N_0_0,N_6_17,10,True,33.3345506056968,33.3345506056968,41.31,5.183000001125038,5.638130009174347,6.364700035192072,bidirectional_a_star,distance,graph_1000_stress,5.29,584,584,584,199,199,199,783,783,783,0.0,0.0,10,stress,42,0.783,0.783,0.783
N_0_0,N_4_9,10,True,22.862879783499263,22.862879783499267,27.200000000000003,2.140299999155104,2.226080000400543,2.4799000238999724,bidirectional_a_star,distance,graph_1000_stress,5.29,287,287,287,87,87,87,374,374,374,-1.553922214717932e-14,0.0,10,stress,42,0.374,0.374,0.374
N_0_0,N_9_9,10,True,45.800000000000004,27.891373196884444,45.800000000000004,0.4773000255227089,0.5195799982175231,0.6898000137880445,a_star_active_alt,time,graph_1000_stress,5.29,,,,,,,57,57,57,0.0,214.0793000580743,10,stress,42,0.057,0.057,0.057
N_0_0,N_8_35,10,True,130.07000000000002,100.03549719454556,130.07000000000002,4.929899936541915,5.463739996775985,6.285400013439357,a_star_active_alt,time,graph_1000_stress,5.29,,,,,,,618,618,618,0.0,214.0793000580743,10,stress,42,0.618,0.618,0.618
N_0_0,N_7_26,10,True,84.67000000000002,66.63116433575415,84.67000000000002,1.4319000765681267,1.5430800034664571,1.6963999951258302,a_star_active_alt,time,graph_1000_stress,5.29,,,,,,,175,175,175,0.0,214.0793000580743,10,stress,42,0.175,0.175,0.175
N_0_0,N_6_17,10,True,65.44999999999999,41.98348742596047,65.44999999999999,1.0629999451339245,1.0883399983868003,1.129999989643693,a_star_active_alt,time,graph_1000_stress,5.29,,,,,,,141,141,141,0.0,214.0793000580743,10,stress,42,0.141,0.141,0.141
N_0_0,N_4_9,10,True,48.480000000000004,29.818412510474133,48.480000000000004,0.5568999331444502,0.583149993326515,0.6942000472918153,a_star_active_alt,time,graph_1000_stress,5.29,,,,,,,72,72,72,0.0,214.0793000580743,10,stress,42,0.072,0.072,0.072
N_0_0,N_9_9,10,True,45.800000000000004,27.891373196884444,45.800000000000004,0.5402999231591821,0.5784599925391376,0.8308000396937132,a_star_departure_alt,time,graph_1000_stress,5.29,,,,,,,56,56,56,0.0,56.58800003584474,10,stress,42,0.056,0.056,0.056
N_0_0,N_8_35,10,True,130.07000000000002,100.03549719454556,130.07000000000002,4.881700035184622,5.35670998506248,6.069499999284744,a_star_departure_alt,time,graph_1000_stress,5.29,,,,,,,593,593,593,0.0,56.58800003584474,10,stress,42,0.593,0.593,0.593
N_0_0,N_7_26,10,True,84.67000000000002,66.63116433575415,84.67000000000002,1.559700001962483,1.6049900092184544,1.6833000117912889,a_star_departure_alt,time,graph_1000_stress,5.29,,,,,,,172,172,172,0.0,56.58800003584474,10,stress,42,0.172,0.172,0.172
N_0_0,N_6_17,10,True,65.44999999999999,41.98348742596047,65.44999999999999,1.123199937865138,1.1943700024858117,1.408000010997057,a_star_departure_alt,time,graph_1000_stress,5.29,,,,,,,131,131,131,0.0,56.58800003584474,10,stress,42,0.131,0.131,0.131
N_0_0,N_4_9,10,True,48.480000000000004,29.818412510474133,48.480000000000004,0.6328000454232097,0.6504899938590825,0.7319999858736992,a_star_departure_alt,time,graph_1000_stress,5.29,,,,,,,72,72,72,0.0,56.58800003584474,10,stress,42,0.072,0.072,0.072
N_0_0,N_9_9,10,True,45.800000000000004,27.891373196884444,45.800000000000004,0.42280007619410753,0.4441100056283176,0.5614999681711197,dijkstra_contracted,time,graph_1000_stress,5.29,,,,,,,106,106,106,0.0,14.441899955272675,10,stress,42,0.106,0.106,0.106
N_0_0,N_8_35,10,True,130.07000000000002,100.03549719454556,130.07000000000002,3.7439001025632024,4.164370009675622,4.563099937513471,dijkstra_contracted,time,graph_1000_stress,5.29,,,,,,,911,911,911,0.0,14.441899955272675,10,stress,42,0.911,0.911,0.911
N_0_0,N_7_26,10,True,84.67000000000002,66.63116433575415,84.67000000000002,1.7181000439450145,1.7899399972520769,1.9884000066667795,dijkstra_contracted,time,graph_1000_stress,5.29,,,,,,,428,428,428,0.0,14.441899955272675,10,stress,42,0.428,0.428,0.428
N_0_0,N_6_17,10,True,65.44999999999999,41.98348742596047,65.44999999999999,0.9011999936774373,0.9226300055161119,0.9362000273540616,dijkstra_contracted,time,graph_1000_stress,5.29,,,,,,,231,231,231,0.0,14.441899955272675,10,stress,42,0.231,0.231,0.231
N_0_0,N_4_9,10,True,48.480000000000004,29.818412510474133,48.480000000000004,0.47480000648647547,0.5060800118371844,0.5671000108122826,dijkstra_contracted,time,graph_1000_stress,5.29,,,,,,,119,119,119,0.0,14.441899955272675,10,stress,42,0.119,0.119,0.119
N_0_0,N_9_9,10,True,45.800000000000004,27.891373196884444,45.800000000000004,0.5486999871209264,1.0746000101789832,5.713299964554608,a_star_contracted,time,graph_1000_stress,5.29,,,,,,,99,99,99,0.0,0.001300009898841381,10,stress,42,0.099,0.099,0.099
N_0_0,N_8_35,10,True,130.07000000000002,100.03549719454556,130.07000000000002,4.934400087222457,5.320600001141429,5.749400006607175,a_star_contracted,time,graph_1000_stress,5.29,,,,,,,880,880,880,0.0,0.001300009898841381,10,stress,42,0.88,0.88,0.88
N_0_0,N_7_26,10,True,84.67000000000002,66.63116433575415,84.67000000000002,2.0667000208050013,2.2308100014925003,3.0666000675410032,a_star_contracted,time,graph_1000_stress,5.29,,,,,,,379,379,379,0.0,0.001300009898841381,10,stress,42,0.379,0.379,0.379
N_0_0,N_6_17,10,True,65.44999999999999,41.98348742596047,65.44999999999999,1.1573000811040401,1.1866800021380186,1.2746000429615378,a_star_contracted,time,graph_1000_stress,5.29,,,,,,,217,217,217,0.0,0.001300009898841381,10,stress,42,0.217,0.217,0.217
N_0_0,N_4_9,10,True,48.480000000000004,29.818412510474133,48.480000000000004,0.6298000225797296,0.6771999993361533,0.8200999582186341,a_star_contracted,time,graph_1000_stress,5.29,,,,,,,113,113,113,0.0,0.001300009898841381,10,stress,42,0.113,0.113,0.113
N_0_0,N_9_9,10,True,45.800000000000004,27.891373196884444,45.800000000000004,0.17859996296465397,0.1935600070282817,0.29559992253780365,bidirectional_time_a_star,time,graph_1000_stress,5.29,,,,,,,35,35,35,0.0,41.022999910637736,10,stress,42,0.035,0.035,0.035
N_0_0,N_8_35,10,True,130.07000000000002,100.03549719454556,130.07000000000002,2.645100001245737,2.885229990351945,3.4000000450760126,bidirectional_time_a_star,time,graph_1000_stress,5.29,,,,,,,481,481,481,0.0,41.022999910637736,10,stress,42,0.481,0.481,0.481
N_0_0,N_7_26,10,True,84.67000000000002,66.63116433575415,84.67000000000002,0.665399944409728,0.68660001270473,0.7366000209003687,bidirectional_time_a_star,time,graph_1000_stress,5.29,,,,,,,131,131,131,0.0,41.022999910637736,10,stress,42,0.131,0.131,0.131
N_0_0,N_6_17,10,True,65.44999999999999,41.98348742596047,65.44999999999999,0.38790004327893257,0.41510999435558915,0.4754000110551715,bidirectional_time_a_star,time,graph_1000_stress,5.29,,,,,,,79,79,79,0.0,41.022999910637736,10,stress,42,0.079,0.079,0.079
N_0_0,N_4_9,10,True,48.480000000000004,29.818412510474133,48.480000000000004,0.19349996000528336,0.1982400077395141,0.2223999472334981,bidirectional_time_a_star,time,graph_1000_stress,5.29,,,,,,,37,37,37,0.0,41.022999910637736,10,stress,42,0.037,0.037,0.037
N_0_0,N_9_99,10,True,364.70272029436677,364.70272029436677,371.92,20.809899899177253,21.666899998672307,23.8033999921754,dijkstra,distance,graph_5000,3.46,,,,,,,4588,4588,4588,0.0,0.0,10,mixed,42,0.9176,0.9176,0.9176
N_0_0,N_7_53,10,True,181.92256659112144,181.92256659112144,191.58000000000004,7.1211999747902155,7.766270020511001,8.870700024999678,dijkstra,distance,graph_5000,3.46,,,,,,,1723,1723,1723,0.0,0.0,10,mixed,42,0.3446,0.3446,0.3446
N_0_0,N_4_99,10,True,346.046398332055,346.046398332055,351.04999999999995,20.10079997126013,21.100849995855242,22.07160007674247,dijkstra,distance,graph_5000,3.46,,,,,,,4379,4379,4379,0.0,0.0,10,mixed,42,0.8758,0.8758,0.8758
N_0_0,N_48_53,10,True,263.20531084280213,263.20531084280213,240.93999999999997,13.70340003632009,15.604529983829707,16.43970003351569,dijkstra,distance,graph_5000,3.46,,,,,,,3148,3148,3148,0.0,0.0,10,mixed,42,0.6296,0.6296,0.6296
N_0_0,N_45_99,10,True,406.016163682926,406.016163682926,406.23,21.45050000399351,22.098949982319027,23.20159994997084,dijkstra,distance,graph_5000,3.46,,,,,,,4866,4866,4866,0.0,0.0,10,mixed,42,0.9732,0.9732,0.9732
N_0_0,N_9_99,10,True,419.5299999999999,392.22326651278695,419.5299999999999,20.57819999754429,21.49885998805985,24.356899899430573,dijkstra,time,graph_5000,3.46,,,,,,,4574,4574,4574,0.0,0.0,10,mixed,42,0.9148,0.9148,0.9148
N_0_0,N_7_53,10,True,229.68999999999997,204.3907571999845,229.68999999999997,8.100999984890223,8.645659999456257,9.984700009226799,dijkstra,time,graph_5000,3.46,,,,,,,1778,1778,1778,0.0,0.0,10,mixed,42,0.3556,0.3556,0.3556
N_0_0,N_4_99,10,True,408.83,395.8912643185798,408.83,20.18229989334941,20.62233998440206,21.465199999511242,dijkstra,time,graph_5000,3.46,,,,,,,4470,4470,4470,0.0,0.0,10,mixed,42,0.894,0.894,0.894
N_0_0,N_48_53,10,True,305.71999999999997,271.07176097686136,305.71999999999997,13.816399965435266,14.344269991852343,14.813699992373586,dijkstra,time,graph_5000,3.46,,,,,,,3071,3071,3071,0.0,0.0,10,mixed,42,0.6142,0.6142,0.6142
N_0_0,N_45_99,10,True,463.78,468.0171154603361,463.78,22.19749998766929,23.46225999062881,26.37540001887828,dijkstra,time,graph_5000,3.46,,,,,,,4889,4889,4889,0.0,0.0,10,mixed,42,0.9778,0.9778,0.9778
N_0_0,N_9_99,10,True,364.7027202943668,364.70272029436677,371.92,24.53100006096065,25.54666001815349,28.421900002285838,bidirectional_dijkstra,distance,graph_5000,3.46,2293,2293,2293,1734,1734,1734,4027,4027,4027,1.5586233855049758e-14,0.0,10,mixed,42,0.8054,0.8054,0.8054
N_0_0,N_7_53,10,True,181.92256659112138,181.92256659112144,191.58000000000004,15.607800101861358,22.244760009925812,37.50839992426336,bidirectional_dijkstra,distance,graph_5000,3.46,2055,2055,2055,404,404,404,2459,2459,2459,-3.124594157060568e-14,0.0,10,mixed,42,0.4918,0.4918,0.4918
N_0_0,N_4_99,10,True,346.046398332055,346.046398332055,351.04999999999995,24.035800015553832,25.43604999082163,29.262900003232062,bidirectional_dijkstra,distance,graph_5000,3.46,2282,2282,2282,1532,1532,1532,3814,3814,3814,0.0,0.0,10,mixed,42,0.7628,0.7628,0.7628
N_0_0,N_48_53,10,True,263.2053108428022,263.20531084280213,240.93999999999997,17.32300000730902,17.95588000677526,19.047799985855818,bidirectional_dijkstra,distance,graph_5000,3.46,2028,2028,2028,812,812,812,2840,2840,2840,2.159660786432893e-14,0.0,10,mixed,42,0.568,0.568,0.568
N_0_0,N_45_99,10,True,406.01616368292594,406.016163682926,406.23,26.777599938213825,27.775479992851615,29.17280001565814,bidirectional_dijkstra,distance,graph_5000,3.46,2343,2343,2343,2106,2106,2106,4449,4449,4449,-1.400028470423145e-14,0.0,10,mixed,42,0.8898,0.8898,0.8898
N_0_0,N_9_99,10,True,364.70272029436677,364.70272029436677,371.92,26.247200090438128,27.262750000227243,28.756099985912442,a_star,distance,graph_5000,3.46,,,,,,,4506,4506,4506,0.0,28.31199998036027,10,mixed,42,0.9012,0.9012,0.9012
N_0_0,N_7_53,10,True,181.92256659112144,181.92256659112144,191.58000000000004,8.366000023670495,8.941690006759018,9.447699994780123,a_star,distance,graph_5000,3.46,,,,,,,1577,1577,1577,0.0,28.31199998036027,10,mixed,42,0.3154,0.3154,0.3154
N_0_0,N_4_99,10,True,346.046398332055,346.046398332055,351.04999999999995,24.382500094361603,25.68800001172349,26.955500012263656,a_star,distance,graph_5000,3.46,,,,,,,4290,4290,4290,0.0,28.31199998036027,10,mixed,42,0.858,0.858,0.858
N_0_0,N_48_53,10,True,263.20531084280213,263.20531084280213,240.93999999999997,18.090900033712387,18.67324000922963,19.359100027941167,a_star,distance,graph_5000,3.46,,,,,,,3089,3089,3089,0.0,28.31199998036027,10,mixed,42,0.6178,0.6178,0.6178
N_0_0,N_45_99,10,True,406.016163682926,406.016163682926,406.23,28.671600040979683,30.157920019701123,33.51670003030449,a_star,distance,graph_5000,3.46,,,,,,,4858,4858,4858,0.0,28.31199998036027,10,mixed,42,0.9716,0.9716,0.9716
N_0_0,N_9_99,10,True,419.5299999999999,392.22326651278695,419.5299999999999,26.466700015589595,27.235679992008954,28.533600037917495,a_star,time,graph_5000,3.46,,,,,,,4479,4479,4479,0.0,28.31199998036027,10,mixed,42,0.8958,0.8958,0.8958
N_0_0,N_7_53,10,True,229.68999999999997,204.3907571999845,229.68999999999997,8.791200001724064,9.433520003221929,10.033200029283762,a_star,time,graph_5000,3.46,,,,,,,1546,1546,1546,0.0,28.31199998036027,10,mixed,42,0.3092,0.3092,0.3092
N_0_0,N_4_99,10,True,408.83,395.8912643185798,408.83,25.241499999538064,27.01418000506237,36.999400006607175,a_star,time,graph_5000,3.46,,,,,,,4351,4351,4351,0.0,28.31199998036027,10,mixed,42,0.8702,0.8702,0.8702
N_0_0,N_48_53,10,True,305.71999999999997,271.07176097686136,305.71999999999997,16.982399974949658,17.445180006325245,18.044900032691658,a_star,time,graph_5000,3.46,,,,,,,2935,2935,2935,0.0,28.31199998036027,10,mixed,42,0.587,0.587,0.587
N_0_0,N_45_99,10,True,463.78,468.0171154603361,463.78,28.7860999815166,30.973150010686368,34.84780003782362,a_star,time,graph_5000,3.46,,,,,,,4880,4880,4880,0.0,28.31199998036027,10,mixed,42,0.976,0.976,0.976
N_0_0,N_9_99,10,True,364.70272029436677,364.70272029436677,371.92,10.405699955299497,11.060499981977046,12.130899936892092,a_star_alt,distance,graph_5000,3.46,,,,,,,1256,1256,1256,0.0,448.2988000381738,10,mixed,42,0.2512,0.2512,0.2512
N_0_0,N_7_53,10,True,181.92256659112144,181.92256659112144,191.58000000000004,2.4435999803245068,2.8237199876457453,3.3007999882102013,a_star_alt,distance,graph_5000,3.46,,,,,,,264,264,264,0.0,448.2988000381738,10,mixed,42,0.0528,0.0528,0.0528
N_0_0,N_4_99,10,True,346.046398332055,346.046398332055,351.04999999999995,9.985800017602742,11.00439999718219,11.97150000371039,a_star_alt,distance,graph_5000,3.46,,,,,,,1014,1014,1014,0.0,448.2988000381738,10,mixed,42,0.2028,0.2028,0.2028
N_0_0,N_48_53,10,True,263.20531084280213,263.20531084280213,240.93999999999997,0.7122999522835016,0.7613400113768876,0.9607000974938273,a_star_alt,distance,graph_5000,3.46,,,,,,,58,58,58,0.0,448.2988000381738,10,mixed,42,0.0116,0.0116,0.0116
N_0_0,N_45_99,10,True,406.016163682926,406.016163682926,406.23,1.288499915972352,1.3796300161629915,1.6294000670313835,a_star_alt,distance,graph_5000,3.46,,,,,,,96,96,96,0.0,448.2988000381738,10,mixed,42,0.0192,0.0192,0.0192
N_0_0,N_9_99,10,True,419.5299999999999,392.22326651278695,419.5299999999999,19.435899914242327,21.551239991094917,24.0257999394089,a_star_alt,time,graph_5000,3.46,,,,,,,2266,2266,2266,0.0,448.2988000381738,10,mixed,42,0.4532,0.4532,0.4532
N_0_0,N_7_53,10,True,229.68999999999997,204.3907571999845,229.68999999999997,4.004099988378584,4.498470004182309,5.337100010365248,a_star_alt,time,graph_5000,3.46,,,,,,,565,565,565,0.0,448.2988000381738,10,mixed,42,0.113,0.113,0.113
N_0_0,N_4_99,10,True,408.83,395.8912643185798,408.83,16.701500047929585,17.86828002659604,19.486900069750845,a_star_alt,time,graph_5000,3.46,,,,,,,1891,1891,1891,0.0,448.2988000381738,10,mixed,42,0.3782,0.3782,0.3782
N_0_0,N_48_53,10,True,305.71999999999997,271.07176097686136,305.71999999999997,10.582500020973384,11.336990003474057,12.303699972108006,a_star_alt,time,graph_5000,3.46,,,,,,,1086,1086,1086,0.0,448.2988000381738,10,mixed,42,0.2172,0.2172,0.2172
N_0_0,N_45_99,10,True,463.78,468.0171154603361,463.78,26.494599995203316,27.776590012945235,29.406100045889616,a_star_alt,time,graph_5000,3.46,,,,,,,2578,2578,2578,0.0,448.2988000381738,10,mixed,42,0.5156,0.5156,0.5156
N_0_0,N_9_99,10,True,364.70272029436677,364.70272029436677,371.92,26.067800004966557,26.833290013018996,27.591499965637922,weighted_a_star,distance,graph_5000,3.46,,,,,,,4496,4496,4496,0.0,0.001800013706088066,10,mixed,42,0.8992,0.8992,0.8992
N_0_0,N_7_53,10,True,181.92256659112144,181.92256659112144,191.58000000000004,8.073700009845197,8.748210011981428,9.555800002999604,weighted_a_star,distance,graph_5000,3.46,,,,,,,1544,1544,1544,0.0,0.001800013706088066,10,mixed,42,0.3088,0.3088,0.3088
N_0_0,N_4_99,10,True,346.046398332055,346.046398332055,351.04999999999995,25.06720006931573,28.094470023643225,34.18159997090697,weighted_a_star,distance,graph_5000,3.46,,,,,,,4270,4270,4270,0.0,0.001800013706088066,10,mixed,42,0.854,0.854,0.854
N_0_0,N_48_53,10,True,263.20531084280213,263.20531084280213,240.93999999999997,17.794699990190566,18.739810003899038,21.349500049836934,weighted_a_star,distance,graph_5000,3.46,,,,,,,3073,3073,3073,0.0,0.001800013706088066,10,mixed,42,0.6146,0.6146,0.6146
N_0_0,N_45_99,10,True,406.016163682926,406.016163682926,406.23,28.193800011649728,29.05980999348685,31.293899985030293,weighted_a_star,distance,graph_5000,3.46,,,,,,,4858,4858,4858,0.0,0.001800013706088066,10,mixed,42,0.9716,0.9716,0.9716
N_0_0,N_9_99,10,True,419.5299999999999,392.22326651278695,419.5299999999999,26.15360007621348,27.35269998665899,29.973099939525127,weighted_a_star,time,graph_5000,3.46,,,,,,,4458,4458,4458,0.0,0.001800013706088066,10,mixed,42,0.8916,0.8916,0.8916
N_0_0,N_7_53,10,True,229.68999999999997,204.3907571999845,229.68999999999997,7.6691999565809965,8.510030014440417,9.482500026933849,weighted_a_star,time,graph_5000,3.46,,,,,,,1500,1500,1500,0.0,0.001800013706088066,10,mixed,42,0.3,0.3,0.3
N_0_0,N_4_99,10,True,408.83,395.8912643185798,408.83,25.836599990725517,28.559959982521832,34.65970000252128,weighted_a_star,time,graph_5000,3.46,,,,,,,4315,4315,4315,0.0,0.001800013706088066,10,mixed,42,0.863,0.863,0.863
N_0_0,N_48_53,10,True,305.71999999999997,271.07176097686136,305.71999999999997,17.217199900187552,17.917670006863773,19.185699988156557,weighted_a_star,time,graph_5000,3.46,,,,,,,2891,2891,2891,0.0,0.001800013706088066,10,mixed,42,0.5782,0.5782,0.5782
N_0_0,N_45_99,10,True,463.78,468.0171154603361,463.78,28.437300003133714,30.76658999780193,35.65650002565235,weighted_a_star,time,graph_5000,3.46,,,,,,,4878,4878,4878,0.0,0.001800013706088066,10,mixed,42,0.9756,0.9756,0.9756
N_0_0,N_9_99,10,True,364.70272029436677,364.70272029436677,371.92,74.80679999571294,79.04646998504177,85.91340004932135,bidirectional_a_star,distance,graph_5000,3.46,4993,4993,4993,4587,4587,4587,9580,9580,9580,0.0,0.0,10,mixed,42,1.916,1.916,1.916
N_0_0,N_7_53,10,True,181.92256659112132,181.92256659112144,191.58000000000004,55.69800001103431,57.50076997792348,60.07160001900047,bidirectional_a_star,distance,graph_5000,3.46,4985,4985,4985,1722,1722,1722,6707,6707,6707,-6.249188314121136e-14,0.0,10,mixed,42,1.3414,1.3414,1.3414
N_0_0,N_4_99,10,True,346.04639833205493,346.046398332055,351.04999999999995,74.55479993950576,77.65773001592606,94.76000000722706,bidirectional_a_star,distance,graph_5000,3.46,4993,4993,4993,4378,4378,4378,9371,9371,9371,-1.6426530989715114e-14,0.0,10,mixed,42,1.8742,1.8742,1.8742
N_0_0,N_48_53,10,True,263.205310842802,263.20531084280213,240.93999999999997,63.696300028823316,66.34552999166772,70.69259998388588,bidirectional_a_star,distance,graph_5000,3.46,4981,4981,4981,3147,3147,3147,8128,8128,8128,-4.319321572865786e-14,0.0,10,mixed,42,1.6256,1.6256,1.6256
N_0_0,N_45_99,10,True,406.01616368292594,406.016163682926,406.23,75.33060002606362,78.11980999540538,86.02169994264841,bidirectional_a_star,distance,graph_5000,3.46,4991,4991,4991,4865,4865,4865,9856,9856,9856,-1.400028470423145e-14,0.0,10,mixed,42,1.9712,1.9712,1.9712
N_0_0,N_9_99,10,True,419.5299999999999,392.22326651278695,419.5299999999999,21.16630005184561,22.90686999913305,27.8558999998495,a_star_active_alt,time,graph_5000,3.46,,,,,,,2532,2532,2532,0.0,968.8013000413775,10,mixed,42,0.5064,0.5064,0.5064
N_0_0,N_7_53,10,True,229.68999999999997,204.3907571999845,229.68999999999997,3.8592000491917133,4.329319985117763,5.3987998981028795,a_star_active_alt,time,graph_5000,3.46,,,,,,,587,587,587,0.0,968.8013000413775,10,mixed,42,0.1174,0.1174,0.1174
N_0_0,N_4_99,10,True,408.83,395.8912643185798,408.83,16.299900016747415,17.056860006414354,18.425900023430586,a_star_active_alt,time,graph_5000,3.46,,,,,,,1926,1926,1926,0.0,968.8013000413775,10,mixed,42,0.3852,0.3852,0.3852
N_0_0,N_48_53,10,True,305.71999999999997,271.07176097686136,305.71999999999997,6.0162999434396625,6.782739993650466,8.052100078202784,a_star_active_alt,time,graph_5000,3.46,,,,,,,749,749,749,0.0,968.8013000413775,10,mixed,42,0.1498,0.1498,0.1498
N_0_0,N_45_99,10,True,463.78,468.0171154603361,463.78,25.128500070422888,26.510950014926493,29.09130009356886,a_star_active_alt,time,graph_5000,3.46,,,,,,,2578,2578,2578,0.0,968.8013000413775,10,mixed,42,0.5156,0.5156,0.5156
N_0_0,N_9_99,10,True,419.5299999999999,392.22326651278695,419.5299999999999,19.786000018939376,20.479250024072826,21.38689998537302,a_star_departure_alt,time,graph_5000,3.46,,,,,,,2266,2266,2266,0.0,232.60109999682754,10,mixed,42,0.4532,0.4532,0.4532
N_0_0,N_7_53,10,True,229.68999999999997,204.3907571999845,229.68999999999997,4.133999929763377,4.561949986964464,5.237899953499436,a_star_departure_alt,time,graph_5000,3.46,,,,,,,565,565,565,0.0,232.60109999682754,10,mixed,42,0.113,0.113,0.113
N_0_0,N_4_99,10,True,408.83,395.8912643185798,408.83,16.88859995920211,18.137499992735684,19.062699982896447,a_star_departure_alt,time,graph_5000,3.46,,,,,,,1891,1891,1891,0.0,232.60109999682754,10,mixed,42,0.3782,0.3782,0.3782
N_0_0,N_48_53,10,True,305.71999999999997,271.07176097686136,305.71999999999997,10.489099891856313,11.078149988316,11.816599988378584,a_star_departure_alt,time,graph_5000,3.46,,,,,,,1086,1086,1086,0.0,232.60109999682754,10,mixed,42,0.2172,0.2172,0.2172
N_0_0,N_45_99,10,True,463.78,468.0171154603361,463.78,27.211999986320734,28.388719994109124,31.209400040097535,a_star_departure_alt,time,graph_5000,3.46,,,,,,,2578,2578,2578,0.0,232.60109999682754,10,mixed,42,0.5156,0.5156,0.5156
N_0_0,N_9_99,10,True,419.5299999999999,392.22326651278695,419.5299999999999,20.49530006479472,21.13800998777151,22.232600022107363,dijkstra_contracted,time,graph_5000,3.46,,,,,,,4574,4574,4574,0.0,63.52690001949668,10,mixed,42,0.9148,0.9148,0.9148
N_0_0,N_7_53,10,True,229.68999999999997,204.3907571999845,229.68999999999997,6.955499993637204,7.380349992308766,8.129799971356988,dijkstra_contracted,time,graph_5000,3.46,,,,,,,1778,1778,1778,0.0,63.52690001949668,10,mixed,42,0.3556,0.3556,0.3556
N_0_0,N_4_99,10,True,408.83,395.8912643185798,408.83,19.06980003695935,20.49402998527512,21.375900018028915,dijkstra_contracted,time,graph_5000,3.46,,,,,,,4470,4470,4470,0.0,63.52690001949668,10,mixed,42,0.894,0.894,0.894
N_0_0,N_48_53,10,True,305.71999999999997,271.07176097686136,305.71999999999997,13.40709999203682,13.939370040316135,15.107500017620623,dijkstra_contracted,time,graph_5000,3.46,,,,,,,3071,3071,3071,0.0,63.52690001949668,10,mixed,42,0.6142,0.6142,0.6142
N_0_0,N_45_99,10,True,463.78,468.0171154603361,463.78,21.242199931293726,22.025730018503964,22.603499935939908,dijkstra_contracted,time,graph_5000,3.46,,,,,,,4889,4889,4889,0.0,63.52690001949668,10,mixed,42,0.9778,0.9778,0.9778
N_0_0,N_9_99,10,True,419.5299999999999,392.22326651278695,419.5299999999999,25.77870001550764,29.046819999348372,50.48600002191961,a_star_contracted,time,graph_5000,3.46,,,,,,,4479,4479,4479,0.0,0.003500026650726795,10,mixed,42,0.8958,0.8958,0.8958
N_0_0,N_7_53,10,True,229.68999999999997,204.3907571999845,229.68999999999997,8.189800078980625,9.108159993775189,10.196699993684888,a_star_contracted,time,graph_5000,3.46,,,,,,,1546,1546,1546,0.0,0.003500026650726795,10,mixed,42,0.3092,0.3092,0.3092
N_0_0,N_4_99,10,True,408.83,395.8912643185798,408.83,25.45989991631359,26.176140003371984,26.922599994577467,a_star_contracted,time,graph_5000,3.46,,,,,,,4351,4351,4351,0.0,0.003500026650726795,10,mixed,42,0.8702,0.8702,0.8702
N_0_0,N_48_53,10,True,305.71999999999997,271.07176097686136,305.71999999999997,17.137399991042912,17.576830030884594,18.417000072076917,a_star_contracted,time,graph_5000,3.46,,,,,,,2935,2935,2935,0.0,0.003500026650726795,10,mixed,42,0.587,0.587,0.587
N_0_0,N_45_99,10,True,463.78,468.0171154603361,463.78,28.253800002858043,29.81975000584498,31.922099995426834,a_star_contracted,time,graph_5000,3.46,,,,,,,4880,4880,4880,0.0,0.003500026650726795,10,mixed,42,0.976,0.976,0.976
N_0_0,N_9_99,10,True,419.5299999999999,392.22326651278695,419.5299999999999,8.623100002296269,9.064139996189624,10.135799995623529,bidirectional_time_a_star,time,graph_5000,3.46,,,,,,,1513,1513,1513,0.0,156.03549999650568,10,mixed,42,0.3026,0.3026,0.3026
N_0_0,N_7_53,10,True,229.68999999999997,204.3907571999845,229.68999999999997,1.5030000358819962,1.5623799990862608,1.6784999752417207,bidirectional_time_a_star,time,graph_5000,3.46,,,,,,,327,327,327,0.0,156.03549999650568,10,mixed,42,0.0654,0.0654,0.0654
N_0_0,N_4_99,10,True,408.83,395.8912643185798,408.83,7.105600088834763,7.9209000105038285,8.46320006530732,bidirectional_time_a_star,time,graph_5000,3.46,,,,,,,1330,1330,1330,0.0,156.03549999650568,10,mixed,42,0.266,0.266,0.266
N_0_0,N_48_53,10,True,305.71999999999997,271.07176097686136,305.71999999999997,2.3471000604331493,2.4980599991977215,2.932199975475669,bidirectional_time_a_star,time,graph_5000,3.46,,,,,,,476,476,476,0.0,156.03549999650568,10,mixed,42,0.0952,0.0952,0.0952
N_0_0,N_45_99,10,True,463.78,468.0171154603361,463.78,16.468699905090034,16.91267000278458,17.350099980831146,bidirectional_time_a_star,time,graph_5000,3.46,,,,,,,2578,2578,2578,0.0,156.03549999650568,10,mixed,42,0.5156,0.5156,0.5156
