start,goal,runs,path_found,total_cost,path_total_distance,path_total_travel_time,runtime_ms_min,runtime_ms_mean,runtime_ms_max,algorithm,cost_type,dataset,edge_node_ratio,expanded_backward_max,expanded_backward_mean,expanded_backward_min,expanded_forward_max,expanded_forward_mean,expanded_forward_min,expanded_nodes_max,expanded_nodes_mean,expanded_nodes_min,optimality_gap_pct,runs_per_pair,scenario,seed,stress_max,stress_mean,stress_min
N_0_0,N_9_4,10,True,77.66207597356299,77.66207597356299,69.61,0.28170004952698946,0.3001200035214424,0.410200038459152,dijkstra,distance,graph_100,2.96,,,,,,,89,89,89,0.0,10,realistic,42,0.89,0.89,0.89
N_0_0,N_8_9,10,True,61.260568609908226,61.260568609908226,48.35,0.22490002447739244,0.23079001111909747,0.24239998310804367,dijkstra,distance,graph_100,2.96,,,,,,,72,72,72,0.0,10,realistic,42,0.72,0.72,0.72
N_0_0,N_8_4,10,True,63.92608076063666,63.92608076063666,56.38999999999999,0.2510999911464751,0.36201999755576253,0.4116999916732311,dijkstra,distance,graph_100,2.96,,,,,,,75,75,75,0.0,10,realistic,42,0.75,0.75,0.75
N_0_0,N_7_9,10,True,71.37050414403728,71.37050414403728,53.96,0.36320002982392907,0.4808099940419197,0.596199999563396,dijkstra,distance,graph_100,2.96,,,,,,,84,84,84,0.0,10,realistic,42,0.84,0.84,0.84
N_0_0,N_7_4,10,True,67.18688941612662,67.18688941612662,63.8,0.4249999765306711,0.4331399919465184,0.4620999679900706,dijkstra,distance,graph_100,2.96,,,,,,,77,77,77,0.0,10,realistic,42,0.77,0.77,0.77
N_0_0,N_9_4,10,True,112.09999999999998,81.82937186062685,112.09999999999998,0.2772000152617693,0.30696000321768224,0.3659999929368496,dijkstra,time,graph_100,2.96,,,,,,,94,94,94,0.0,10,realistic,42,0.94,0.94,0.94
N_0_0,N_8_9,10,True,78.32,61.260568609908226,78.32,0.18010003259405494,0.3144599962979555,0.5110999918542802,dijkstra,time,graph_100,2.96,,,,,,,60,60,60,0.0,10,realistic,42,0.6,0.6,0.6
N_0_0,N_8_4,10,True,91.25,66.32433798429471,91.25,0.22350001381710172,0.2632600022479892,0.47149998135864735,dijkstra,time,graph_100,2.96,,,,,,,77,77,77,0.0,10,realistic,42,0.77,0.77,0.77
N_0_0,N_7_9,10,True,85.89999999999999,71.37050414403728,85.89999999999999,0.21189998369663954,0.26413999148644507,0.34610001603141427,dijkstra,time,graph_100,2.96,,,,,,,71,71,71,0.0,10,realistic,42,0.71,0.71,0.71
N_0_0,N_7_4,10,True,106.31,69.58514663978468,106.31,0.2581999870017171,0.40128000546246767,0.8095999946817756,dijkstra,time,graph_100,2.96,,,,,,,87,87,87,0.0,10,realistic,42,0.87,0.87,0.87
N_0_0,N_9_4,10,True,77.66207597356299,77.66207597356299,69.61,0.3347000456415117,0.5638000031467527,0.9836000390350819,bidirectional_dijkstra,distance,graph_100,2.96,34,34,34,34,34,34,68,68,68,0.0,10,realistic,42,0.68,0.68,0.68
N_0_0,N_8_9,10,True,61.260568609908226,61.260568609908226,48.35,0.2668999950401485,0.31264001154340804,0.4059000057168305,bidirectional_dijkstra,distance,graph_100,2.96,25,25,25,29,29,29,54,54,54,0.0,10,realistic,42,0.54,0.54,0.54
N_0_0,N_8_4,10,True,63.92608076063666,63.92608076063666,56.38999999999999,0.3281999961473048,0.44274000683799386,0.7480000494979322,bidirectional_dijkstra,distance,graph_100,2.96,36,36,36,29,29,29,65,65,65,0.0,10,realistic,42,0.65,0.65,0.65
N_0_0,N_7_9,10,True,71.37050414403728,71.37050414403728,53.96,0.3009000211022794,0.36348000285215676,0.43890002416446805,bidirectional_dijkstra,distance,graph_100,2.96,17,17,17,31,31,31,48,48,48,0.0,10,realistic,42,0.48,0.48,0.48
N_0_0,N_7_4,10,True,67.18688941612662,67.18688941612662,63.8,0.3449000068940222,0.5474800011143088,1.0659000254236162,bidirectional_dijkstra,distance,graph_100,2.96,37,37,37,30,30,30,67,67,67,0.0,10,realistic,42,0.67,0.67,0.67
N_0_0,N_9_4,10,True,77.66207597356299,77.66207597356299,69.61,0.5237000295892358,0.7222700107377023,1.1140000424347818,a_star,distance,graph_100,2.96,,,,,,,89,89,89,0.0,10,realistic,42,0.89,0.89,0.89
N_0_0,N_8_9,10,True,61.260568609908226,61.260568609908226,48.35,0.3867000341415405,0.499330012826249,0.6642999942414463,a_star,distance,graph_100,2.96,,,,,,,68,68,68,0.0,10,realistic,42,0.68,0.68,0.68
N_0_0,N_8_4,10,True,63.92608076063666,63.92608076063666,56.38999999999999,0.43100002221763134,0.521229999139905,0.6208000122569501,a_star,distance,graph_100,2.96,,,,,,,74,74,74,0.0,10,realistic,42,0.74,0.74,0.74
N_0_0,N_7_9,10,True,71.37050414403728,71.37050414403728,53.96,0.5389000289142132,0.7020000135526061,1.005200028885156,a_star,distance,graph_100,2.96,,,,,,,84,84,84,0.0,10,realistic,42,0.84,0.84,0.84
N_0_0,N_7_4,10,True,67.18688941612662,67.18688941612662,63.8,0.46529999235644937,0.5188099923543632,0.6579000037163496,a_star,distance,graph_100,2.96,,,,,,,77,77,77,0.0,10,realistic,42,0.77,0.77,0.77
N_0_0,N_9_4,10,True,112.09999999999998,81.82937186062685,112.09999999999998,0.4955000476911664,0.6450700049754232,0.9818999678827822,a_star,time,graph_100,2.96,,,,,,,93,93,93,0.0,10,realistic,42,0.93,0.93,0.93
N_0_0,N_8_9,10,True,78.32,61.260568609908226,78.32,0.3190000425092876,0.4892299941275269,0.7289999630302191,a_star,time,graph_100,2.96,,,,,,,56,56,56,0.0,10,realistic,42,0.56,0.56,0.56
N_0_0,N_8_4,10,True,91.25,66.32433798429471,91.25,0.4059999482706189,0.48418999649584293,0.5707999807782471,a_star,time,graph_100,2.96,,,,,,,75,75,75,0.0,10,realistic,42,0.75,0.75,0.75
N_0_0,N_7_9,10,True,85.89999999999999,71.37050414403728,85.89999999999999,0.36830001045018435,0.4150999942794442,0.519299996085465,a_star,time,graph_100,2.96,,,,,,,66,66,66,0.0,10,realistic,42,0.66,0.66,0.66
N_0_0,N_7_4,10,True,106.31,69.58514663978468,106.31,0.48049999168142676,0.5841700010932982,0.8002000395208597,a_star,time,graph_100,2.96,,,,,,,85,85,85,0.0,10,realistic,42,0.85,0.85,0.85
N_0_0,N_9_4,10,True,77.66207597356299,77.66207597356299,69.61,0.25429995730519295,0.3100600035395473,0.431500026024878,a_star_alt,distance,graph_100,2.96,,,,,,,39,39,39,0.0,10,realistic,42,0.39,0.39,0.39
N_0_0,N_8_9,10,True,61.260568609908226,61.260568609908226,48.35,0.1748999929986894,0.18307999707758427,0.2001000102609396,a_star_alt,distance,graph_100,2.96,,,,,,,27,27,27,0.0,10,realistic,42,0.27,0.27,0.27
N_0_0,N_8_4,10,True,63.92608076063666,63.92608076063666,56.38999999999999,0.1674999948590994,0.189950002823025,0.26570004411041737,a_star_alt,distance,graph_100,2.96,,,,,,,26,26,26,0.0,10,realistic,42,0.26,0.26,0.26
N_0_0,N_7_9,10,True,71.37050414403728,71.37050414403728,53.96,0.23200002033263445,0.333660002797842,0.48480002442374825,a_star_alt,distance,graph_100,2.96,,,,,,,34,34,34,0.0,10,realistic,42,0.34,0.34,0.34
N_0_0,N_7_4,10,True,67.18688941612662,67.18688941612662,63.8,0.26220001745969057,0.350689998595044,0.4116999916732311,a_star_alt,distance,graph_100,2.96,,,,,,,38,38,38,0.0,10,realistic,42,0.38,0.38,0.38
N_0_0,N_9_4,10,True,112.09999999999998,81.82937186062685,112.09999999999998,0.4668000037781894,0.553959998069331,0.9187000105157495,a_star_alt,time,graph_100,2.96,,,,,,,70,70,70,0.0,10,realistic,42,0.7,0.7,0.7
N_0_0,N_8_9,10,True,78.32,61.260568609908226,78.32,0.22200000239536166,0.24321999517269433,0.3132999991066754,a_star_alt,time,graph_100,2.96,,,,,,,35,35,35,0.0,10,realistic,42,0.35,0.35,0.35
N_0_0,N_8_4,10,True,91.25,66.32433798429471,91.25,0.29610004276037216,0.3128400130663067,0.3649999853223562,a_star_alt,time,graph_100,2.96,,,,,,,45,45,45,0.0,10,realistic,42,0.45,0.45,0.45
N_0_0,N_7_9,10,True,85.89999999999999,71.37050414403728,85.89999999999999,0.2511999919079244,0.315460009733215,0.6021000444889069,a_star_alt,time,graph_100,2.96,,,,,,,39,39,39,0.0,10,realistic,42,0.39,0.39,0.39
N_0_0,N_7_4,10,True,106.31,69.58514663978468,106.31,0.43429998913779855,0.5371799983549863,0.721300020813942,a_star_alt,time,graph_100,2.96,,,,,,,64,64,64,0.0,10,realistic,42,0.64,0.64,0.64
N_0_0,N_9_4,10,True,77.66207597356299,77.66207597356299,69.61,0.43839996214956045,0.5571299931034446,0.7453999714925885,weighted_a_star,distance,graph_100,2.96,,,,,,,89,89,89,0.0,10,realistic,42,0.89,0.89,0.89
N_0_0,N_8_9,10,True,61.260568609908226,61.260568609908226,48.35,0.33380003878846765,0.41515000630170107,0.6143000209704041,weighted_a_star,distance,graph_100,2.96,,,,,,,68,68,68,0.0,10,realistic,42,0.68,0.68,0.68
N_0_0,N_8_4,10,True,63.92608076063666,63.92608076063666,56.38999999999999,0.5059000104665756,0.5860700039193034,0.6835000240243971,weighted_a_star,distance,graph_100,2.96,,,,,,,72,72,72,0.0,10,realistic,42,0.72,0.72,0.72
N_0_0,N_7_9,10,True,71.37050414403728,71.37050414403728,53.96,0.5546000320464373,0.8492900058627129,1.4059999957680702,weighted_a_star,distance,graph_100,2.96,,,,,,,82,82,82,0.0,10,realistic,42,0.82,0.82,0.82
N_0_0,N_7_4,10,True,67.18688941612662,67.18688941612662,63.8,0.4770000232383609,0.5433499929495156,0.7009999826550484,weighted_a_star,distance,graph_100,2.96,,,,,,,77,77,77,0.0,10,realistic,42,0.77,0.77,0.77
N_0_0,N_9_4,10,True,112.09999999999998,81.82937186062685,112.09999999999998,0.6723999977111816,0.9749399905558676,1.46240001777187,weighted_a_star,time,graph_100,2.96,,,,,,,93,93,93,0.0,10,realistic,42,0.93,0.93,0.93
N_0_0,N_8_9,10,True,78.32,61.260568609908226,78.32,0.33179996535182,0.5354199965950102,0.9169999975711107,weighted_a_star,time,graph_100,2.96,,,,,,,56,56,56,0.0,10,realistic,42,0.56,0.56,0.56
N_0_0,N_8_4,10,True,91.25,66.32433798429471,91.25,0.4007999668829143,0.5084700009319931,0.7469999836757779,weighted_a_star,time,graph_100,2.96,,,,,,,73,73,73,0.0,10,realistic,42,0.73,0.73,0.73
N_0_0,N_7_9,10,True,85.89999999999999,71.37050414403728,85.89999999999999,0.3573000431060791,0.43172999867238104,0.5529000191017985,weighted_a_star,time,graph_100,2.96,,,,,,,64,64,64,0.0,10,realistic,42,0.64,0.64,0.64
N_0_0,N_7_4,10,True,106.31,69.58514663978468,106.31,0.4627000307664275,0.5624900048132986,0.8023999980650842,weighted_a_star,time,graph_100,2.96,,,,,,,85,85,85,0.0,10,realistic,42,0.85,0.85,0.85
N_0_0,N_9_4,10,True,77.66207597356299,77.66207597356299,69.61,1.3945999671705067,2.265949995489791,3.7807999760843813,bidirectional_a_star,distance,graph_100,2.96,98,98,98,88,88,88,186,186,186,0.0,10,realistic,42,1.86,1.86,1.86
N_0_0,N_8_9,10,True,61.26056860990822,61.260568609908226,48.35,1.1017000069841743,1.4554900000803173,2.256699954159558,bidirectional_a_star,distance,graph_100,2.96,85,85,85,71,71,71,156,156,156,-1.1598696386327332e-14,10,realistic,42,1.56,1.56,1.56
N_0_0,N_8_4,10,True,63.92608076063665,63.92608076063666,56.38999999999999,1.2555000139400363,1.5738399990368634,1.9961000070907176,bidirectional_a_star,distance,graph_100,2.96,96,96,96,74,74,74,170,170,170,-1.1115068017710018e-14,10,realistic,42,1.7,1.7,1.7
N_0_0,N_7_9,10,True,71.37050414403727,71.37050414403728,53.96,1.2611999991349876,2.050519996555522,3.8107000291347504,bidirectional_a_star,distance,graph_100,2.96,85,85,85,83,83,83,168,168,168,-1.991138340079844e-14,10,realistic,42,1.68,1.68,1.68
N_0_0,N_7_4,10,True,67.18688941612662,67.18688941612662,63.8,1.5875000390224159,2.0888800150714815,3.177700040396303,bidirectional_a_star,distance,graph_100,2.96,98,98,98,76,76,76,174,174,174,0.0,10,realistic,42,1.74,1.74,1.74
N_0_0,N_9_4,10,True,112.09999999999998,81.82937186062685,112.09999999999998,0.5968999466858804,0.7810400042217225,0.9875000105239451,a_star_active_alt,time,graph_100,2.96,,,,,,,70,70,70,0.0,10,realistic,42,0.7,0.7,0.7
N_0_0,N_8_9,10,True,78.32,61.260568609908226,78.32,0.46449998626485467,0.48815999762155116,0.520200002938509,a_star_active_alt,time,graph_100,2.96,,,,,,,38,38,38,0.0,10,realistic,42,0.38,0.38,0.38
N_0_0,N_8_4,10,True,91.25,66.32433798429471,91.25,0.43509999522939324,0.6569199962541461,0.908499991055578,a_star_active_alt,time,graph_100,2.96,,,,,,,47,47,47,0.0,10,realistic,42,0.47,0.47,0.47
N_0_0,N_7_9,10,True,85.89999999999999,71.37050414403728,85.89999999999999,0.33330003498122096,0.379879999672994,0.5006999708712101,a_star_active_alt,time,graph_100,2.96,,,,,,,44,44,44,0.0,10,realistic,42,0.44,0.44,0.44
N_0_0,N_7_4,10,True,106.31,69.58514663978468,106.31,0.5161999724805355,0.5642600008286536,0.6343999993987381,a_star_active_alt,time,graph_100,2.96,,,,,,,78,78,78,0.0,10,realistic,42,0.78,0.78,0.78
N_0_0,N_9_4,10,True,112.09999999999998,81.82937186062685,112.09999999999998,0.5954999942332506,0.8336300088558346,1.296199974603951,a_star_departure_alt,time,graph_100,2.96,,,,,,,70,70,70,0.0,10,realistic,42,0.7,0.7,0.7
N_0_0,N_8_9,10,True,78.32,61.260568609908226,78.32,0.31539995688945055,0.4048299917485565,0.5163000314496458,a_star_departure_alt,time,graph_100,2.96,,,,,,,35,35,35,0.0,10,realistic,42,0.35,0.35,0.35
N_0_0,N_8_4,10,True,91.25,66.32433798429471,91.25,0.3787999739870429,0.3917100024409592,0.4428999964147806,a_star_departure_alt,time,graph_100,2.96,,,,,,,45,45,45,0.0,10,realistic,42,0.45,0.45,0.45
N_0_0,N_7_9,10,True,85.89999999999999,71.37050414403728,85.89999999999999,0.3302000113762915,0.39764000102877617,0.6743999547325075,a_star_departure_alt,time,graph_100,2.96,,,,,,,39,39,39,0.0,10,realistic,42,0.39,0.39,0.39
N_0_0,N_7_4,10,True,106.31,69.58514663978468,106.31,0.41009997949004173,0.6073399970773607,1.0970000294037163,a_star_departure_alt,time,graph_100,2.96,,,,,,,64,64,64,0.0,10,realistic,42,0.64,0.64,0.64
N_0_0,N_9_4,10,True,112.09999999999998,81.82937186062685,112.09999999999998,0.2712999703362584,0.34349000197835267,0.5312999710440636,dijkstra_contracted,time,graph_100,2.96,,,,,,,94,94,94,0.0,10,realistic,42,0.94,0.94,0.94
N_0_0,N_8_9,10,True,78.32,61.260568609908226,78.32,0.17340003978461027,0.20700999884866178,0.30800001695752144,dijkstra_contracted,time,graph_100,2.96,,,,,,,60,60,60,0.0,10,realistic,42,0.6,0.6,0.6
N_0_0,N_8_4,10,True,91.25,66.32433798429471,91.25,0.23040000814944506,0.27826999430544674,0.2999999560415745,dijkstra_contracted,time,graph_100,2.96,,,,,,,77,77,77,0.0,10,realistic,42,0.77,0.77,0.77
N_0_0,N_7_9,10,True,85.89999999999999,71.37050414403728,85.89999999999999,0.27009996119886637,0.2781399991363287,0.30230003176257014,dijkstra_contracted,time,graph_100,2.96,,,,,,,71,71,71,0.0,10,realistic,42,0.71,0.71,0.71
N_0_0,N_7_4,10,True,106.31,69.58514663978468,106.31,0.34879997838288546,0.36145999911241233,0.42970001231878996,dijkstra_contracted,time,graph_100,2.96,,,,,,,87,87,87,0.0,10,realistic,42,0.87,0.87,0.87
N_0_0,N_9_4,10,True,112.09999999999998,81.82937186062685,112.09999999999998,0.5744000081904233,0.6548799923621118,1.212499977555126,a_star_contracted,time,graph_100,2.96,,,,,,,93,93,93,0.0,10,realistic,42,0.93,0.93,0.93
N_0_0,N_8_9,10,True,78.32,61.260568609908226,78.32,0.3766999579966068,0.3901400079485029,0.4042000509798527,a_star_contracted,time,graph_100,2.96,,,,,,,56,56,56,0.0,10,realistic,42,0.56,0.56,0.56
N_0_0,N_8_4,10,True,91.25,66.32433798429471,91.25,0.5233000265434384,0.6298300053458661,0.9186000097543001,a_star_contracted,time,graph_100,2.96,,,,,,,75,75,75,0.0,10,realistic,42,0.75,0.75,0.75
N_0_0,N_7_9,10,True,85.89999999999999,71.37050414403728,85.89999999999999,0.30690000858157873,0.659439992159605,0.9801000123843551,a_star_contracted,time,graph_100,2.96,,,,,,,66,66,66,0.0,10,realistic,42,0.66,0.66,0.66
N_0_0,N_7_4,10,True,106.31,69.58514663978468,106.31,0.3474999684840441,0.3996400104369968,0.47990004532039165,a_star_contracted,time,graph_100,2.96,,,,,,,85,85,85,0.0,10,realistic,42,0.85,0.85,0.85
N_0_0,N_9_4,10,True,112.09999999999998,81.82937186062685,112.09999999999998,0.2701000194065273,0.3392999991774559,0.49459998263046145,bidirectional_time_a_star,time,graph_100,2.96,,,,,,,70,70,70,0.0,10,realistic,42,0.7,0.7,0.7
N_0_0,N_8_9,10,True,78.32,61.260568609908226,78.32,0.19109999993816018,0.29525000718422234,0.4887999966740608,bidirectional_time_a_star,time,graph_100,2.96,,,,,,,31,31,31,0.0,10,realistic,42,0.31,0.31,0.31
N_0_0,N_8_4,10,True,91.25,66.32433798429471,91.25,0.23110001347959042,0.3136300016194582,0.4254999803379178,bidirectional_time_a_star,time,graph_100,2.96,,,,,,,34,34,34,0.0,10,realistic,42,0.34,0.34,0.34
N_0_0,N_7_9,10,True,85.89999999999999,71.37050414403728,85.89999999999999,0.18919998547062278,0.21226999233476818,0.30889996560290456,bidirectional_time_a_star,time,graph_100,2.96,,,,,,,33,33,33,0.0,10,realistic,42,0.33,0.33,0.33
N_0_0,N_7_4,10,True,106.31,69.58514663978468,106.31,0.31370000215247273,0.3617399954237044,0.45849999878555536,bidirectional_time_a_star,time,graph_100,2.96,,,,,,,60,60,60,0.0,10,realistic,42,0.6,0.6,0.6
N_0_0,N_9_9,10,True,35.62264361394225,35.62264361394225,46.17,0.5129000055603683,0.7257200079038739,1.0771999950520694,dijkstra,distance,graph_1000,3.47,,,,,,,102,102,102,0.0,10,mixed,42,0.102,0.102,0.102
N_0_0,N_7_26,10,True,108.7721995272672,108.7721995272672,115.57999999999998,4.4519000221043825,7.396670011803508,11.407399957533926,dijkstra,distance,graph_1000,3.47,,,,,,,782,782,782,0.0,10,mixed,42,0.782,0.782,0.782
N_0_0,N_6_17,10,True,51.37845019103772,51.37845019103772,59.58999999999999,1.0160999954678118,1.4433800126425922,1.9688000320456922,dijkstra,distance,graph_1000,3.47,,,,,,,196,196,196,0.0,10,mixed,42,0.196,0.196,0.196
N_0_0,N_4_9,10,True,35.187506403343896,35.187506403343896,38.13000000000001,0.4841999616473913,0.6866100011393428,0.9321999968960881,dijkstra,distance,graph_1000,3.47,,,,,,,97,97,97,0.0,10,mixed,42,0.097,0.097,0.097
N_0_0,N_3_35,10,True,118.91098527865647,118.91098527865647,133.20999999999998,6.26280001597479,8.068550005555153,10.367000009864569,dijkstra,distance,graph_1000,3.47,,,,,,,878,878,878,0.0,10,mixed,42,0.878,0.878,0.878
N_0_0,N_9_9,10,True,76.7,57.30337913185885,76.7,0.6108999950811267,0.6790999963413924,0.9630999993532896,dijkstra,time,graph_1000,3.47,,,,,,,159,159,159,0.0,10,mixed,42,0.159,0.159,0.159
N_0_0,N_7_26,10,True,167.78000000000003,148.16130608464837,167.78000000000003,5.187000031583011,7.47453001094982,9.334400005172938,dijkstra,time,graph_1000,3.47,,,,,,,805,805,805,0.0,10,mixed,42,0.805,0.805,0.805
N_0_0,N_6_17,10,True,97.05000000000001,76.73254237675977,97.05000000000001,1.145699992775917,1.6250399989075959,2.5036000297404826,dijkstra,time,graph_1000,3.47,,,,,,,265,265,265,0.0,10,mixed,42,0.265,0.265,0.265
N_0_0,N_4_9,10,True,53.05,43.71177477561322,53.05,0.4336999845691025,0.46827999758534133,0.5385000258684158,dijkstra,time,graph_1000,3.47,,,,,,,92,92,92,0.0,10,mixed,42,0.092,0.092,0.092
N_0_0,N_3_35,10,True,169.83,154.4113588408451,169.83,4.963300016243011,6.808749993797392,8.958999998867512,dijkstra,time,graph_1000,3.47,,,,,,,821,821,821,0.0,10,mixed,42,0.821,0.821,0.821
N_0_0,N_9_9,10,True,35.622643613942245,35.62264361394225,46.17,0.2838000073097646,0.36064000451005995,1.0136999771930277,bidirectional_dijkstra,distance,graph_1000,3.47,24,24,24,39,39,39,63,63,63,-1.994637858606324e-14,10,mixed,42,0.063,0.063,0.063
N_0_0,N_7_26,10,True,108.77219952726719,108.7721995272672,115.57999999999998,2.5942999636754394,3.063069994095713,4.13080002181232,bidirectional_dijkstra,distance,graph_1000,3.47,247,247,247,217,217,217,464,464,464,-1.306478565016018e-14,10,mixed,42,0.464,0.464,0.464
N_0_0,N_6_17,10,True,51.378450191037714,51.37845019103772,59.58999999999999,0.9396999957971275,1.0993800009600818,1.3015000149607658,bidirectional_dijkstra,distance,graph_1000,3.47,113,113,113,63,63,63,176,176,176,-1.3829586784306016e-14,10,mixed,42,0.176,0.176,0.176
N_0_0,N_4_9,10,True,35.18750640334389,35.187506403343896,38.13000000000001,0.4889999981969595,0.5130499950610101,0.6161999772302806,bidirectional_dijkstra,distance,graph_1000,3.47,59,59,59,39,39,39,98,98,98,-2.0193040325601953e-14,10,mixed,42,0.098,0.098,0.098
N_0_0,N_3_35,10,True,118.91098527865645,118.91098527865647,133.20999999999998,3.973199985921383,4.679070005659014,6.753000023309141,bidirectional_dijkstra,distance,graph_1000,3.47,364,364,364,261,261,261,625,625,625,-1.1950834215947527e-14,10,mixed,42,0.625,0.625,0.625
N_0_0,N_9_9,10,True,35.62264361394225,35.62264361394225,46.17,0.5670999526046216,0.7178700005169958,1.1082999990321696,a_star,distance,graph_1000,3.47,,,,,,,94,94,94,0.0,10,mixed,42,0.094,0.094,0.094
N_0_0,N_7_26,10,True,108.7721995272672,108.7721995272672,115.57999999999998,5.253999959677458,6.839409994427115,9.866099979262799,a_star,distance,graph_1000,3.47,,,,,,,758,758,758,0.0,10,mixed,42,0.758,0.758,0.758
N_0_0,N_6_17,10,True,51.37845019103772,51.37845019103772,59.58999999999999,1.1264000204391778,1.396590011427179,2.0992999779991806,a_star,distance,graph_1000,3.47,,,,,,,178,178,178,0.0,10,mixed,42,0.178,0.178,0.178
N_0_0,N_4_9,10,True,35.187506403343896,35.187506403343896,38.13000000000001,0.5819000070914626,0.616049999371171,0.7316999835893512,a_star,distance,graph_1000,3.47,,,,,,,95,95,95,0.0,10,mixed,42,0.095,0.095,0.095
N_0_0,N_3_35,10,True,118.91098527865647,118.91098527865647,133.20999999999998,7.383200048934668,11.893310002051294,17.23090000450611,a_star,distance,graph_1000,3.47,,,,,,,859,859,859,0.0,10,mixed,42,0.859,0.859,0.859
N_0_0,N_9_9,10,True,76.7,57.30337913185885,76.7,1.1875000200234354,1.40912999631837,1.6460000188089907,a_star,time,graph_1000,3.47,,,,,,,150,150,150,0.0,10,mixed,42,0.15,0.15,0.15
N_0_0,N_7_26,10,True,167.78000000000003,148.16130608464837,167.78000000000003,6.043300032615662,7.84692001179792,9.53120004851371,a_star,time,graph_1000,3.47,,,,,,,774,774,774,0.0,10,mixed,42,0.774,0.774,0.774
N_0_0,N_6_17,10,True,97.05000000000001,76.73254237675977,97.05000000000001,1.3112000306136906,2.216330007649958,4.429200023878366,a_star,time,graph_1000,3.47,,,,,,,243,243,243,0.0,10,mixed,42,0.243,0.243,0.243
N_0_0,N_4_9,10,True,53.05,43.71177477561322,53.05,0.4475000314414501,0.5367499950807542,0.784299976658076,a_star,time,graph_1000,3.47,,,,,,,86,86,86,0.0,10,mixed,42,0.086,0.086,0.086
N_0_0,N_3_35,10,True,169.83,154.4113588408451,169.83,5.7708999956958,8.499930007383227,12.188400025479496,a_star,time,graph_1000,3.47,,,,,,,789,789,789,0.0,10,mixed,42,0.789,0.789,0.789
N_0_0,N_9_9,10,True,35.62264361394225,35.62264361394225,46.17,0.6784999859519303,0.7985099975485355,1.1526999878697097,a_star_alt,distance,graph_1000,3.47,,,,,,,49,49,49,0.0,10,mixed,42,0.049,0.049,0.049
N_0_0,N_7_26,10,True,108.7721995272672,108.7721995272672,115.57999999999998,3.4362999722361565,4.922530008479953,8.127400011289865,a_star_alt,distance,graph_1000,3.47,,,,,,,267,267,267,0.0,10,mixed,42,0.267,0.267,0.267
N_0_0,N_6_17,10,True,51.37845019103772,51.37845019103772,59.58999999999999,1.0222999844700098,1.529879990266636,2.1507999626919627,a_star_alt,distance,graph_1000,3.47,,,,,,,97,97,97,0.0,10,mixed,42,0.097,0.097,0.097
N_0_0,N_4_9,10,True,35.187506403343896,35.187506403343896,38.13000000000001,0.5255999858491123,0.947909994283691,2.133100002538413,a_star_alt,distance,graph_1000,3.47,,,,,,,61,61,61,0.0,10,mixed,42,0.061,0.061,0.061
N_0_0,N_3_35,10,True,118.91098527865647,118.91098527865647,133.20999999999998,3.663300012703985,5.391560000134632,9.062199969775975,a_star_alt,distance,graph_1000,3.47,,,,,,,288,288,288,0.0,10,mixed,42,0.288,0.288,0.288
N_0_0,N_9_9,10,True,76.7,57.30337913185885,76.7,0.9744999697431922,1.3576699886471033,2.113899972755462,a_star_alt,time,graph_1000,3.47,,,,,,,115,115,115,0.0,10,mixed,42,0.115,0.115,0.115
N_0_0,N_7_26,10,True,167.78000000000003,148.16130608464837,167.78000000000003,5.034299974795431,7.468579988926649,10.100199957378209,a_star_alt,time,graph_1000,3.47,,,,,,,454,454,454,0.0,10,mixed,42,0.454,0.454,0.454
N_0_0,N_6_17,10,True,97.05000000000001,76.73254237675977,97.05000000000001,1.4486999716609716,2.3793799919076264,4.567899974063039,a_star_alt,time,graph_1000,3.47,,,,,,,175,175,175,0.0,10,mixed,42,0.175,0.175,0.175
N_0_0,N_4_9,10,True,53.05,43.71177477561322,53.05,0.4236000240780413,0.5059700168203562,0.7682000286877155,a_star_alt,time,graph_1000,3.47,,,,,,,52,52,52,0.0,10,mixed,42,0.052,0.052,0.052
N_0_0,N_3_35,10,True,169.83,154.4113588408451,169.83,3.096100001130253,4.853020003065467,8.311200013849884,a_star_alt,time,graph_1000,3.47,,,,,,,349,349,349,0.0,10,mixed,42,0.349,0.349,0.349
N_0_0,N_9_9,10,True,35.62264361394225,35.62264361394225,46.17,0.8103000000119209,0.9258799953386188,1.0207999730482697,weighted_a_star,distance,graph_1000,3.47,,,,,,,94,94,94,0.0,10,mixed,42,0.094,0.094,0.094
N_0_0,N_7_26,10,True,108.7721995272672,108.7721995272672,115.57999999999998,4.8121000290848315,6.455040007131174,8.58889997471124,weighted_a_star,distance,graph_1000,3.47,,,,,,,751,751,751,0.0,10,mixed,42,0.751,0.751,0.751
N_0_0,N_6_17,10,True,51.37845019103772,51.37845019103772,59.58999999999999,0.9354000212624669,1.2067999981809407,1.6819000011309981,weighted_a_star,distance,graph_1000,3.47,,,,,,,177,177,177,0.0,10,mixed,42,0.177,0.177,0.177
N_0_0,N_4_9,10,True,35.187506403343896,35.187506403343896,38.13000000000001,0.4838000168092549,0.5024900019634515,0.548599986359477,weighted_a_star,distance,graph_1000,3.47,,,,,,,92,92,92,0.0,10,mixed,42,0.092,0.092,0.092
N_0_0,N_3_35,10,True,118.91098527865647,118.91098527865647,133.20999999999998,5.596200004220009,6.660010002087802,7.707500015385449,weighted_a_star,distance,graph_1000,3.47,,,,,,,853,853,853,0.0,10,mixed,42,0.853,0.853,0.853
N_0_0,N_9_9,10,True,76.7,57.30337913185885,76.7,0.7480999920517206,0.8688100089784712,1.246800005901605,weighted_a_star,time,graph_1000,3.47,,,,,,,149,149,149,0.0,10,mixed,42,0.149,0.149,0.149
N_0_0,N_7_26,10,True,167.78000000000003,148.16130608464837,167.78000000000003,5.680600006598979,6.7806500068400055,7.772900047712028,weighted_a_star,time,graph_1000,3.47,,,,,,,768,768,768,0.0,10,mixed,42,0.768,0.768,0.768
N_0_0,N_6_17,10,True,97.05000000000001,76.73254237675977,97.05000000000001,1.3283000444062054,2.0532900118269026,4.415600036736578,weighted_a_star,time,graph_1000,3.47,,,,,,,236,236,236,0.0,10,mixed,42,0.236,0.236,0.236
N_0_0,N_4_9,10,True,53.05,43.71177477561322,53.05,0.43940002797171474,0.5735099955927581,1.0963999666273594,weighted_a_star,time,graph_1000,3.47,,,,,,,85,85,85,0.0,10,mixed,42,0.085,0.085,0.085
N_0_0,N_3_35,10,True,169.83,154.4113588408451,169.83,5.753600038588047,10.038749995874241,16.991399985272437,weighted_a_star,time,graph_1000,3.47,,,,,,,781,781,781,0.0,10,mixed,42,0.781,0.781,0.781
N_0_0,N_9_9,10,True,35.62264361394224,35.62264361394225,46.17,1.6694000223651528,3.39181000017561,6.154800008516759,bidirectional_a_star,distance,graph_1000,3.47,155,155,155,101,101,101,256,256,256,-3.989275717212648e-14,10,mixed,42,0.256,0.256,0.256
N_0_0,N_7_26,10,True,108.77219952726719,108.7721995272672,115.57999999999998,19.347099994774908,25.90240001445636,35.76559998327866,bidirectional_a_star,distance,graph_1000,3.47,953,953,953,781,781,781,1734,1734,1734,-1.306478565016018e-14,10,mixed,42,1.734,1.734,1.734
N_0_0,N_6_17,10,True,51.378450191037714,51.37845019103772,59.58999999999999,8.665300032589585,13.309880008455366,17.66489999135956,bidirectional_a_star,distance,graph_1000,3.47,636,636,636,195,195,195,831,831,831,-1.3829586784306016e-14,10,mixed,42,0.831,0.831,0.831
N_0_0,N_4_9,10,True,35.18750640334389,35.187506403343896,38.13000000000001,2.535899984650314,4.490169999189675,8.391000039409846,bidirectional_a_star,distance,graph_1000,3.47,262,262,262,96,96,96,358,358,358,-2.0193040325601953e-14,10,mixed,42,0.358,0.358,0.358
N_0_0,N_3_35,10,True,118.91098527865645,118.91098527865647,133.20999999999998,19.57350003067404,32.700420008040965,49.5235999696888,bidirectional_a_star,distance,graph_1000,3.47,953,953,953,877,877,877,1830,1830,1830,-1.1950834215947527e-14,10,mixed,42,1.83,1.83,1.83
N_0_0,N_9_9,10,True,76.7,57.30337913185885,76.7,1.3537000049836934,2.051890006987378,2.904099994339049,a_star_active_alt,time,graph_1000,3.47,,,,,,,108,108,108,0.0,10,mixed,42,0.108,0.108,0.108
N_0_0,N_7_26,10,True,167.78000000000003,148.16130608464837,167.78000000000003,8.68359999731183,10.1220199954696,13.38919997215271,a_star_active_alt,time,graph_1000,3.47,,,,,,,434,434,434,0.0,10,mixed,42,0.434,0.434,0.434
N_0_0,N_6_17,10,True,97.05000000000001,76.73254237675977,97.05000000000001,2.6839000056497753,3.77932001138106,5.126300035044551,a_star_active_alt,time,graph_1000,3.47,,,,,,,158,158,158,0.0,10,mixed,42,0.158,0.158,0.158
N_0_0,N_4_9,10,True,53.05,43.71177477561322,53.05,0.8967999601736665,1.1597299948334694,1.6192999901250005,a_star_active_alt,time,graph_1000,3.47,,,,,,,50,50,50,0.0,10,mixed,42,0.05,0.05,0.05
N_0_0,N_3_35,10,True,169.83,154.4113588408451,169.83,6.839699984993786,8.60816000495106,9.80070000514388,a_star_active_alt,time,graph_1000,3.47,,,,,,,369,369,369,0.0,10,mixed,42,0.369,0.369,0.369
N_0_0,N_9_9,10,True,76.7,57.30337913185885,76.7,1.1292000417597592,1.6698900086339563,3.5527999862097204,a_star_departure_alt,time,graph_1000,3.47,,,,,,,115,115,115,0.0,10,mixed,42,0.115,0.115,0.115
N_0_0,N_7_26,10,True,167.78000000000003,148.16130608464837,167.78000000000003,5.389099998865277,7.952269987436011,11.195999977644533,a_star_departure_alt,time,graph_1000,3.47,,,,,,,454,454,454,0.0,10,mixed,42,0.454,0.454,0.454
N_0_0,N_6_17,10,True,97.05000000000001,76.73254237675977,97.05000000000001,1.879099989309907,2.3790599952917546,4.053400014527142,a_star_departure_alt,time,graph_1000,3.47,,,,,,,175,175,175,0.0,10,mixed,42,0.175,0.175,0.175
N_0_0,N_4_9,10,True,53.05,43.71177477561322,53.05,0.6098999874666333,0.8738999953493476,1.213099982123822,a_star_departure_alt,time,graph_1000,3.47,,,,,,,52,52,52,0.0,10,mixed,42,0.052,0.052,0.052
N_0_0,N_3_35,10,True,169.83,154.4113588408451,169.83,4.859100037720054,6.791520019760355,9.68250003643334,a_star_departure_alt,time,graph_1000,3.47,,,,,,,349,349,349,0.0,10,mixed,42,0.349,0.349,0.349
N_0_0,N_9_9,10,True,76.7,57.30337913185885,76.7,0.5877999938093126,0.870129995746538,1.2371999910101295,dijkstra_contracted,time,graph_1000,3.47,,,,,,,159,159,159,0.0,10,mixed,42,0.159,0.159,0.159
N_0_0,N_7_26,10,True,167.78000000000003,148.16130608464837,167.78000000000003,3.257000003941357,3.8820900139398873,4.772900021634996,dijkstra_contracted,time,graph_1000,3.47,,,,,,,805,805,805,0.0,10,mixed,42,0.805,0.805,0.805
N_0_0,N_6_17,10,True,97.05000000000001,76.73254237675977,97.05000000000001,0.8805000106804073,1.1163099959958345,1.5235000173561275,dijkstra_contracted,time,graph_1000,3.47,,,,,,,265,265,265,0.0,10,mixed,42,0.265,0.265,0.265
N_0_0,N_4_9,10,True,53.05,43.71177477561322,53.05,0.28739997651427984,0.3415199927985668,0.6714999908581376,dijkstra_contracted,time,graph_1000,3.47,,,,,,,92,92,92,0.0,10,mixed,42,0.092,0.092,0.092
N_0_0,N_3_35,10,True,169.83,154.4113588408451,169.83,3.028700011782348,4.129760008072481,5.653300031553954,dijkstra_contracted,time,graph_1000,3.47,,,,,,,821,821,821,0.0,10,mixed,42,0.821,0.821,0.821
N_0_0,N_9_9,10,True,76.7,57.30337913185885,76.7,0.8519000257365406,1.7509999976027757,8.863799972459674,a_star_contracted,time,graph_1000,3.47,,,,,,,150,150,150,0.0,10,mixed,42,0.15,0.15,0.15
N_0_0,N_7_26,10,True,167.78000000000003,148.16130608464837,167.78000000000003,4.780700022820383,6.241260009119287,8.339199994225055,a_star_contracted,time,graph_1000,3.47,,,,,,,774,774,774,0.0,10,mixed,42,0.774,0.774,0.774
N_0_0,N_6_17,10,True,97.05000000000001,76.73254237675977,97.05000000000001,1.2444000458344817,1.5831700002308935,2.316800004336983,a_star_contracted,time,graph_1000,3.47,,,,,,,243,243,243,0.0,10,mixed,42,0.243,0.243,0.243
N_0_0,N_4_9,10,True,53.05,43.71177477561322,53.05,0.41259999852627516,0.42292000143788755,0.4468999686650932,a_star_contracted,time,graph_1000,3.47,,,,,,,86,86,86,0.0,10,mixed,42,0.086,0.086,0.086
N_0_0,N_3_35,10,True,169.83,154.4113588408451,169.83,5.580800003372133,7.179590000305325,8.78440000815317,a_star_contracted,time,graph_1000,3.47,,,,,,,789,789,789,0.0,10,mixed,42,0.789,0.789,0.789
N_0_0,N_9_9,10,True,76.7,57.30337913185885,76.7,0.3127999952994287,0.3590600041206926,0.5377000197768211,bidirectional_time_a_star,time,graph_1000,3.47,,,,,,,67,67,67,0.0,10,mixed,42,0.067,0.067,0.067
N_0_0,N_7_26,10,True,167.78000000000003,148.16130608464837,167.78000000000003,1.532800029963255,2.564950002124533,6.567200005520135,bidirectional_time_a_star,time,graph_1000,3.47,,,,,,,274,274,274,0.0,10,mixed,42,0.274,0.274,0.274
N_0_0,N_6_17,10,True,97.05000000000001,76.73254237675977,97.05000000000001,0.5899000097997487,0.8070099982433021,1.3564000255428255,bidirectional_time_a_star,time,graph_1000,3.47,,,,,,,116,116,116,0.0,10,mixed,42,0.116,0.116,0.116
N_0_0,N_4_9,10,True,53.05,43.71177477561322,53.05,0.17799995839595795,0.1847200037445873,0.2166999620385468,bidirectional_time_a_star,time,graph_1000,3.47,,,,,,,38,38,38,0.0,10,mixed,42,0.038,0.038,0.038
N_0_0,N_3_35,10,True,169.83,154.4113588408451,169.83,1.4090000186115503,3.097319998778403,5.378699977882206,bidirectional_time_a_star,time,graph_1000,3.47,,,,,,,231,231,231,0.0,10,mixed,42,0.231,0.231,0.231
N_0_0,N_9_9,10,True,23.729707052934074,23.729707052934074,27.54,0.685499981045723,0.935759989079088,1.483999949414283,dijkstra,distance,graph_1000_stress,5.29,,,,,,,97,97,97,0.0,10,stress,42,0.097,0.097,0.097
N_0_0,N_8_35,10,True,67.91280652691674,67.91280652691674,84.35,6.8289999617263675,9.241809998638928,12.179800018202513,dijkstra,distance,graph_1000_stress,5.29,,,,,,,858,858,858,0.0,10,stress,42,0.858,0.858,0.858
N_0_0,N_7_26,10,True,51.034692215340854,51.034692215340854,55.76,4.763200005982071,5.8841400081291795,7.516700017731637,dijkstra,distance,graph_1000_stress,5.29,,,,,,,550,550,550,0.0,10,stress,42,0.55,0.55,0.55
N_0_0,N_6_17,10,True,33.3345506056968,33.3345506056968,41.31,1.2398000108078122,2.062000019941479,3.1858000438660383,dijkstra,distance,graph_1000_stress,5.29,,,,,,,200,200,200,0.0,10,stress,42,0.2,0.2,0.2
N_0_0,N_4_9,10,True,22.862879783499267,22.862879783499267,27.200000000000003,0.47500000800937414,0.532640004530549,0.589100003708154,dijkstra,distance,graph_1000_stress,5.29,,,,,,,88,88,88,0.0,10,stress,42,0.088,0.088,0.088
N_0_0,N_9_9,10,True,45.800000000000004,27.891373196884444,45.800000000000004,0.519299996085465,0.6210800027474761,0.9944000048562884,dijkstra,time,graph_1000_stress,5.29,,,,,,,106,106,106,0.0,10,stress,42,0.106,0.106,0.106
N_0_0,N_8_35,10,True,130.07000000000002,100.03549719454556,130.07000000000002,7.187800016254187,10.008719994220883,14.351799967698753,dijkstra,time,graph_1000_stress,5.29,,,,,,,911,911,911,0.0,10,stress,42,0.911,0.911,0.911
N_0_0,N_7_26,10,True,84.67000000000002,66.63116433575415,84.67000000000002,2.755999972578138,4.768170003080741,9.984200005419552,dijkstra,time,graph_1000_stress,5.29,,,,,,,428,428,428,0.0,10,stress,42,0.428,0.428,0.428
N_0_0,N_6_17,10,True,65.44999999999999,41.98348742596047,65.44999999999999,1.0658000246621668,3.012420004233718,4.67890000436455,dijkstra,time,graph_1000_stress,5.29,,,,,,,231,231,231,0.0,10,stress,42,0.231,0.231,0.231
N_0_0,N_4_9,10,True,48.480000000000004,29.818412510474133,48.480000000000004,0.5187999922782183,1.2682699947617948,3.200500039383769,dijkstra,time,graph_1000_stress,5.29,,,,,,,119,119,119,0.0,10,stress,42,0.119,0.119,0.119
N_0_0,N_9_9,10,True,23.729707052934074,23.729707052934074,27.54,0.47500000800937414,1.673820015275851,9.08809999236837,bidirectional_dijkstra,distance,graph_1000_stress,5.29,44,44,44,19,19,19,63,63,63,0.0,10,stress,42,0.063,0.063,0.063
N_0_0,N_8_35,10,True,67.91280652691674,67.91280652691674,84.35,6.996000010985881,9.875300014391541,14.041999995242804,bidirectional_dijkstra,distance,graph_1000_stress,5.29,410,410,410,209,209,209,619,619,619,0.0,10,stress,42,0.619,0.619,0.619
N_0_0,N_7_26,10,True,51.03469221534085,51.034692215340854,55.76,3.695000021252781,5.942540004616603,9.50739998370409,bidirectional_dijkstra,distance,graph_1000_stress,5.29,276,276,276,111,111,111,387,387,387,-1.3922739707373282e-14,10,stress,42,0.387,0.387,0.387
N_0_0,N_6_17,10,True,33.334550605696805,33.3345506056968,41.31,1.0803000186569989,1.4497300086077303,2.0084999850951135,bidirectional_dijkstra,distance,graph_1000_stress,5.29,108,108,108,44,44,44,152,152,152,2.1315503669597095e-14,10,stress,42,0.152,0.152,0.152
N_0_0,N_4_9,10,True,22.862879783499267,22.862879783499267,27.200000000000003,0.4282000008970499,0.47920001088641584,0.5981999565847218,bidirectional_dijkstra,distance,graph_1000_stress,5.29,41,41,41,18,18,18,59,59,59,0.0,10,stress,42,0.059,0.059,0.059
N_0_0,N_9_9,10,True,23.729707052934074,23.729707052934074,27.54,0.6099999882280827,0.7865399937145412,1.0863000061362982,a_star,distance,graph_1000_stress,5.29,,,,,,,87,87,87,0.0,10,stress,42,0.087,0.087,0.087
N_0_0,N_8_35,10,True,67.91280652691674,67.91280652691674,84.35,8.600199944339693,11.03612999431789,15.403900004457682,a_star,distance,graph_1000_stress,5.29,,,,,,,828,828,828,0.0,10,stress,42,0.828,0.828,0.828
N_0_0,N_7_26,10,True,51.034692215340854,51.034692215340854,55.76,5.505400011315942,7.564050005748868,10.257099987939,a_star,distance,graph_1000_stress,5.29,,,,,,,486,486,486,0.0,10,stress,42,0.486,0.486,0.486
N_0_0,N_6_17,10,True,33.3345506056968,33.3345506056968,41.31,1.7179999849759042,2.246239990927279,3.565099963452667,a_star,distance,graph_1000_stress,5.29,,,,,,,182,182,182,0.0,10,stress,42,0.182,0.182,0.182
N_0_0,N_4_9,10,True,22.862879783499267,22.862879783499267,27.200000000000003,0.610999995842576,0.7977099914569408,1.3824999914504588,a_star,distance,graph_1000_stress,5.29,,,,,,,77,77,77,0.0,10,stress,42,0.077,0.077,0.077
N_0_0,N_9_9,10,True,45.800000000000004,27.891373196884444,45.800000000000004,1.247700012754649,1.6091900004539639,2.0904999691993,a_star,time,graph_1000_stress,5.29,,,,,,,99,99,99,0.0,10,stress,42,0.099,0.099,0.099
N_0_0,N_8_35,10,True,130.07000000000002,100.03549719454556,130.07000000000002,9.542499959934503,11.080540000693873,12.452599999960512,a_star,time,graph_1000_stress,5.29,,,,,,,880,880,880,0.0,10,stress,42,0.88,0.88,0.88
N_0_0,N_7_26,10,True,84.67000000000002,66.63116433575415,84.67000000000002,2.9286000062711537,5.347280006390065,9.933799970895052,a_star,time,graph_1000_stress,5.29,,,,,,,379,379,379,0.0,10,stress,42,0.379,0.379,0.379
N_0_0,N_6_17,10,True,65.44999999999999,41.98348742596047,65.44999999999999,1.6123999957926571,2.8397199930623174,4.838799999561161,a_star,time,graph_1000_stress,5.29,,,,,,,217,217,217,0.0,10,stress,42,0.217,0.217,0.217
N_0_0,N_4_9,10,True,48.480000000000004,29.818412510474133,48.480000000000004,0.8452000329270959,1.2000400049146265,1.9022999913431704,a_star,time,graph_1000_stress,5.29,,,,,,,113,113,113,0.0,10,stress,42,0.113,0.113,0.113
N_0_0,N_9_9,10,True,23.729707052934074,23.729707052934074,27.54,0.29610004276037216,0.5245899956207722,0.9011999936774373,a_star_alt,distance,graph_1000_stress,5.29,,,,,,,19,19,19,0.0,10,stress,42,0.019,0.019,0.019
N_0_0,N_8_35,10,True,67.91280652691674,67.91280652691674,84.35,3.0804999987594783,4.054709995398298,5.226800043601543,a_star_alt,distance,graph_1000_stress,5.29,,,,,,,171,171,171,0.0,10,stress,42,0.171,0.171,0.171
N_0_0,N_7_26,10,True,51.034692215340854,51.034692215340854,55.76,1.8262999947182834,3.045749996090308,4.961300001014024,a_star_alt,distance,graph_1000_stress,5.29,,,,,,,117,117,117,0.0,10,stress,42,0.117,0.117,0.117
N_0_0,N_6_17,10,True,33.3345506056968,33.3345506056968,41.31,0.5046000005677342,1.0294699866790324,2.034299948718399,a_star_alt,distance,graph_1000_stress,5.29,,,,,,,29,29,29,0.0,10,stress,42,0.029,0.029,0.029
N_0_0,N_4_9,10,True,22.862879783499267,22.862879783499267,27.200000000000003,0.25379995349794626,0.32789999386295676,0.45250001130625606,a_star_alt,distance,graph_1000_stress,5.29,,,,,,,19,19,19,0.0,10,stress,42,0.019,0.019,0.019
N_0_0,N_9_9,10,True,45.800000000000004,27.891373196884444,45.800000000000004,0.7248999900184572,1.623560005100444,2.6270999806001782,a_star_alt,time,graph_1000_stress,5.29,,,,,,,56,56,56,0.0,10,stress,42,0.056,0.056,0.056
N_0_0,N_8_35,10,True,130.07000000000002,100.03549719454556,130.07000000000002,10.15039999037981,14.793269999790937,21.389300003647804,a_star_alt,time,graph_1000_stress,5.29,,,,,,,593,593,593,0.0,10,stress,42,0.593,0.593,0.593
N_0_0,N_7_26,10,True,84.67000000000002,66.63116433575415,84.67000000000002,2.6418999768793583,3.953059989726171,6.2179999658837914,a_star_alt,time,graph_1000_stress,5.29,,,,,,,172,172,172,0.0,10,stress,42,0.172,0.172,0.172
N_0_0,N_6_17,10,True,65.44999999999999,41.98348742596047,65.44999999999999,1.426299975719303,2.2527099994476885,4.227400000672787,a_star_alt,time,graph_1000_stress,5.29,,,,,,,131,131,131,0.0,10,stress,42,0.131,0.131,0.131
N_0_0,N_4_9,10,True,48.480000000000004,29.818412510474133,48.480000000000004,0.8552999934181571,1.3967500010039657,2.6694000116549432,a_star_alt,time,graph_1000_stress,5.29,,,,,,,72,72,72,0.0,10,stress,42,0.072,0.072,0.072
N_0_0,N_9_9,10,True,23.729707052934074,23.729707052934074,27.54,0.590900017414242,1.592420000815764,3.3236999879591167,weighted_a_star,distance,graph_1000_stress,5.29,,,,,,,78,78,78,0.0,10,stress,42,0.078,0.078,0.078
N_0_0,N_8_35,10,True,67.91280652691674,67.91280652691674,84.35,6.8648000014945865,9.611969999969006,17.975200025830418,weighted_a_star,distance,graph_1000_stress,5.29,,,,,,,821,821,821,0.0,10,stress,42,0.821,0.821,0.821
N_0_0,N_7_26,10,True,51.034692215340854,51.034692215340854,55.76,3.7620000075548887,4.506979999132454,5.290700006298721,weighted_a_star,distance,graph_1000_stress,5.29,,,,,,,473,473,473,0.0,10,stress,42,0.473,0.473,0.473
N_0_0,N_6_17,10,True,33.3345506056968,33.3345506056968,41.31,1.1153000523336232,1.2863100040704012,1.7164000310003757,weighted_a_star,distance,graph_1000_stress,5.29,,,,,,,172,172,172,0.0,10,stress,42,0.172,0.172,0.172
N_0_0,N_4_9,10,True,22.862879783499267,22.862879783499267,27.200000000000003,0.47289999201893806,0.6363899912685156,1.0565000120550394,weighted_a_star,distance,graph_1000_stress,5.29,,,,,,,74,74,74,0.0,10,stress,42,0.074,0.074,0.074
N_0_0,N_9_9,10,True,45.800000000000004,27.891373196884444,45.800000000000004,0.7553000468760729,1.2041400012094527,1.750199997331947,weighted_a_star,time,graph_1000_stress,5.29,,,,,,,97,97,97,0.0,10,stress,42,0.097,0.097,0.097
N_0_0,N_8_35,10,True,130.07000000000002,100.03549719454556,130.07000000000002,8.50460003130138,10.945240000728518,14.861700008623302,weighted_a_star,time,graph_1000_stress,5.29,,,,,,,872,872,872,0.0,10,stress,42,0.872,0.872,0.872
N_0_0,N_7_26,10,True,84.67000000000002,66.63116433575415,84.67000000000002,2.993999980390072,4.675339994719252,5.778499995358288,weighted_a_star,time,graph_1000_stress,5.29,,,,,,,369,369,369,0.0,10,stress,42,0.369,0.369,0.369
N_0_0,N_6_17,10,True,65.44999999999999,41.98348742596047,65.44999999999999,1.6524999518878758,2.33890000381507,4.115600022487342,weighted_a_star,time,graph_1000_stress,5.29,,,,,,,214,214,214,0.0,10,stress,42,0.214,0.214,0.214
N_0_0,N_4_9,10,True,48.480000000000004,29.818412510474133,48.480000000000004,0.8455999777652323,1.0370200092438608,1.7539000255055726,weighted_a_star,time,graph_1000_stress,5.29,,,,,,,110,110,110,0.0,10,stress,42,0.11,0.11,0.11
N_0_0,N_9_9,10,True,23.72970705293407,23.729707052934074,27.54,3.603600023780018,5.237980012316257,7.038900046609342,bidirectional_a_star,distance,graph_1000_stress,5.29,313,313,313,96,96,96,409,409,409,-1.497158675779448e-14,10,stress,42,0.409,0.409,0.409
N_0_0,N_8_35,10,True,67.91280652691673,67.91280652691674,84.35,31.255299982149154,36.691789980977774,47.182399954181165,bidirectional_a_star,distance,graph_1000_stress,5.29,950,950,950,857,857,857,1807,1807,1807,-2.0925147173191315e-14,10,stress,42,1.807,1.807,1.807
N_0_0,N_7_26,10,True,51.03469221534085,51.034692215340854,55.76,27.45989995310083,33.58858000137843,39.02279998874292,bidirectional_a_star,distance,graph_1000_stress,5.29,960,960,960,549,549,549,1509,1509,1509,-1.3922739707373282e-14,10,stress,42,1.509,1.509,1.509
N_0_0,N_6_17,10,True,33.3345506056968,33.3345506056968,41.31,10.267800011206418,13.089520006906241,17.04910001717508,bidirectional_a_star,distance,graph_1000_stress,5.29,584,584,584,199,199,199,783,783,783,0.0,10,stress,42,0.783,0.783,0.783
N_0_0,N_4_9,10,True,22.862879783499263,22.862879783499267,27.200000000000003,4.093699972145259,6.898320000618696,10.37140004336834,bidirectional_a_star,distance,graph_1000_stress,5.29,287,287,287,87,87,87,374,374,374,-1.553922214717932e-14,10,stress,42,0.374,0.374,0.374
N_0_0,N_9_9,10,True,45.800000000000004,27.891373196884444,45.800000000000004,0.6060999585315585,0.7550699985586107,1.6066000098362565,a_star_active_alt,time,graph_1000_stress,5.29,,,,,,,57,57,57,0.0,10,stress,42,0.057,0.057,0.057
N_0_0,N_8_35,10,True,130.07000000000002,100.03549719454556,130.07000000000002,9.008400025777519,13.52794001577422,16.429900017101318,a_star_active_alt,time,graph_1000_stress,5.29,,,,,,,618,618,618,0.0,10,stress,42,0.618,0.618,0.618
N_0_0,N_7_26,10,True,84.67000000000002,66.63116433575415,84.67000000000002,2.2336000110954046,4.237839998677373,7.106199976988137,a_star_active_alt,time,graph_1000_stress,5.29,,,,,,,175,175,175,0.0,10,stress,42,0.175,0.175,0.175
N_0_0,N_6_17,10,True,65.44999999999999,41.98348742596047,65.44999999999999,1.4399999636225402,2.9981300001963973,5.322400014847517,a_star_active_alt,time,graph_1000_stress,5.29,,,,,,,141,141,141,0.0,10,stress,42,0.141,0.141,0.141
N_0_0,N_4_9,10,True,48.480000000000004,29.818412510474133,48.480000000000004,1.2823999859392643,2.038430003449321,2.891200012527406,a_star_active_alt,time,graph_1000_stress,5.29,,,,,,,72,72,72,0.0,10,stress,42,0.072,0.072,0.072
N_0_0,N_9_9,10,True,45.800000000000004,27.891373196884444,45.800000000000004,1.2821999844163656,1.7743299948051572,2.445699996314943,a_star_departure_alt,time,graph_1000_stress,5.29,,,,,,,56,56,56,0.0,10,stress,42,0.056,0.056,0.056
N_0_0,N_8_35,10,True,130.07000000000002,100.03549719454556,130.07000000000002,13.852800009772182,16.261020000092685,18.04009999614209,a_star_departure_alt,time,graph_1000_stress,5.29,,,,,,,593,593,593,0.0,10,stress,42,0.593,0.593,0.593
N_0_0,N_7_26,10,True,84.67000000000002,66.63116433575415,84.67000000000002,2.3105000145733356,4.361210000934079,6.7202000063844025,a_star_departure_alt,time,graph_1000_stress,5.29,,,,,,,172,172,172,0.0,10,stress,42,0.172,0.172,0.172
N_0_0,N_6_17,10,True,65.44999999999999,41.98348742596047,65.44999999999999,1.2920000008307397,2.2143099922686815,3.1024999916553497,a_star_departure_alt,time,graph_1000_stress,5.29,,,,,,,131,131,131,0.0,10,stress,42,0.131,0.131,0.131
N_0_0,N_4_9,10,True,48.480000000000004,29.818412510474133,48.480000000000004,0.7418000022880733,0.84762999904342,1.1547000030986965,a_star_departure_alt,time,graph_1000_stress,5.29,,,,,,,72,72,72,0.0,10,stress,42,0.072,0.072,0.072
N_0_0,N_9_9,10,True,45.800000000000004,27.891373196884444,45.800000000000004,0.5670000100508332,0.7748299976810813,0.9681999799795449,dijkstra_contracted,time,graph_1000_stress,5.29,,,,,,,106,106,106,0.0,10,stress,42,0.106,0.106,0.106
N_0_0,N_8_35,10,True,130.07000000000002,100.03549719454556,130.07000000000002,7.723999966401607,9.348449995741248,11.80089998524636,dijkstra_contracted,time,graph_1000_stress,5.29,,,,,,,911,911,911,0.0,10,stress,42,0.911,0.911,0.911
N_0_0,N_7_26,10,True,84.67000000000002,66.63116433575415,84.67000000000002,2.2463000495918095,3.18065999308601,5.083800002466887,dijkstra_contracted,time,graph_1000_stress,5.29,,,,,,,428,428,428,0.0,10,stress,42,0.428,0.428,0.428
N_0_0,N_6_17,10,True,65.44999999999999,41.98348742596047,65.44999999999999,1.0864000068977475,1.3563000014983118,1.97199999820441,dijkstra_contracted,time,graph_1000_stress,5.29,,,,,,,231,231,231,0.0,10,stress,42,0.231,0.231,0.231
N_0_0,N_4_9,10,True,48.480000000000004,29.818412510474133,48.480000000000004,0.5478000384755433,0.6431099958717823,0.9899999713525176,dijkstra_contracted,time,graph_1000_stress,5.29,,,,,,,119,119,119,0.0,10,stress,42,0.119,0.119,0.119
N_0_0,N_9_9,10,True,45.800000000000004,27.891373196884444,45.800000000000004,0.6012999801896513,2.038529998390004,14.68999998178333,a_star_contracted,time,graph_1000_stress,5.29,,,,,,,99,99,99,0.0,10,stress,42,0.099,0.099,0.099
N_0_0,N_8_35,10,True,130.07000000000002,100.03549719454556,130.07000000000002,8.415799995418638,12.311430007684976,23.171300010289997,a_star_contracted,time,graph_1000_stress,5.29,,,,,,,880,880,880,0.0,10,stress,42,0.88,0.88,0.88
N_0_0,N_7_26,10,True,84.67000000000002,66.63116433575415,84.67000000000002,6.379000027664006,8.983820007415488,11.054800008423626,a_star_contracted,time,graph_1000_stress,5.29,,,,,,,379,379,379,0.0,10,stress,42,0.379,0.379,0.379
N_0_0,N_6_17,10,True,65.44999999999999,41.98348742596047,65.44999999999999,2.6799000333994627,3.5834699985571206,4.68200002796948,a_star_contracted,time,graph_1000_stress,5.29,,,,,,,217,217,217,0.0,10,stress,42,0.217,0.217,0.217
N_0_0,N_4_9,10,True,48.480000000000004,29.818412510474133,48.480000000000004,1.1987999896518886,1.7366399930324405,2.435099973808974,a_star_contracted,time,graph_1000_stress,5.29,,,,,,,113,113,113,0.0,10,stress,42,0.113,0.113,0.113
N_0_0,N_9_9,10,True,45.800000000000004,27.891373196884444,45.800000000000004,0.43430004734545946,0.5943900032434613,0.8623999892733991,bidirectional_time_a_star,time,graph_1000_stress,5.29,,,,,,,35,35,35,0.0,10,stress,42,0.035,0.035,0.035
N_0_0,N_8_35,10,True,130.07000000000002,100.03549719454556,130.07000000000002,6.332600023597479,8.542100002523512,10.732199996709824,bidirectional_time_a_star,time,graph_1000_stress,5.29,,,,,,,481,481,481,0.0,10,stress,42,0.481,0.481,0.481
N_0_0,N_7_26,10,True,84.67000000000002,66.63116433575415,84.67000000000002,1.7120999982580543,2.102379989810288,2.3527999874204397,bidirectional_time_a_star,time,graph_1000_stress,5.29,,,,,,,131,131,131,0.0,10,stress,42,0.131,0.131,0.131
N_0_0,N_6_17,10,True,65.44999999999999,41.98348742596047,65.44999999999999,0.9091999963857234,1.2321900110691786,1.8272000015713274,bidirectional_time_a_star,time,graph_1000_stress,5.29,,,,,,,79,79,79,0.0,10,stress,42,0.079,0.079,0.079
N_0_0,N_4_9,10,True,48.480000000000004,29.818412510474133,48.480000000000004,0.40980003541335464,0.4581499961204827,0.5611000233329833,bidirectional_time_a_star,time,graph_1000_stress,5.29,,,,,,,37,37,37,0.0,10,stress,42,0.037,0.037,0.037
N_0_0,N_9_99,10,True,364.70272029436677,364.70272029436677,371.92,31.28559998003766,43.28999999561347,73.65949999075383,dijkstra,distance,graph_5000,3.46,,,,,,,4588,4588,4588,0.0,10,mixed,42,0.9176,0.9176,0.9176
N_0_0,N_7_53,10,True,181.92256659112144,181.92256659112144,191.58000000000004,14.042099996004254,17.497550003463402,21.17939997697249,dijkstra,distance,graph_5000,3.46,,,,,,,1723,1723,1723,0.0,10,mixed,42,0.3446,0.3446,0.3446
N_0_0,N_4_99,10,True,346.046398332055,346.046398332055,351.04999999999995,49.37930003507063,59.467050002422184,68.80339997587726,dijkstra,distance,graph_5000,3.46,,,,,,,4379,4379,4379,0.0,10,mixed,42,0.8758,0.8758,0.8758
N_0_0,N_48_53,10,True,263.20531084280213,263.20531084280213,240.93999999999997,30.202199995983392,34.51960998936556,43.445799965411425,dijkstra,distance,graph_5000,3.46,,,,,,,3148,3148,3148,0.0,10,mixed,42,0.6296,0.6296,0.6296
N_0_0,N_45_99,10,True,406.016163682926,406.016163682926,406.23,28.327799984253943,40.074319986160845,51.74149997765198,dijkstra,distance,graph_5000,3.46,,,,,,,4866,4866,4866,0.0,10,mixed,42,0.9732,0.9732,0.9732
N_0_0,N_9_99,10,True,419.5299999999999,392.22326651278695,419.5299999999999,26.408799982164055,35.86812999565154,44.339400017634034,dijkstra,time,graph_5000,3.46,,,,,,,4574,4574,4574,0.0,10,mixed,42,0.9148,0.9148,0.9148
N_0_0,N_7_53,10,True,229.68999999999997,204.3907571999845,229.68999999999997,10.002399969380349,12.806350010214373,14.064600050915033,dijkstra,time,graph_5000,3.46,,,,,,,1778,1778,1778,0.0,10,mixed,42,0.3556,0.3556,0.3556
N_0_0,N_4_99,10,True,408.83,395.8912643185798,408.83,32.39060001214966,42.43805001024157,60.876699979417026,dijkstra,time,graph_5000,3.46,,,,,,,4470,4470,4470,0.0,10,mixed,42,0.894,0.894,0.894
N_0_0,N_48_53,10,True,305.71999999999997,271.07176097686136,305.71999999999997,21.073499985504895,26.663469994673505,30.59390000998974,dijkstra,time,graph_5000,3.46,,,,,,,3071,3071,3071,0.0,10,mixed,42,0.6142,0.6142,0.6142
N_0_0,N_45_99,10,True,463.78,468.0171154603361,463.78,44.53110002214089,57.09187000175007,69.48910001665354,dijkstra,time,graph_5000,3.46,,,,,,,4889,4889,4889,0.0,10,mixed,42,0.9778,0.9778,0.9778
N_0_0,N_9_99,10,True,364.7027202943668,364.70272029436677,371.92,34.434700035490096,53.087269997922704,81.04289998300374,bidirectional_dijkstra,distance,graph_5000,3.46,2293,2293,2293,1734,1734,1734,4027,4027,4027,1.5586233855049758e-14,10,mixed,42,0.8054,0.8054,0.8054
N_0_0,N_7_53,10,True,181.92256659112138,181.92256659112144,191.58000000000004,22.743600013200194,26.057190005667508,31.67980001308024,bidirectional_dijkstra,distance,graph_5000,3.46,2055,2055,2055,404,404,404,2459,2459,2459,-3.124594157060568e-14,10,mixed,42,0.4918,0.4918,0.4918
N_0_0,N_4_99,10,True,346.046398332055,346.046398332055,351.04999999999995,32.60899998713285,33.78463998087682,35.91849998338148,bidirectional_dijkstra,distance,graph_5000,3.46,2282,2282,2282,1532,1532,1532,3814,3814,3814,0.0,10,mixed,42,0.7628,0.7628,0.7628
N_0_0,N_48_53,10,True,263.2053108428022,263.20531084280213,240.93999999999997,21.26409998163581,24.52328000217676,29.291699989698827,bidirectional_dijkstra,distance,graph_5000,3.46,2028,2028,2028,812,812,812,2840,2840,2840,2.159660786432893e-14,10,mixed,42,0.568,0.568,0.568
N_0_0,N_45_99,10,True,406.01616368292594,406.016163682926,406.23,33.33130001556128,34.98666000668891,36.41020000213757,bidirectional_dijkstra,distance,graph_5000,3.46,2343,2343,2343,2106,2106,2106,4449,4449,4449,-1.400028470423145e-14,10,mixed,42,0.8898,0.8898,0.8898
N_0_0,N_9_99,10,True,364.70272029436677,364.70272029436677,371.92,31.780900026205927,32.933530007721856,34.246399998664856,a_star,distance,graph_5000,3.46,,,,,,,4506,4506,4506,0.0,10,mixed,42,0.9012,0.9012,0.9012
N_0_0,N_7_53,10,True,181.92256659112144,181.92256659112144,191.58000000000004,10.31049998709932,11.738890007836744,12.718999991193414,a_star,distance,graph_5000,3.46,,,,,,,1577,1577,1577,0.0,10,mixed,42,0.3154,0.3154,0.3154
N_0_0,N_4_99,10,True,346.046398332055,346.046398332055,351.04999999999995,29.819699993822724,35.34627001499757,41.24200000660494,a_star,distance,graph_5000,3.46,,,,,,,4290,4290,4290,0.0,10,mixed,42,0.858,0.858,0.858
N_0_0,N_48_53,10,True,263.20531084280213,263.20531084280213,240.93999999999997,24.285999999847263,38.105210004141554,62.96179996570572,a_star,distance,graph_5000,3.46,,,,,,,3089,3089,3089,0.0,10,mixed,42,0.6178,0.6178,0.6178
N_0_0,N_45_99,10,True,406.016163682926,406.016163682926,406.23,43.29399997368455,64.82605000492185,85.24530002614483,a_star,distance,graph_5000,3.46,,,,,,,4858,4858,4858,0.0,10,mixed,42,0.9716,0.9716,0.9716
N_0_0,N_9_99,10,True,419.5299999999999,392.22326651278695,419.5299999999999,48.30589995253831,54.85060999635607,64.34720003744587,a_star,time,graph_5000,3.46,,,,,,,4479,4479,4479,0.0,10,mixed,42,0.8958,0.8958,0.8958
N_0_0,N_7_53,10,True,229.68999999999997,204.3907571999845,229.68999999999997,13.81579996086657,17.64478998957202,24.8896999983117,a_star,time,graph_5000,3.46,,,,,,,1546,1546,1546,0.0,10,mixed,42,0.3092,0.3092,0.3092
N_0_0,N_4_99,10,True,408.83,395.8912643185798,408.83,43.81220001960173,52.31110000167973,62.4068999895826,a_star,time,graph_5000,3.46,,,,,,,4351,4351,4351,0.0,10,mixed,42,0.8702,0.8702,0.8702
N_0_0,N_48_53,10,True,305.71999999999997,271.07176097686136,305.71999999999997,21.452800021506846,28.550820000236854,35.67349998047575,a_star,time,graph_5000,3.46,,,,,,,2935,2935,2935,0.0,10,mixed,42,0.587,0.587,0.587
N_0_0,N_45_99,10,True,463.78,468.0171154603361,463.78,42.737399984616786,59.42480999510735,88.39719998650253,a_star,time,graph_5000,3.46,,,,,,,4880,4880,4880,0.0,10,mixed,42,0.976,0.976,0.976
N_0_0,N_9_99,10,True,364.70272029436677,364.70272029436677,371.92,13.451899983920157,17.475490004289895,22.137599997222424,a_star_alt,distance,graph_5000,3.46,,,,,,,1256,1256,1256,0.0,10,mixed,42,0.2512,0.2512,0.2512
N_0_0,N_7_53,10,True,181.92256659112144,181.92256659112144,191.58000000000004,4.142199992202222,6.650200003059581,8.085800043772906,a_star_alt,distance,graph_5000,3.46,,,,,,,264,264,264,0.0,10,mixed,42,0.0528,0.0528,0.0528
N_0_0,N_4_99,10,True,346.046398332055,346.046398332055,351.04999999999995,21.052399999462068,27.533939998829737,45.09410000173375,a_star_alt,distance,graph_5000,3.46,,,,,,,1014,1014,1014,0.0,10,mixed,42,0.2028,0.2028,0.2028
N_0_0,N_48_53,10,True,263.20531084280213,263.20531084280213,240.93999999999997,2.030800038482994,3.0415300105232745,4.104199993889779,a_star_alt,distance,graph_5000,3.46,,,,,,,58,58,58,0.0,10,mixed,42,0.0116,0.0116,0.0116
N_0_0,N_45_99,10,True,406.016163682926,406.016163682926,406.23,2.1733000176027417,4.288500017719343,6.366599991451949,a_star_alt,distance,graph_5000,3.46,,,,,,,96,96,96,0.0,10,mixed,42,0.0192,0.0192,0.0192
N_0_0,N_9_99,10,True,419.5299999999999,392.22326651278695,419.5299999999999,36.7481000139378,41.98246000451036,52.5150999892503,a_star_alt,time,graph_5000,3.46,,,,,,,2266,2266,2266,0.0,10,mixed,42,0.4532,0.4532,0.4532
N_0_0,N_7_53,10,True,229.68999999999997,204.3907571999845,229.68999999999997,8.341499953530729,11.913099995581433,16.077699954621494,a_star_alt,time,graph_5000,3.46,,,,,,,565,565,565,0.0,10,mixed,42,0.113,0.113,0.113
N_0_0,N_4_99,10,True,408.83,395.8912643185798,408.83,24.1012999904342,31.953139998950064,42.830799997318536,a_star_alt,time,graph_5000,3.46,,,,,,,1891,1891,1891,0.0,10,mixed,42,0.3782,0.3782,0.3782
N_0_0,N_48_53,10,True,305.71999999999997,271.07176097686136,305.71999999999997,23.179000010713935,29.62600000319071,47.281900013331324,a_star_alt,time,graph_5000,3.46,,,,,,,1086,1086,1086,0.0,10,mixed,42,0.2172,0.2172,0.2172
N_0_0,N_45_99,10,True,463.78,468.0171154603361,463.78,40.886999981012195,56.65914999553934,89.85200000461191,a_star_alt,time,graph_5000,3.46,,,,,,,2578,2578,2578,0.0,10,mixed,42,0.5156,0.5156,0.5156
N_0_0,N_9_99,10,True,364.70272029436677,364.70272029436677,371.92,43.079599970951676,59.74820000119507,74.18100000359118,weighted_a_star,distance,graph_5000,3.46,,,,,,,4496,4496,4496,0.0,10,mixed,42,0.8992,0.8992,0.8992
N_0_0,N_7_53,10,True,181.92256659112144,181.92256659112144,191.58000000000004,15.702700009569526,17.57480000378564,24.266699969302863,weighted_a_star,distance,graph_5000,3.46,,,,,,,1544,1544,1544,0.0,10,mixed,42,0.3088,0.3088,0.3088
N_0_0,N_4_99,10,True,346.046398332055,346.046398332055,351.04999999999995,44.746699975803494,52.14405000442639,57.39689996698871,weighted_a_star,distance,graph_5000,3.46,,,,,,,4270,4270,4270,0.0,10,mixed,42,0.854,0.854,0.854
N_0_0,N_48_53,10,True,263.20531084280213,263.20531084280213,240.93999999999997,22.204399982001632,28.44551999005489,43.79349999362603,weighted_a_star,distance,graph_5000,3.46,,,,,,,3073,3073,3073,0.0,10,mixed,42,0.6146,0.6146,0.6146
N_0_0,N_45_99,10,True,406.016163682926,406.016163682926,406.23,40.44359998079017,51.351130002876744,90.72209999430925,weighted_a_star,distance,graph_5000,3.46,,,,,,,4858,4858,4858,0.0,10,mixed,42,0.9716,0.9716,0.9716
N_0_0,N_9_99,10,True,419.5299999999999,392.22326651278695,419.5299999999999,48.98599995067343,56.27224998897873,81.15290000569075,weighted_a_star,time,graph_5000,3.46,,,,,,,4458,4458,4458,0.0,10,mixed,42,0.8916,0.8916,0.8916
N_0_0,N_7_53,10,True,229.68999999999997,204.3907571999845,229.68999999999997,15.958800038788468,19.14055000524968,22.241099970415235,weighted_a_star,time,graph_5000,3.46,,,,,,,1500,1500,1500,0.0,10,mixed,42,0.3,0.3,0.3
N_0_0,N_4_99,10,True,408.83,395.8912643185798,408.83,33.96279999287799,50.36668999819085,63.88349999906495,weighted_a_star,time,graph_5000,3.46,,,,,,,4315,4315,4315,0.0,10,mixed,42,0.863,0.863,0.863
N_0_0,N_48_53,10,True,305.71999999999997,271.07176097686136,305.71999999999997,26.014500006567687,37.955319992033765,48.293599975295365,weighted_a_star,time,graph_5000,3.46,,,,,,,2891,2891,2891,0.0,10,mixed,42,0.5782,0.5782,0.5782
N_0_0,N_45_99,10,True,463.78,468.0171154603361,463.78,34.9928000359796,46.85572002781555,54.55470003653318,weighted_a_star,time,graph_5000,3.46,,,,,,,4878,4878,4878,0.0,10,mixed,42,0.9756,0.9756,0.9756
N_0_0,N_9_99,10,True,364.70272029436677,364.70272029436677,371.92,125.15460001304746,162.3038999910932,216.12880000611767,bidirectional_a_star,distance,graph_5000,3.46,4993,4993,4993,4587,4587,4587,9580,9580,9580,0.0,10,mixed,42,1.916,1.916,1.916
N_0_0,N_7_53,10,True,181.92256659112132,181.92256659112144,191.58000000000004,109.58059999393299,140.76458000345156,172.90979996323586,bidirectional_a_star,distance,graph_5000,3.46,4985,4985,4985,1722,1722,1722,6707,6707,6707,-6.249188314121136e-14,10,mixed,42,1.3414,1.3414,1.3414
N_0_0,N_4_99,10,True,346.04639833205493,346.046398332055,351.04999999999995,161.49420000147074,175.2223499934189,198.3728000195697,bidirectional_a_star,distance,graph_5000,3.46,4993,4993,4993,4378,4378,4378,9371,9371,9371,-1.6426530989715114e-14,10,mixed,42,1.8742,1.8742,1.8742
N_0_0,N_48_53,10,True,263.205310842802,263.20531084280213,240.93999999999997,140.45419998001307,168.49189000204206,190.2235999586992,bidirectional_a_star,distance,graph_5000,3.46,4981,4981,4981,3147,3147,3147,8128,8128,8128,-4.319321572865786e-14,10,mixed,42,1.6256,1.6256,1.6256
N_0_0,N_45_99,10,True,406.01616368292594,406.016163682926,406.23,167.51969995675609,207.13211000547744,292.4809000105597,bidirectional_a_star,distance,graph_5000,3.46,4991,4991,4991,4865,4865,4865,9856,9856,9856,-1.400028470423145e-14,10,mixed,42,1.9712,1.9712,1.9712
N_0_0,N_9_99,10,True,419.5299999999999,392.22326651278695,419.5299999999999,49.22040004748851,58.82067999918945,72.92099995538592,a_star_active_alt,time,graph_5000,3.46,,,,,,,2532,2532,2532,0.0,10,mixed,42,0.5064,0.5064,0.5064
N_0_0,N_7_53,10,True,229.68999999999997,204.3907571999845,229.68999999999997,12.270199949853122,15.297099994495511,17.63109996682033,a_star_active_alt,time,graph_5000,3.46,,,,,,,587,587,587,0.0,10,mixed,42,0.1174,0.1174,0.1174
N_0_0,N_4_99,10,True,408.83,395.8912643185798,408.83,36.815700004808605,41.61187999998219,47.92219999944791,a_star_active_alt,time,graph_5000,3.46,,,,,,,1926,1926,1926,0.0,10,mixed,42,0.3852,0.3852,0.3852
N_0_0,N_48_53,10,True,305.71999999999997,271.07176097686136,305.71999999999997,15.744200034532696,18.70768999797292,25.997199991252273,a_star_active_alt,time,graph_5000,3.46,,,,,,,749,749,749,0.0,10,mixed,42,0.1498,0.1498,0.1498
N_0_0,N_45_99,10,True,463.78,468.0171154603361,463.78,62.573099974542856,69.33222999214195,82.62649999232963,a_star_active_alt,time,graph_5000,3.46,,,,,,,2578,2578,2578,0.0,10,mixed,42,0.5156,0.5156,0.5156
N_0_0,N_9_99,10,True,419.5299999999999,392.22326651278695,419.5299999999999,57.768300001043826,68.44375000218861,72.70439999410883,a_star_departure_alt,time,graph_5000,3.46,,,,,,,2266,2266,2266,0.0,10,mixed,42,0.4532,0.4532,0.4532
N_0_0,N_7_53,10,True,229.68999999999997,204.3907571999845,229.68999999999997,15.22790000308305,16.678669990506023,17.55089999642223,a_star_departure_alt,time,graph_5000,3.46,,,,,,,565,565,565,0.0,10,mixed,42,0.113,0.113,0.113
N_0_0,N_4_99,10,True,408.83,395.8912643185798,408.83,41.21029999805614,43.834590003825724,49.03190000914037,a_star_departure_alt,time,graph_5000,3.46,,,,,,,1891,1891,1891,0.0,10,mixed,42,0.3782,0.3782,0.3782
N_0_0,N_48_53,10,True,305.71999999999997,271.07176097686136,305.71999999999997,24.104899959638715,30.34892998985015,35.74919997481629,a_star_departure_alt,time,graph_5000,3.46,,,,,,,1086,1086,1086,0.0,10,mixed,42,0.2172,0.2172,0.2172
N_0_0,N_45_99,10,True,463.78,468.0171154603361,463.78,69.4499000092037,75.4699699988123,81.14179997937754,a_star_departure_alt,time,graph_5000,3.46,,,,,,,2578,2578,2578,0.0,10,mixed,42,0.5156,0.5156,0.5156
N_0_0,N_9_99,10,True,419.5299999999999,392.22326651278695,419.5299999999999,43.57370000798255,48.97223000880331,61.06000003637746,dijkstra_contracted,time,graph_5000,3.46,,,,,,,4574,4574,4574,0.0,10,mixed,42,0.9148,0.9148,0.9148
N_0_0,N_7_53,10,True,229.68999999999997,204.3907571999845,229.68999999999997,16.191900009289384,17.498660006094724,19.22219997504726,dijkstra_contracted,time,graph_5000,3.46,,,,,,,1778,1778,1778,0.0,10,mixed,42,0.3556,0.3556,0.3556
N_0_0,N_4_99,10,True,408.83,395.8912643185798,408.83,44.99180003767833,49.066669994499534,54.68549998477101,dijkstra_contracted,time,graph_5000,3.46,,,,,,,4470,4470,4470,0.0,10,mixed,42,0.894,0.894,0.894
N_0_0,N_48_53,10,True,305.71999999999997,271.07176097686136,305.71999999999997,26.5458999783732,32.21341999596916,35.836399998515844,dijkstra_contracted,time,graph_5000,3.46,,,,,,,3071,3071,3071,0.0,10,mixed,42,0.6142,0.6142,0.6142
N_0_0,N_45_99,10,True,463.78,468.0171154603361,463.78,46.982300002127886,57.781120005529374,70.25749998865649,dijkstra_contracted,time,graph_5000,3.46,,,,,,,4889,4889,4889,0.0,10,mixed,42,0.9778,0.9778,0.9778
N_0_0,N_9_99,10,True,419.5299999999999,392.22326651278695,419.5299999999999,55.980100005399436,73.49950999487191,152.10800000932068,a_star_contracted,time,graph_5000,3.46,,,,,,,4479,4479,4479,0.0,10,mixed,42,0.8958,0.8958,0.8958
N_0_0,N_7_53,10,True,229.68999999999997,204.3907571999845,229.68999999999997,18.940399982966483,22.56686999462545,26.84499998576939,a_star_contracted,time,graph_5000,3.46,,,,,,,1546,1546,1546,0.0,10,mixed,42,0.3092,0.3092,0.3092
N_0_0,N_4_99,10,True,408.83,395.8912643185798,408.83,53.338399971835315,60.361589991953224,69.43689996842295,a_star_contracted,time,graph_5000,3.46,,,,,,,4351,4351,4351,0.0,10,mixed,42,0.8702,0.8702,0.8702
N_0_0,N_48_53,10,True,305.71999999999997,271.07176097686136,305.71999999999997,36.202199989929795,40.83217999432236,48.037500004284084,a_star_contracted,time,graph_5000,3.46,,,,,,,2935,2935,2935,0.0,10,mixed,42,0.587,0.587,0.587
N_0_0,N_45_99,10,True,463.78,468.0171154603361,463.78,61.166000028606504,68.06959999375977,78.31559999613091,a_star_contracted,time,graph_5000,3.46,,,,,,,4880,4880,4880,0.0,10,mixed,42,0.976,0.976,0.976
N_0_0,N_9_99,10,True,419.5299999999999,392.22326651278695,419.5299999999999,17.70670001860708,22.829590016044676,27.61260000988841,bidirectional_time_a_star,time,graph_5000,3.46,,,,,,,1513,1513,1513,0.0,10,mixed,42,0.3026,0.3026,0.3026
N_0_0,N_7_53,10,True,229.68999999999997,204.3907571999845,229.68999999999997,1.833299989812076,3.522220003651455,5.5315999779850245,bidirectional_time_a_star,time,graph_5000,3.46,,,,,,,327,327,327,0.0,10,mixed,42,0.0654,0.0654,0.0654
N_0_0,N_4_99,10,True,408.83,395.8912643185798,408.83,20.112199999857694,24.40183000289835,30.07189999334514,bidirectional_time_a_star,time,graph_5000,3.46,,,,,,,1330,1330,1330,0.0,10,mixed,42,0.266,0.266,0.266
N_0_0,N_48_53,10,True,305.71999999999997,271.07176097686136,305.71999999999997,5.606200022157282,8.219520008424297,9.525100002065301,bidirectional_time_a_star,time,graph_5000,3.46,,,,,,,476,476,476,0.0,10,mixed,42,0.0952,0.0952,0.0952
N_0_0,N_45_99,10,True,463.78,468.0171154603361,463.78,45.35369999939576,53.85586000629701,62.5255000195466,bidirectional_time_a_star,time,graph_5000,3.46,,,,,,,2578,2578,2578,0.0,10,mixed,42,0.5156,0.5156,0.5156
